name,datetime,temp,feelslike,dew,humidity,precip,precipprob,preciptype,snow,snowdepth,windgust,windspeed,winddir,sealevelpressure,cloudcover,visibility,solarradiation,solarenergy,uvindex,severerisk,conditions,icon,stations
New york,2025-03-24T00:00:00,42.2,35.8,29.6,60.69,0,0,,0,0,25.3,11.5,178,1020.2,100,9.9,0,0,0,,Overcast,cloudy,"72505394728,KJFK,KLGA,74486094789,F8726,KNYC,72503014732"
New york,2025-03-24T01:00:00,42.6,36,30.2,61.3,0,0,,0,0,16.1,12,175,1019.6,100,9.9,0,0,0,,Overcast,cloudy,"72505394728,KJFK,KLGA,74486094789,F8726,KNYC,72503014732"
New york,2025-03-24T02:00:00,42.5,36.7,30.3,61.69,0,0,,0,0,24.2,10.2,136,1019.9,95.8,9.9,0,0,0,,Overcast,cloudy,"72505394728,KJFK,KLGA,74486094789,F8726,KNYC,72503014732"
New york,2025-03-24T03:00:00,42.7,36.4,30.7,62.28,0,0,,0,0,17.4,11.6,166,1019.1,100,9.9,0,0,0,,Overcast,cloudy,"72505394728,KJFK,KLGA,74486094789,F8726,KNYC,72503014732"
New york,2025-03-24T04:00:00,40.5,33.3,32.9,73.91,0.015,100,rain,0,0,21,12.7,146,1017.5,100,9.9,0,0,0,,"Rain, Overcast",rain,"72505394728,KJFK,KLGA,74486094789,F8726,KNYC,72503014732"
New york,2025-03-24T05:00:00,39.8,33,32.1,73.69,0.001,100,rain,0,0,21.4,11.1,154,1016.9,100,9.9,0,0,0,,"Rain, Overcast",rain,"72505394728,KJFK,KLGA,F8726,KNYC,72503014732"
New york,2025-03-24T06:00:00,39.5,32.1,33.4,78.55,0.018,100,rain,0,0,24.7,12.3,158,1016.9,100,8,0,0,0,,"Rain, Overcast",rain,"72505394728,KJFK,KLGA,74486094789,F8726,KNYC,72503014732"
New york,2025-03-24T07:00:00,39.1,31.3,33.5,80.29,0.038,100,rain,0,0,26.9,13.2,142,1015.8,100,7.9,2,0,0,,"Rain, Overcast",rain,"72505394728,KJFK,KLGA,74486094789,F8726,KNYC,72503014732"
New york,2025-03-24T08:00:00,40.1,32.3,35.2,82.67,0.011,100,rain,0,0,27.9,13.8,140,1014.5,100,7.6,41,0.1,0,,"Rain, Overcast",rain,"72505394728,KJFK,KLGA,74486094789,F8726,KNYC,72503014732"
New york,2025-03-24T09:00:00,41.2,34.7,36.4,82.93,0.012,100,rain,0,0,24.5,11.2,130,1013,100,8,53,0.2,1,,"Rain, Overcast",rain,"72505394728,KJFK,KLGA,74486094789,F8726,KNYC,72503014732"
New york,2025-03-24T10:00:00,42.7,37.4,37.8,82.66,0.017,100,rain,0,0,21.2,9,130,1012.3,100,6.1,53,0.2,1,,"Rain, Overcast",rain,"72505394728,KJFK,KLGA,74486094789,F8726,KNYC,72503014732"
New york,2025-03-24T11:00:00,43.7,40.6,39.9,86.39,0.058,100,rain,0,0,18.8,5.3,111,1011.5,100,4,73,0.3,1,,"Rain, Overcast",rain,"72505394728,KJFK,KLGA,74486094789,F8726,KNYC,72503014732"
New york,2025-03-24T12:00:00,45.9,41.6,41.6,84.92,0.061,100,rain,0,0,18.6,8.2,159,1009.6,100,5.8,140,0.5,1,,"Rain, Overcast",rain,"72505394728,KJFK,KLGA,74486094789,F8726,KNYC,72503014732"
New york,2025-03-24T13:00:00,47.2,43.2,44,88.69,0.027,100,rain,0,0,18.3,8.3,190,1008.4,100,4,82,0.3,1,,"Rain, Overcast",rain,"72505394728,KJFK,KLGA,74486094789,F8726,KNYC,72503014732"
New york,2025-03-24T14:00:00,47.4,46.6,45.2,91.95,0.076,100,rain,0,0,17.4,3.2,234,1007,100,2.3,72,0.3,1,,"Rain, Overcast",rain,"72505394728,KJFK,KLGA,74486094789,F8726,KNYC,72503014732"
New york,2025-03-24T15:00:00,47,46.1,44.1,89.58,0.073,100,rain,0,0,11.9,3.1,337,1006.4,100,2,62,0.2,1,,"Rain, Overcast",rain,"72505394728,KJFK,KLGA,F8726,KNYC,72503014732"
New york,2025-03-24T16:00:00,46.9,45.4,43.8,89.14,0.052,100,rain,0,0,11.2,3.8,286,1006.4,100,1.5,35,0.1,0,,"Rain, Overcast",rain,"72505394728,KJFK,KLGA,74486094789,F8726,KNYC,72503014732"
New york,2025-03-24T17:00:00,47,47,44.1,89.46,0.069,100,rain,0,0,11,2.7,46,1005.5,94.8,4.5,66,0.2,1,,"Rain, Overcast",rain,"72505394728,KJFK,KLGA,F8726,KNYC,72503014732"
New york,2025-03-24T18:00:00,48.2,45.9,45.1,89.21,0.004,100,rain,0,0,11.9,5.2,300,1006,88.8,6.9,102,0.4,1,,"Rain, Partially cloudy",rain,"72505394728,KJFK,KLGA,F8726,KNYC,72503014732"
New york,2025-03-24T19:00:00,50,50,45.4,83.87,0,0,,0,0,17.2,6.6,262,1006.5,93.1,7.1,3,0,0,,Overcast,cloudy,"72505394728,KJFK,KLGA,74486094789,F8726,KNYC,72503014732"
New york,2025-03-24T20:00:00,49.5,47.3,44.6,83.13,0,0,,0,0,11.4,5.7,276,1006.8,88.9,9.7,0,0,0,,Partially cloudy,partly-cloudy-night,"72505394728,KJFK,KLGA,74486094789,F8726,KNYC,72503014732"
New york,2025-03-24T21:00:00,48.6,45.7,43.8,83.34,0,0,,0,0,11,6.8,255,1007.6,54.9,9.2,0,0,0,,Partially cloudy,partly-cloudy-night,"72505394728,KJFK,KLGA,74486094789,F8726,KNYC,72503014732"
New york,2025-03-24T22:00:00,49.5,44.8,44.1,81.54,0,0,,0,0,12.1,12.1,240,1008.2,88.9,8.9,0,0,0,,Partially cloudy,partly-cloudy-night,"72505394728,KJFK,KLGA,74486094789,F8726,KNYC,72503014732"
New york,2025-03-24T23:00:00,49.2,47,44.6,84.2,0,0,,0,0,12.3,5.3,219,1008.5,54.9,7.5,0,0,0,,Partially cloudy,partly-cloudy-night,"72505394728,KJFK,KLGA,74486094789,F8726,KNYC,72503014732"
New york,2025-03-25T00:00:00,48.8,45.6,44.6,85.28,0,0,,0,0,11.6,7.2,223,1008.4,59.6,7.4,0,0,0,,Partially cloudy,partly-cloudy-night,"72505394728,KJFK,KLGA,74486094789,F8726,KNYC,72503014732"
New york,2025-03-25T01:00:00,49,45.6,45,85.98,0,0,,0,0,14.1,7.9,236,1008.9,61.8,7,0,0,0,,Partially cloudy,partly-cloudy-night,"72505394728,KJFK,KLGA,74486094789,F8726,KNYC,72503014732"
New york,2025-03-25T02:00:00,50.1,50.1,42.9,76.27,0,0,,0,0,21.9,10.3,256,1009.3,61.8,8.3,0,0,0,,Partially cloudy,partly-cloudy-night,"72505394728,KJFK,KLGA,74486094789,F8726,KNYC,72503014732"
New york,2025-03-25T03:00:00,48.5,43.7,38.3,67.73,0,0,,0,0,29.3,11.3,283,1009.7,59.6,9.7,0,0,0,,Partially cloudy,partly-cloudy-night,"72505394728,KJFK,KLGA,74486094789,F8726,KNYC,72503014732"
New york,2025-03-25T04:00:00,48.3,44.6,35,59.85,0,0,,0,0,14.5,8.2,301,1009.9,59.6,9.9,0,0,0,,Partially cloudy,partly-cloudy-night,"72505394728,KJFK,KLGA,74486094789,F8726,KNYC,72503014732"
New york,2025-03-25T05:00:00,47.8,46,34.7,60.26,0,0,,0,0,11.9,4.3,320,1010.2,61.8,9.9,0,0,0,,Partially cloudy,partly-cloudy-night,"72505394728,KJFK,KLGA,74486094789,F8726,KNYC,72503014732"
New york,2025-03-25T06:00:00,48.3,44.1,30.4,49.77,0,0,,0,0,8.7,9.5,292,1010.6,61.8,9.9,0,0,0,,Partially cloudy,partly-cloudy-night,"72505394728,KJFK,KLGA,74486094789,F8726,KNYC,72503014732"
New york,2025-03-25T07:00:00,47.6,43.5,26,42.63,0,0,,0,0,16.1,8.8,274,1011.5,54.9,9.9,13,0,0,,Partially cloudy,partly-cloudy-day,"72505394728,KJFK,KLGA,74486094789,F8726,KNYC,72503014732"
New york,2025-03-25T08:00:00,48,43.7,26.7,43.36,0,0,,0,0,23,9.4,273,1012.2,54.9,9.9,165,0.6,2,,Partially cloudy,partly-cloudy-day,"72505394728,KJFK,KLGA,74486094789,F8726,KNYC,72503014732"
New york,2025-03-25T09:00:00,49.2,43.7,25.5,39.34,0,0,,0,0,24.5,14.6,263,1012.4,54.9,9.9,398,1.4,4,,Partially cloudy,partly-cloudy-day,"72505394728,KJFK,KLGA,74486094789,F8726,KNYC,72503014732"
New york,2025-03-25T10:00:00,51.1,51.1,24.6,35.37,0,0,,0,0,29.1,18.9,260,1012.4,47.4,9.9,491,1.8,5,,Partially cloudy,partly-cloudy-day,"72505394728,KJFK,KLGA,74486094789,F8726,KNYC,72503014732"
New york,2025-03-25T11:00:00,52.1,52.1,24.4,33.84,0,0,,0,0,34.1,20,266,1012.3,30.9,9.9,663,2.4,7,,Partially cloudy,partly-cloudy-day,"72505394728,KJFK,KLGA,74486094789,F8726,KNYC,72503014732"
New york,2025-03-25T12:00:00,54,54,23.9,30.8,0,0,,0,0,33.7,15.8,245,1011.8,26.5,9.9,766,2.8,8,,Partially cloudy,partly-cloudy-day,"72505394728,KJFK,KLGA,74486094789,F8726,KNYC,72503014732"
New york,2025-03-25T13:00:00,55.4,55.4,23.9,29.28,0,0,,0,0,29.2,15.7,248,1011.4,27.2,9.9,794,2.9,8,,Partially cloudy,partly-cloudy-day,"72505394728,KJFK,KLGA,74486094789,F8726,KNYC,72503014732"
New york,2025-03-25T14:00:00,56.6,56.6,23.6,27.73,0,0,,0,0,30.6,18.6,244,1010.9,27.2,9.9,594,2.1,6,,Partially cloudy,partly-cloudy-day,"72505394728,KJFK,KLGA,74486094789,F8726,KNYC,72503014732"
New york,2025-03-25T15:00:00,57.3,57.3,21.5,24.75,0,0,,0,0,28.2,15.3,257,1010.2,53.6,9.9,164,0.6,2,,Partially cloudy,partly-cloudy-day,"72505394728,KJFK,KLGA,74486094789,F8726,KNYC,72503014732"
New york,2025-03-25T16:00:00,57.7,57.7,21,23.83,0,0,,0,0,28.5,13,245,1010.2,41.3,9.9,393,1.4,4,,Partially cloudy,partly-cloudy-day,"72505394728,KJFK,KLGA,74486094789,F8726,KNYC,72503014732"
New york,2025-03-25T17:00:00,57.7,57.7,20.6,23.49,0,0,,0,0,24,12.5,237,1010.2,50,9.9,197,0.7,2,,Partially cloudy,partly-cloudy-day,"72505394728,KJFK,KLGA,74486094789,F8726,KNYC,72503014732"
New york,2025-03-25T18:00:00,58,58,19.2,21.87,0,0,,0,0,26.4,15.8,258,1010.8,50,9.9,97,0.3,1,,Partially cloudy,partly-cloudy-day,"72505394728,KJFK,KLGA,74486094789,F8726,KNYC,72503014732"
New york,2025-03-25T19:00:00,56.6,56.6,18.9,22.71,0,0,,0,0,15,8.2,262,1011.5,38.3,9.9,7,0,0,,Partially cloudy,partly-cloudy-day,"72505394728,KJFK,KLGA,74486094789,F8726,KNYC,72503014732"
New york,2025-03-25T20:00:00,55.7,55.7,18.9,23.46,0,0,,0,0,8.7,6.8,285,1012.4,30.9,9.9,0,0,0,,Partially cloudy,partly-cloudy-night,"72505394728,KJFK,KLGA,74486094789,F8726,KNYC,72503014732"
New york,2025-03-25T21:00:00,54.9,54.9,19.1,24.37,0,0,,0,0,6.9,6.3,261,1013.3,54.9,9.9,0,0,0,,Partially cloudy,partly-cloudy-night,"72505394728,KJFK,KLGA,74486094789,F8726,KNYC,72503014732"
New york,2025-03-25T22:00:00,53.1,53.1,19.7,26.71,0,0,,0,0,5.1,5.1,246,1013.7,70.6,9.9,0,0,0,,Partially cloudy,partly-cloudy-night,"72505394728,KJFK,KLGA,74486094789,F8726,KNYC,72503014732"
New york,2025-03-25T23:00:00,53.2,53.2,20.6,27.58,0,0,,0,0,5.4,8.4,279,1013.8,97.9,9.9,0,0,0,,Overcast,cloudy,"72505394728,KJFK,KLGA,74486094789,F8726,KNYC,72503014732"
New york,2025-03-26T00:00:00,53.7,53.7,20.9,27.48,0,0,,0,0,18.3,10.4,257,1014,100,9.9,0,0,0,,Overcast,cloudy,"72505394728,KJFK,KLGA,74486094789,F8726,KNYC,72503014732"
New york,2025-03-26T01:00:00,50.3,50.3,22.7,33.67,0,0,,0,0,12.1,5.6,352,1014.6,100,9.9,0,0,0,,Overcast,cloudy,"72505394728,KJFK,KLGA,74486094789,F8726,KNYC,72503014732"
New york,2025-03-26T02:00:00,49.1,46.4,25.1,38.76,0,0,,0,0,12.3,6.5,16,1014.6,95.2,9.9,0,0,0,,Overcast,cloudy,"72505394728,KJFK,KLGA,74486094789,F8726,KNYC,72503014732"
New york,2025-03-26T03:00:00,46.1,42.2,24,41.44,0,0,,0,0,20.8,7.6,32,1015,93.1,9.9,0,0,0,,Overcast,cloudy,"72505394728,KJFK,KLGA,74486094789,F8726,KNYC,72503014732"
New york,2025-03-26T04:00:00,44.2,39.6,23.1,42.9,0,0,,0,0,21.9,8.3,10,1014.7,38.3,9.9,0,0,0,,Partially cloudy,partly-cloudy-night,"72505394728,KJFK,KLGA,74486094789,F8726,KNYC,72503014732"
New york,2025-03-26T05:00:00,43.1,38,23.1,44.86,0,0,,0,0,17.2,8.7,10,1015.1,47.4,9.9,0,0,0,,Partially cloudy,partly-cloudy-night,"72505394728,KJFK,KLGA,74486094789,F8726,KNYC,72503014732"
New york,2025-03-26T06:00:00,41.9,36.1,24,48.83,0,0,,0,0,15.2,9.6,20,1015.4,65.3,9.9,0,0,0,,Partially cloudy,partly-cloudy-night,"72505394728,KJFK,KLGA,74486094789,F8726,KNYC,72503014732"
New york,2025-03-26T07:00:00,41.2,36.3,24,50.12,0,0,,0,0,13.4,7.6,28,1016,54.9,9.9,7,0,0,,Partially cloudy,partly-cloudy-day,"72505394728,KJFK,KLGA,74486094789,F8726,KNYC,72503014732"
New york,2025-03-26T08:00:00,41.7,38.2,24.2,49.61,0,0,,0,0,12.1,5.4,38,1016,93.1,9.9,72,0.3,1,,Overcast,cloudy,"72505394728,KJFK,KLGA,74486094789,F8726,KNYC,72503014732"
New york,2025-03-26T09:00:00,44,41.1,24.2,45.3,0,0,,0,0,10.3,5.1,48,1016.1,88.9,9.9,161,0.6,2,,Partially cloudy,partly-cloudy-day,"72505394728,KJFK,KLGA,74486094789,F8726,KNYC,72503014732"
New york,2025-03-26T10:00:00,45,41.1,22.6,40.87,0,0,,0,0,10.5,7.2,323,1016.7,93.1,9.9,411,1.5,4,,Overcast,cloudy,"72505394728,KJFK,KLGA,74486094789,F8726,KNYC,72503014732"
New york,2025-03-26T11:00:00,46.9,43.3,20.6,34.96,0,0,,0,0,18.3,7.2,317,1016.6,97.9,9.9,524,1.9,5,,Overcast,cloudy,"72505394728,KJFK,KLGA,74486094789,F8726,KNYC,72503014732"
New york,2025-03-26T12:00:00,47.9,44,22.9,37.18,0,0,,0,0,20.8,8.4,280,1016.3,95.2,9.9,623,2.2,6,,Overcast,cloudy,"72505394728,KJFK,KLGA,74486094789,F8726,KNYC,72503014732"
New york,2025-03-26T13:00:00,50,46.7,22.6,33.91,0,0,,0,0,17.8,8.1,212,1015.7,48.8,9.9,508,1.8,5,,Partially cloudy,partly-cloudy-day,"72505394728,KJFK,KLGA,74486094789,F8726,KNYC,72503014732"
New york,2025-03-26T14:00:00,48.4,42.4,25.1,40.01,0,0,,0,0,16.6,15.4,238,1015.6,93.1,9.9,208,0.7,2,,Overcast,cloudy,"72505394728,KJFK,KLGA,74486094789,F8726,KNYC,72503014732"
New york,2025-03-26T15:00:00,47.6,42.7,27.8,45.96,0,0,,0,0,27.4,11,257,1015.4,95.2,9.6,358,1.3,4,,Overcast,cloudy,"72505394728,KJFK,KLGA,74486094789,F8726,KNYC,72503014732"
New york,2025-03-26T16:00:00,47.5,42.6,27.8,45.94,0.002,100,rain,0,0,32.2,11.3,292,1015.1,93.1,9.9,145,0.5,1,,"Rain, Overcast",rain,"72505394728,KJFK,KLGA,74486094789,F8726,KNYC,72503014732"
New york,2025-03-26T17:00:00,46.8,42,26.9,45.52,0,0,,0,0,27.5,10.3,298,1015.5,93.1,9.9,138,0.5,1,,Overcast,cloudy,"72505394728,KJFK,KLGA,74486094789,F8726,KNYC,72503014732"
New york,2025-03-26T18:00:00,47.4,41,20.2,33.77,0,0,,0,0,30.5,16,311,1016.1,74,9.9,69,0.2,1,,Partially cloudy,partly-cloudy-day,"72505394728,KJFK,KLGA,74486094789,F8726,KNYC,72503014732"
New york,2025-03-26T19:00:00,46.4,39.3,21.8,37.48,0,0,,0,0,27.3,18,300,1017.1,88.9,9.9,6,0,0,,Partially cloudy,partly-cloudy-day,"KJFK,KLGA,74486094789,F8726,72503014732"
New york,2025-03-26T20:00:00,43.9,35.5,21,39.68,0,0,,0,0,30.6,20.8,310,1018.3,77.2,9.9,0,0,0,,Partially cloudy,partly-cloudy-night,"KJFK,KLGA,74486094789,F8726,KNYC,72503014732"
New york,2025-03-26T21:00:00,42.5,34.2,22.5,44.79,0,0,,0,0,28.1,18,310,1019.7,88.9,9.9,0,0,0,,Partially cloudy,partly-cloudy-night,"72505394728,KJFK,KLGA,74486094789,F8726,KNYC,72503014732"
New york,2025-03-26T22:00:00,42.4,34.8,22.6,44.93,0,0,,0,0,19.9,15.7,317,1020.3,62,9.9,0,0,0,,Partially cloudy,partly-cloudy-night,"KJFK,KLGA,74486094789,F8726,72503014732"
New york,2025-03-26T23:00:00,40.5,33.1,22.6,48.57,0,0,,0,0,23,13.2,313,1020.8,34.2,9.9,0,0,0,,Partially cloudy,partly-cloudy-night,"KJFK,KLGA,74486094789,F8726,KNYC,72503014732"
New york,2025-03-27T00:00:00,39.2,30.9,21.9,49.54,0,0,,0,0,18.1,14.9,309,1021.4,50,9.9,0,0,0,,Partially cloudy,partly-cloudy-night,"KJFK,KLGA,74486094789,F8726,KNYC,72503014732"
New york,2025-03-27T01:00:00,38.5,30.8,21.6,50.29,0,0,,0,0,23,12.4,323,1021.4,34.2,9.9,0,0,0,,Partially cloudy,partly-cloudy-night,"KJFK,KLGA,74486094789,F8726,KNYC,72503014732"
New york,2025-03-27T02:00:00,37.4,28.9,21.2,51.58,0,0,,0,0,23,13.9,313,1021.5,15.5,9.9,0,0,0,,Clear,clear-night,"KJFK,KLGA,74486094789,F8726,KNYC,72503014732"
New york,2025-03-27T03:00:00,37.2,28.3,20.5,50.53,0,0,,0,0,25.3,14.9,317,1021.5,27.1,9.9,0,0,0,,Partially cloudy,partly-cloudy-night,"KJFK,KLGA,74486094789,F8726,KNYC,72503014732"
New york,2025-03-27T04:00:00,36.7,28.4,20.7,51.93,0,0,,0,0,15.2,12.8,306,1021.3,27.1,9.9,0,0,0,,Partially cloudy,partly-cloudy-night,"KJFK,KLGA,74486094789,F8726,KNYC,72503014732"
New york,2025-03-27T05:00:00,35.4,26.1,19.8,52.67,0,0,,0,0,15.9,14.6,310,1021.8,8.4,9.9,0,0,0,,Clear,clear-night,"KJFK,KLGA,74486094789,F8726,KNYC,72503014732"
New york,2025-03-27T06:00:00,35.4,26.4,20,53.15,0,0,,0,0,20.8,13.9,300,1022.3,27.1,9.9,0,0,0,,Partially cloudy,partly-cloudy-night,"KJFK,KLGA,74486094789,F8726,KNYC,72503014732"
New york,2025-03-27T07:00:00,35.4,27.5,19,50.83,0,0,,0,0,23,11.1,283,1022.9,8.4,9.9,17,0.1,0,,Clear,clear-day,"KJFK,KLGA,74486094789,F8726,KNYC,72503014732"
New york,2025-03-27T08:00:00,35.7,26.6,18.1,48.41,0,0,,0,0,26.3,14.3,300,1023.5,27.1,9.9,149,0.5,1,,Partially cloudy,partly-cloudy-day,"KJFK,KLGA,74486094789,F8726,KNYC,72503014732"
New york,2025-03-27T09:00:00,36.7,27.7,16.6,43.56,0,0,,0,0,24.2,14.9,294,1023.7,3.7,9.9,342,1.2,3,,Clear,clear-day,"72505394728,KJFK,KLGA,F8726,KNYC,72503014732"
New york,2025-03-27T10:00:00,39,30.8,14.5,36.32,0,0,,0,0,25.6,14.1,300,1024.4,5.2,9.9,529,1.9,5,,Clear,clear-day,"72505394728,KJFK,KLGA,74486094789,F8726,KNYC,72503014732"
New york,2025-03-27T11:00:00,40.9,33.7,12,30.16,0,0,,0,0,22.4,13,296,1024.2,16.8,9.9,697,2.5,7,,Clear,clear-day,"72505394728,KJFK,KLGA,74486094789,F8726,KNYC,72503014732"
New york,2025-03-27T12:00:00,43.8,36.8,12.2,27.32,0,0,,0,0,23.5,14.7,292,1023.8,16.8,9.9,787,2.8,8,,Clear,clear-day,"72505394728,KJFK,KLGA,74486094789,F8726,KNYC,72503014732"
New york,2025-03-27T13:00:00,45.8,40.6,11.8,24.84,0,0,,0,0,27.9,10.5,317,1023.1,16.8,9.9,796,2.9,8,,Clear,clear-day,"72505394728,KJFK,KLGA,74486094789,F8726,KNYC,72503014732"
New york,2025-03-27T14:00:00,48.3,41.9,11.2,22.05,0,0,,0,0,25.1,17.6,307,1022.7,16.8,9.9,760,2.7,8,,Clear,clear-day,"72505394728,KJFK,KLGA,74486094789,F8726,KNYC,72503014732"
New york,2025-03-27T15:00:00,49.9,45.2,11.1,20.64,0,0,,0,0,27.8,12.2,300,1022,16.8,9.9,632,2.3,6,,Clear,clear-day,"72505394728,KJFK,KLGA,74486094789,F8726,KNYC,72503014732"
New york,2025-03-27T16:00:00,51.5,51.5,9.7,18.27,0,0,,0,0,28.2,13.1,285,1021.5,11.6,9.9,450,1.6,5,,Clear,clear-day,"72505394728,KJFK,KLGA,74486094789,F8726,KNYC,72503014732"
New york,2025-03-27T17:00:00,51.9,51.9,10.2,18.48,0,0,,0,0,21.1,12.3,304,1021.5,16.8,9.9,258,0.9,3,,Clear,clear-day,"72505394728,KJFK,KLGA,74486094789,F8726,KNYC,72503014732"
New york,2025-03-27T18:00:00,51.9,51.9,5.7,15.05,0,0,,0,0,21.9,14.5,289,1021.7,16.8,9.9,87,0.3,1,,Clear,clear-day,"72505394728,KJFK,KLGA,74486094789,F8726,KNYC,72503014732"
New york,2025-03-27T19:00:00,51.3,51.3,6.6,15.99,0,0,,0,0,17,10.7,291,1022,16.8,9.9,11,0,0,,Clear,clear-day,"72505394728,KJFK,KLGA,74486094789,F8726,KNYC,72503014732"
New york,2025-03-27T20:00:00,50,50,11.6,21.03,0,0,,0,0,13.2,9.7,276,1022.4,16.8,9.9,0,0,0,,Clear,clear-night,"72505394728,KJFK,KLGA,74486094789,F8726,KNYC,72503014732"
New york,2025-03-27T21:00:00,50.3,50.3,12.4,21.55,0,0,,0,0,12.8,9.2,250,1023.1,16.8,9.9,0,0,0,,Clear,clear-night,"72505394728,KJFK,KLGA,74486094789,F8726,KNYC,72503014732"
New york,2025-03-27T22:00:00,48.4,45.8,13.7,24.52,0,0,,0,0,14.5,5.9,262,1023.1,16.8,9.9,0,0,0,,Clear,clear-night,"72505394728,KJFK,KLGA,74486094789,F8726,KNYC,72503014732"
New york,2025-03-27T23:00:00,47.6,43.6,13.9,25.52,0,0,,0,0,15.7,8.5,218,1023.1,16.8,9.9,0,0,0,,Clear,clear-night,"72505394728,KJFK,KLGA,74486094789,F8726,KNYC,72503014732"
New york,2025-03-28T00:00:00,47.6,43.5,15.4,27.23,0,0,,0,0,16.8,8.8,217,1022.5,21.1,9.9,0,0,0,,Partially cloudy,partly-cloudy-night,"72505394728,KJFK,KLGA,74486094789,F8726,KNYC,72503014732"
New york,2025-03-28T01:00:00,47,43,17.3,30.22,0,0,,0,0,17.7,8.3,213,1022.1,21.1,9.9,0,0,0,,Partially cloudy,partly-cloudy-night,"72505394728,KJFK,KLGA,74486094789,F8726,KNYC,72503014732"
New york,2025-03-28T02:00:00,47.2,42.8,18.8,31.92,0,0,,0,0,18.6,9.2,220,1021.7,93.1,9.9,0,0,0,,Overcast,cloudy,"72505394728,KJFK,KLGA,74486094789,F8726,KNYC,72503014732"
New york,2025-03-28T03:00:00,47.4,42.9,18.8,31.72,0,0,,0,0,22.4,9.7,212,1021.5,93.1,9.9,0,0,0,,Overcast,cloudy,"72505394728,KJFK,KLGA,74486094789,F8726,KNYC,72503014732"
New york,2025-03-28T04:00:00,47.6,42.7,20.7,34.19,0,0,,0,0,29.3,11,216,1021,93.1,9.9,0,0,0,,Overcast,cloudy,"72505394728,KJFK,KLGA,74486094789,F8726,KNYC,72503014732"
New york,2025-03-28T05:00:00,47.8,43.3,22.4,36.54,0,0,,0,0,21,9.9,226,1021.4,95.2,9.9,0,0,0,,Overcast,cloudy,"72505394728,KJFK,KLGA,74486094789,F8726,KNYC,72503014732"
New york,2025-03-28T06:00:00,47.2,41.9,24,39.77,0,0,,0,0,20.8,12.1,229,1021.8,93.1,9.9,0,0,0,,Overcast,cloudy,"72505394728,KJFK,KLGA,74486094789,F8726,KNYC,72503014732"
New york,2025-03-28T07:00:00,46.7,42.8,26.2,44.6,0,0,,0,0,17,7.9,243,1022.3,54.9,9.9,15,0.1,0,,Partially cloudy,partly-cloudy-day,"72505394728,KJFK,KLGA,74486094789,F8726,KNYC,72503014732"
New york,2025-03-28T08:00:00,48.3,44.6,26.6,42.64,0,0,,0,0,15,8.1,261,1022.9,54.9,9.9,126,0.5,1,,Partially cloudy,partly-cloudy-day,"72505394728,KJFK,KLGA,74486094789,F8726,KNYC,72503014732"
New york,2025-03-28T09:00:00,49,45.8,26.4,41.2,0,0,,0,0,12.8,7.4,250,1023.3,54.9,9.9,221,0.8,2,,Partially cloudy,partly-cloudy-day,"72505394728,KJFK,KLGA,74486094789,F8726,KNYC,72503014732"
New york,2025-03-28T10:00:00,52.3,52.3,26.1,35.93,0,0,,0,0,11.9,6.9,307,1023.8,54.9,9.9,556,2,6,,Partially cloudy,partly-cloudy-day,"72505394728,KJFK,KLGA,74486094789,F8726,KNYC,72503014732"
New york,2025-03-28T11:00:00,55.3,55.3,27,33.51,0,0,,0,0,10.7,6.6,297,1023.3,54.9,9.9,649,2.3,6,,Partially cloudy,partly-cloudy-day,"72505394728,KJFK,KLGA,74486094789,F8726,KNYC,72503014732"
New york,2025-03-28T12:00:00,58.5,58.5,25.7,28.28,0,0,,0,0,11,6.1,267,1022.6,54.9,9.9,473,1.7,5,,Partially cloudy,partly-cloudy-day,"72505394728,KJFK,KLGA,74486094789,F8726,KNYC,72503014732"
New york,2025-03-28T13:00:00,58.5,58.5,25.1,27.52,0,0,,0,0,12.1,8.3,254,1021.9,93.1,9.9,673,2.4,7,,Overcast,cloudy,"72505394728,KJFK,KLGA,74486094789,F8726,KNYC,72503014732"
New york,2025-03-28T14:00:00,60.3,60.3,27.6,28.62,0,0,,0,0,12.3,9.5,247,1021.4,93.1,9.9,644,2.3,6,,Overcast,cloudy,"72505394728,KJFK,KLGA,74486094789,F8726,KNYC,72503014732"
New york,2025-03-28T15:00:00,61.5,61.5,27.8,27.67,0,0,,0,0,14.1,9.4,235,1020.5,88.9,9.9,250,0.9,3,,Partially cloudy,partly-cloudy-day,"72505394728,KJFK,KLGA,74486094789,F8726,KNYC,72503014732"
New york,2025-03-28T16:00:00,62,62,29.2,28.82,0,0,,0,0,17.2,9.9,232,1019.5,93.1,9.9,113,0.4,1,,Overcast,cloudy,"72505394728,KJFK,KLGA,74486094789,F8726,KNYC,72503014732"
New york,2025-03-28T17:00:00,59.3,59.3,30,32.73,0,0,,0,0,9.6,10.3,187,1018.8,93.1,9.9,162,0.6,2,,Overcast,cloudy,"72505394728,KJFK,KLGA,74486094789,F8726,KNYC,72503014732"
New york,2025-03-28T18:00:00,57.2,57.2,31.8,38.06,0,0,,0,0,21.9,11.3,167,1018.6,94.4,9.9,55,0.2,1,,Overcast,cloudy,"72505394728,KJFK,KLGA,74486094789,F8726,KNYC,72503014732"
New york,2025-03-28T19:00:00,55.3,55.3,34.8,45.9,0,0,,0,0,9.2,8.6,162,1018,94.4,9.9,5,0,0,,Overcast,cloudy,"72505394728,KJFK,KLGA,74486094789,F8726,KNYC,72503014732"
New york,2025-03-28T20:00:00,53.6,53.6,37.6,54.59,0,0,,0,0,9.4,4.1,122,1018.1,99.2,9.9,0,0,0,,Overcast,cloudy,"72505394728,KJFK,KLGA,74486094789,F8726,KNYC,72503014732"
New york,2025-03-28T21:00:00,53.3,53.3,41.1,63.21,0.013,100,rain,0,0,10.1,6.2,209,1018.5,100,9.9,0,0,0,,"Rain, Overcast",rain,"72505394728,KJFK,KLGA,74486094789,F8726,KNYC,72503014732"
New york,2025-03-28T22:00:00,54.5,54.5,43,65.11,0.007,100,rain,0,0,11.2,4.4,201,1017.3,100,9.9,0,0,0,,"Rain, Overcast",rain,"72505394728,KJFK,KLGA,74486094789,F8726,KNYC,72503014732"
New york,2025-03-28T23:00:00,55.1,55.1,42.9,63.31,0,0,,0,0,16.1,0.9,36,1016.5,97.9,9.9,0,0,0,,Overcast,cloudy,"72505394728,KJFK,KLGA,74486094789,F8726,KNYC,72503014732"
New york,2025-03-29T00:00:00,54.8,54.8,43.9,66.61,0.002,100,rain,0,0,16.1,1.8,309,1016.2,100,9.5,0,0,0,,"Rain, Overcast",rain,"72505394728,KJFK,KLGA,74486094789,F8726,KNYC,72503014732"
New york,2025-03-29T01:00:00,53,53,45,74.13,0.007,100,rain,0,0,18.8,3.6,49,1015.5,95.8,9.9,0,0,0,,"Rain, Overcast",rain,"72505394728,KJFK,KLGA,74486094789,F8726,KNYC,72503014732"
New york,2025-03-29T02:00:00,53,53,44,71.37,0.001,100,rain,0,0,20.1,1.4,70,1015.3,100,9.9,0,0,0,,"Rain, Overcast",rain,"72505394728,KJFK,KLGA,74486094789,F8726,KNYC,72503014732"
New york,2025-03-29T03:00:00,52.9,52.9,42.9,68.55,0.001,100,rain,0,0,14.8,1.3,0,1014.5,97.9,9.9,0,0,0,,"Rain, Overcast",rain,"72505394728,KJFK,KLGA,74486094789,F8726,KNYC,72503014732"
New york,2025-03-29T04:00:00,51.9,51.9,42.9,71.17,0,0,,0,0,11,1.1,45,1013.4,74,9.9,0,0,0,,Partially cloudy,partly-cloudy-night,"72505394728,KJFK,KLGA,74486094789,F8726,KNYC,72503014732"
New york,2025-03-29T05:00:00,54.6,54.6,44.1,67.53,0,0,,0,0,15.2,5.1,196,1013.1,54.9,9.9,0,0,0,,Partially cloudy,partly-cloudy-night,"72505394728,KJFK,KLGA,74486094789,F8726,KNYC,72503014732"
New york,2025-03-29T06:00:00,57.5,57.5,45,63.05,0,0,,0,0,20.1,8.5,220,1012.9,54.9,9.9,0,0,0,,Partially cloudy,partly-cloudy-night,"72505394728,KJFK,KLGA,74486094789,F8726,KNYC,72503014732"
New york,2025-03-29T07:00:00,58.9,58.9,43.8,57.25,0,0,,0,0,26.7,12.8,236,1013.2,54.9,9.9,18,0.1,0,,Partially cloudy,partly-cloudy-day,"72505394728,KJFK,KLGA,74486094789,F8726,KNYC,72503014732"
New york,2025-03-29T08:00:00,60.2,60.2,44,55.07,0,0,,0,0,21.5,11.9,244,1013.7,74,9.9,93,0.3,1,,Partially cloudy,partly-cloudy-day,"72505394728,KJFK,KLGA,74486094789,F8726,KNYC,72503014732"
New york,2025-03-29T09:00:00,62.6,62.6,44,50.6,0,0,,0,0,31.1,14.2,246,1013.9,74,9.9,184,0.7,2,,Partially cloudy,partly-cloudy-day,"72505394728,KJFK,KLGA,74486094789,F8726,KNYC,72503014732"
New york,2025-03-29T10:00:00,65,65,43.6,45.79,0,0,,0,0,29.8,11.2,246,1014.3,65.3,9.9,525,1.9,5,,Partially cloudy,partly-cloudy-day,"72505394728,KJFK,KLGA,74486094789,F8726,KNYC,72503014732"
New york,2025-03-29T11:00:00,69.9,69.9,44.6,40.26,0,0,,0,0,20.8,14.9,239,1014.4,54.9,9.9,738,2.7,7,,Partially cloudy,partly-cloudy-day,"72505394728,KJFK,KLGA,74486094789,F8726,KNYC,72503014732"
New york,2025-03-29T12:00:00,74.2,74.2,45.7,36.24,0,0,,0,0,22.2,12.4,240,1013.8,54.9,9.9,779,2.8,8,,Partially cloudy,partly-cloudy-day,"72505394728,KJFK,KLGA,74486094789,F8726,KNYC,72503014732"
New york,2025-03-29T13:00:00,78.1,78.1,45.9,32.09,0,0,,0,0,31.3,15.9,258,1013.5,47.4,9.9,752,2.7,8,,Partially cloudy,partly-cloudy-day,"72505394728,KJFK,KLGA,74486094789,F8726,KNYC,72503014732"
New york,2025-03-29T14:00:00,81,79.8,46.9,30.27,0,0,,0,0,27.9,13,273,1013.1,88.9,9.9,235,0.8,2,,Partially cloudy,partly-cloudy-day,"72505394728,KJFK,KLGA,74486094789,F8726,KNYC,72503014732"
New york,2025-03-29T15:00:00,79.5,79.5,45.8,30.47,0,0,,0,0,36.7,18.9,274,1013.4,93.1,9.9,145,0.5,1,,Overcast,cloudy,"72505394728,KJFK,KLGA,74486094789,F8726,KNYC,72503014732"
New york,2025-03-29T16:00:00,78.9,78.9,45.9,31.25,0,0,,0,0,29.2,12.3,266,1013.6,93.1,9.9,314,1.1,3,,Overcast,cloudy,"72505394728,KJFK,KLGA,74486094789,F8726,KNYC,72503014732"
New york,2025-03-29T17:00:00,67.5,67.5,42.8,40.69,0,0,,0,0,34.4,14.1,5,1014.4,93.1,9.9,74,0.3,1,,Overcast,cloudy,"72505394728,KJFK,KLGA,74486094789,F8726,KNYC,72503014732"
New york,2025-03-29T18:00:00,51,51,39.7,64.97,0,0,,0,0,32,17.3,67,1016.5,93.1,9.9,21,0.1,0,,Overcast,cloudy,"72505394728,KJFK,KLGA,74486094789,F8726,KNYC,72503014732"
New york,2025-03-29T19:00:00,50.5,50.5,39.7,66.41,0,0,,0,0,31.6,16.2,77,1018.3,93.1,9.9,3,0,0,,Overcast,cloudy,"72505394728,KJFK,KLGA,74486094789,F8726,KNYC,72503014732"
New york,2025-03-29T20:00:00,49.8,44.2,39.9,68.69,0,0,,0,0,25.3,15.7,63,1019.5,93.1,9.9,0,0,0,,Overcast,cloudy,"72505394728,KJFK,KLGA,74486094789,F8726,KNYC,72503014732"
New york,2025-03-29T21:00:00,47.8,41.7,37.6,67.7,0,0,,0,0,28.9,15.2,47,1022,90.2,9.9,0,0,0,,Overcast,cloudy,"72505394728,KJFK,KLGA,74486094789,F8726,KNYC,72503014732"
New york,2025-03-29T22:00:00,47.6,42.6,37.2,66.95,0,0,,0,0,17.2,11.4,81,1021.9,95.2,9.9,0,0,0,,Overcast,cloudy,"72505394728,KJFK,KLGA,74486094789,F8726,KNYC,72503014732"
New york,2025-03-29T23:00:00,46.5,41.3,36.5,68.16,0,0,,0,0,23,11,92,1021.5,47.4,9.9,0,0,0,,Partially cloudy,partly-cloudy-night,"72505394728,KJFK,KLGA,74486094789,F8726,KNYC,72503014732"
New york,2025-03-30T00:00:00,44.9,38.9,35.7,70.15,0,0,,0,0,23,12.1,51,1022.6,74,9.9,0,0,0,,Partially cloudy,partly-cloudy-night,"72505394728,KJFK,KLGA,74486094789,F8726,KNYC,72503014732"
New york,2025-03-30T01:00:00,43.6,37.9,36,74.23,0,0,,0,0,18.3,10.6,64,1022.3,74,9.9,0,0,0,,Partially cloudy,partly-cloudy-night,"72505394728,KJFK,KLGA,74486094789,F8726,KNYC,72503014732"
New york,2025-03-30T02:00:00,43.3,37.5,36.4,76.66,0,0,,0,0,17.9,10.5,54,1022.3,97.9,9.9,0,0,0,,Overcast,cloudy,"72505394728,KJFK,KLGA,74486094789,F8726,KNYC,72503014732"
New york,2025-03-30T03:00:00,43.3,37.6,36,75.32,0,0,,0,0,18.6,10.3,63,1022,100,9.9,0,0,0,,Overcast,cloudy,"72505394728,KJFK,KLGA,74486094789,F8726,KNYC,72503014732"
New york,2025-03-30T04:00:00,42.5,36.6,36.4,78.64,0,0,,0,0,17.4,10.5,64,1021.8,100,9.9,0,0,0,,Overcast,cloudy,"72505394728,KJFK,KLGA,74486094789,F8726,KNYC,72503014732"
New york,2025-03-30T05:00:00,42.4,37.2,36.8,80.42,0,0,,0,0,16.8,8.7,60,1021.8,100,9.9,0,0,0,,Overcast,cloudy,"72505394728,KJFK,KLGA,F8726,KNYC,72503014732"
New york,2025-03-30T06:00:00,43.1,37.9,37.5,80.42,0,0,,0,0,16.6,9,63,1021.4,100,9.9,0,0,0,,Overcast,cloudy,"72505394728,KJFK,KLGA,74486094789,F8726,KNYC,72503014732"
New york,2025-03-30T07:00:00,43.3,38.5,37.6,80.43,0,0,,0,0,16.8,8.1,69,1021.6,100,9.1,8,0,0,,Overcast,cloudy,"72505394728,KJFK,KLGA,74486094789,F8726,KNYC,72503014732"
New york,2025-03-30T08:00:00,43.7,39,38,80.2,0,0,,0,0,20.8,8.1,72,1021.9,100,9.1,37,0.1,0,,Overcast,cloudy,"72505394728,KJFK,KLGA,74486094789,F8726,KNYC,72503014732"
New york,2025-03-30T09:00:00,44.1,39.1,38.9,82.04,0,0,,0,0,15.7,9.1,83,1022.1,100,9.1,65,0.2,1,,Overcast,cloudy,"72505394728,KJFK,KLGA,74486094789,F8726,KNYC,72503014732"
New york,2025-03-30T10:00:00,45,40.1,39.9,82.27,0,0,,0,0,15.4,9.2,100,1021.9,100,7.4,112,0.4,1,,Overcast,cloudy,"72505394728,KJFK,KLGA,74486094789,F8726,KNYC,72503014732"
New york,2025-03-30T11:00:00,45.7,40.8,39.9,80.07,0,0,,0,0,14.1,9.6,65,1021.4,100,7.4,183,0.7,2,,Overcast,cloudy,"72505394728,KJFK,KLGA,74486094789,F8726,KNYC,72503014732"
New york,2025-03-30T12:00:00,45,40,39.7,81.57,0,0,,0,0,12.3,9.4,69,1021.1,100,7.2,166,0.6,2,,Overcast,cloudy,"72505394728,KJFK,KLGA,74486094789,F8726,KNYC,72503014732"
New york,2025-03-30T13:00:00,46,40.9,40,79.2,0,0,,0,0,11.4,10.7,59,1021,100,7.2,190,0.7,2,,Overcast,cloudy,"72505394728,KJFK,KLGA,F8726,KNYC,72503014732"
New york,2025-03-30T14:00:00,46.2,41.6,40.3,79.78,0,0,,0,0,9.6,9.2,65,1020.1,100,7.2,177,0.6,2,,Overcast,cloudy,"72505394728,KJFK,KLGA,74486094789,F8726,KNYC,72503014732"
New york,2025-03-30T15:00:00,46.2,41.7,40.4,80.38,0,0,,0,0,13.6,8.8,51,1019.4,100,7,248,0.9,2,,Overcast,cloudy,"72505394728,KJFK,KLGA,74486094789,F8726,KNYC,72503014732"
New york,2025-03-30T16:00:00,47.1,41.8,40.5,77.86,0,0,,0,0,12.3,11.9,57,1018.5,100,7.6,201,0.7,2,,Overcast,cloudy,"72505394728,KJFK,KLGA,74486094789,F8726,KNYC,72503014732"
New york,2025-03-30T17:00:00,46.2,41.4,40.2,79.4,0,0,,0,0,11.2,9.9,54,1017.9,100,7.7,139,0.5,1,,Overcast,cloudy,"72505394728,KJFK,KLGA,F8726,KNYC,72503014732"
New york,2025-03-30T18:00:00,46.5,41.9,40.4,79.41,0,0,,0,0,23,9.4,61,1017.5,100,7.9,62,0.2,1,,Overcast,cloudy,"72505394728,KJFK,KLGA,74486094789,F8726,KNYC,72503014732"
New york,2025-03-30T19:00:00,45.8,40.8,40.4,81.43,0,0,,0,0,21,10.2,65,1017.4,100,7.9,5,0,0,,Overcast,cloudy,"72505394728,KJFK,KLGA,74486094789,F8726,KNYC,72503014732"
New york,2025-03-30T20:00:00,44.8,40.5,40.9,86.06,0,0,,0,0,24.6,7.9,62,1017,100,9.5,0,0,0,,Overcast,cloudy,"72505394728,KJFK,KLGA,74486094789,F8726,KNYC,72503014732"
New york,2025-03-30T21:00:00,45,41.2,40.9,85.5,0,0,,0,0,17.2,6.8,67,1016.5,100,7.9,0,0,0,,Overcast,cloudy,"72505394728,KJFK,KLGA,74486094789,F8726,KNYC,72503014732"
New york,2025-03-30T22:00:00,45.8,41.9,41.1,83.47,0,0,,0,0,13,7.5,55,1015.8,100,7.4,0,0,0,,Overcast,cloudy,"72505394728,KJFK,KLGA,74486094789,F8726,KNYC,72503014732"
New york,2025-03-30T23:00:00,44.8,40.1,42.5,91.71,0.022,100,rain,0,0,12.3,8.7,55,1015.1,100,4.2,0,0,0,,"Rain, Overcast",rain,"72505394728,KJFK,KLGA,74486094789,F8726,KNYC,72503014732"
New york,2025-03-31T00:00:00,45,40.8,42.2,89.92,0.013,100,rain,0,0,9.2,7.6,73,1014.2,100,4.7,0,0,0,,"Rain, Overcast",rain,"72505394728,KJFK,KLGA,74486094789,F8726,KNYC,72503014732"
New york,2025-03-31T01:00:00,45,40.6,42.8,91.89,0,0,,0,0,8.9,8.1,50,1013.2,100,4.1,0,0,0,,Overcast,cloudy,"72505394728,KJFK,KLGA,74486094789,F8726,KNYC,72503014732"
New york,2025-03-31T02:00:00,45.2,42.1,42.9,91.9,0,0,,0,0,12.1,5.6,66,1012.1,100,1.5,0,0,0,,Overcast,cloudy,"72505394728,KJFK,KLGA,74486094789,F8726,KNYC,72503014732"
New york,2025-03-31T03:00:00,45.1,43.6,42.9,91.84,0,0,,0,0,8.1,3.6,52,1011.4,100,0.6,0,0,0,,Overcast,fog,"72505394728,KJFK,KLGA,F8726,KNYC,72503014732"
New york,2025-03-31T04:00:00,45.5,43.1,43.1,91.14,0,0,,0,0,10.5,4.9,79,1010.4,100,0.4,0,0,0,,Overcast,fog,"72505394728,KJFK,KLGA,74486094789,F8726,KNYC,72503014732"
New york,2025-03-31T05:00:00,46.4,43.3,44,91.36,0,0,,0,0,13.6,6,79,1009.4,100,0.4,0,0,0,,Overcast,fog,"72505394728,KJFK,KLGA,74486094789,F8726,KNYC,72503014732"
New york,2025-03-31T06:00:00,46.4,44.9,44.6,93.32,0,0,,0,0,15.4,3.7,339,1009.1,100,0.7,0,0,0,,Overcast,cloudy,"72505394728,KJFK,KLGA,74486094789,F8726,KNYC,72503014732"
New york,2025-03-31T07:00:00,47.6,47.6,45.3,91.78,0,0,,0,0,17,2,312,1008.8,100,0.9,15,0.1,0,,Overcast,cloudy,"72505394728,KJFK,KLGA,74486094789,F8726,KNYC,72503014732"
New york,2025-03-31T08:00:00,50.3,50.3,47.8,91.03,0,0,,0,0,20.1,7.6,169,1008.9,100,2.1,48,0.2,0,,Overcast,cloudy,"72505394728,KJFK,KLGA,74486094789,F8726,KNYC,72503014732"
New york,2025-03-31T09:00:00,52.3,52.3,50.5,93.46,0.001,100,rain,0,0,24.2,5.9,128,1008.2,91,3.1,144,0.5,1,,"Rain, Overcast",rain,"72505394728,KJFK,KLGA,74486094789,F8726,KNYC,72503014732"
New york,2025-03-31T10:00:00,56,56,52.6,88.33,0.001,100,rain,0,0,22.4,11,173,1007.5,100,4.5,188,0.7,2,,"Rain, Overcast",rain,"72505394728,KJFK,KLGA,74486094789,F8726,KNYC,72503014732"
New york,2025-03-31T11:00:00,58.3,58.3,53.7,84.47,0,0,,0,0,24.8,7.3,125,1006.7,97.9,6.5,195,0.7,2,,Overcast,cloudy,"72505394728,KJFK,KLGA,74486094789,F8726,KNYC,72503014732"
New york,2025-03-31T12:00:00,59.3,59.3,53.2,80.38,0,0,,0,0,23.7,8.6,44,1005.9,97.9,9.2,366,1.3,4,,Overcast,cloudy,"72505394728,KJFK,KLGA,74486094789,F8726,KNYC,72503014732"
New york,2025-03-31T13:00:00,63.3,63.3,54,71.5,0,0,,0,0,21.3,8.7,152,1005.6,93.1,9.9,854,3.1,9,,Overcast,cloudy,"72505394728,KJFK,KLGA,74486094789,F8726,KNYC,72503014732"
New york,2025-03-31T14:00:00,67.6,67.6,53.9,61.55,0,0,,0,0,19.5,10.4,152,1004.4,74,9.9,802,2.9,8,,Partially cloudy,partly-cloudy-day,"72505394728,KJFK,KLGA,74486094789,F8726,KNYC,72503014732"
New york,2025-03-31T15:00:00,66.8,66.8,52.5,59.96,0,0,,0,0,31.1,11.6,162,1004.1,88.9,9.9,425,1.5,4,,Partially cloudy,partly-cloudy-day,"72505394728,KJFK,KLGA,74486094789,F8726,KNYC,72503014732"
New york,2025-03-31T16:00:00,66.4,66.4,52.8,61.67,0,0,,0,0,32.2,10.1,169,1003.1,88.9,9.9,296,1.1,3,,Partially cloudy,partly-cloudy-day,"72505394728,KJFK,KLGA,74486094789,F8726,KNYC,72503014732"
New york,2025-03-31T17:00:00,68,68,52.6,58.03,0,0,,0,0,29.8,11,160,1002.7,88.9,9.9,234,0.8,2,,Partially cloudy,partly-cloudy-day,"72505394728,KJFK,KLGA,74486094789,F8726,KNYC,72503014732"
New york,2025-03-31T18:00:00,64.8,64.8,53.9,67.77,0.006,100,rain,0,0,31.1,7.8,113,1002.6,89.8,8,61,0.2,1,,"Rain, Partially cloudy",rain,"72505394728,KJFK,KLGA,74486094789,F8726,KNYC,72503014732"
New york,2025-03-31T19:00:00,62.9,62.9,55.6,76.88,0.016,100,rain,0,0,13.9,6,190,1002.4,93.4,6.9,7,0,0,,"Rain, Overcast",rain,"72505394728,KJFK,KLGA,F8726,KNYC,72503014732"
New york,2025-03-31T20:00:00,58,58,53.4,84.65,0.031,100,rain,0,0,10.5,6.6,149,1000.9,49.8,7.4,0,0,0,,"Rain, Partially cloudy",rain,"72505394728,KJFK,KLGA,74486094789,F8726,KNYC,72503014732"
New york,2025-03-31T21:00:00,57.4,57.4,52.8,84.69,0,0,,0,0,31.6,8.2,160,1000.7,95.2,8.2,0,0,0,,Overcast,cloudy,"72505394728,KJFK,KLGA,74486094789,F8726,KNYC,72503014732"
New york,2025-03-31T22:00:00,57.8,57.8,54.7,89.35,0.387,100,rain,0,0,32.2,6.1,12,1002,100,2.3,0,0,0,,"Rain, Overcast",rain,"72505394728,KJFK,KLGA,74486094789,F8726,KNYC,72503014732"
New york,2025-03-31T23:00:00,57.5,57.5,54.9,91,0.26,100,rain,0,0,19,1.3,318,1001.8,100,3.4,0,0,0,,"Rain, Overcast",rain,"72505394728,KJFK,KLGA,74486094789,F8726,KNYC,72503014732"
New york,2025-04-01T00:00:00,59.1,59.1,56.2,90.19,0.068,100,rain,0,0,12.5,0.5,31,1001.7,100,6.3,0,0,0,,"Rain, Overcast",rain,"72505394728,KJFK,KLGA,F8726,KNYC,72503014732"
New york,2025-04-01T01:00:00,57.5,57.5,54.8,90.64,0.087,100,rain,0,0,11.4,2.6,286,1001.4,100,4.9,0,0,0,,"Rain, Overcast",rain,"72505394728,KJFK,KLGA,74486094789,F8726,KNYC,72503014732"
New york,2025-04-01T02:00:00,57.3,57.3,55,91.9,0.071,100,rain,0,0,20.1,0,0,1001.4,100,7.4,0,0,0,,"Rain, Overcast",rain,"72505394728,KJFK,KLGA,74486094789,F8726,KNYC,72503014732"
New york,2025-04-01T03:00:00,52.7,52.7,47.6,82.52,0.016,100,rain,0,0,33,14.3,293,1002,100,8.2,0,0,0,,"Rain, Overcast",rain,"72505394728,KJFK,KLGA,74486094789,F8726,KNYC,72503014732"
New york,2025-04-01T04:00:00,50.4,50.4,43.8,78.11,0.007,100,rain,0,0,26.6,15,320,1002.7,100,8.6,0,0,0,,"Rain, Overcast",rain,"72505394728,KJFK,KLGA,74486094789,F8726,KNYC,72503014732"
New york,2025-04-01T05:00:00,48.7,42.8,40.5,73.08,0,0,,0,0,27.8,15.7,357,1003.6,100,9.9,0,0,0,,Overcast,cloudy,"72505394728,KJFK,KLGA,74486094789,F8726,KNYC,72503014732"
New york,2025-04-01T06:00:00,45.9,39.7,34.5,64.3,0,0,,0,0,29,13.7,330,1005.9,100,9.9,0,0,0,,Overcast,cloudy,"72505394728,KJFK,KLGA,74486094789,F8726,KNYC,72503014732"
New york,2025-04-01T07:00:00,43.9,36.9,30.9,60.1,0,0,,0,0,31.1,14.6,327,1008.1,97.9,9.9,11,0,0,,Overcast,cloudy,"72505394728,KJFK,KLGA,74486094789,F8726,KNYC,72503014732"
New york,2025-04-01T08:00:00,42.5,34.7,28.9,58.33,0,0,,0,0,30.5,16.1,318,1010.2,93.6,9.9,180,0.6,2,,Overcast,cloudy,"72505394728,KJFK,KLGA,74486094789,F8726,KNYC,72503014732"
New york,2025-04-01T09:00:00,43.1,35.8,27.9,54.65,0,0,,0,0,29.7,14.9,314,1011.2,26.5,9.9,346,1.2,3,,Partially cloudy,partly-cloudy-day,"72505394728,KJFK,KLGA,74486094789,F8726,KNYC,72503014732"
New york,2025-04-01T10:00:00,44.6,37.3,27.4,50.48,0,0,,0,0,33.1,16.6,310,1012.3,16.8,9.9,544,2,5,,Clear,clear-day,"72505394728,KJFK,KLGA,74486094789,F8726,KNYC,72503014732"
New york,2025-04-01T11:00:00,45.7,37.6,27.7,49.11,0,0,,0,0,33,21.9,330,1013.3,16.8,9.9,710,2.6,7,,Clear,clear-day,"72505394728,KJFK,KLGA,74486094789,F8726,KNYC,72503014732"
New york,2025-04-01T12:00:00,47.5,41.6,26.4,43.62,0,0,,0,0,29.8,14.1,310,1014.1,16.8,9.9,786,2.8,8,,Clear,clear-day,"72505394728,KJFK,KLGA,74486094789,F8726,KNYC,72503014732"
New york,2025-04-01T13:00:00,48.9,43.1,25.5,39.72,0,0,,0,0,28.1,15.6,310,1014.9,16.8,9.9,773,2.8,8,,Clear,clear-day,"72505394728,KJFK,KLGA,74486094789,F8726,KNYC,72503014732"
New york,2025-04-01T14:00:00,50.8,50.8,25.9,37.79,0,0,,0,0,26.5,14.8,310,1015.7,21.1,9.9,748,2.7,7,,Partially cloudy,partly-cloudy-day,"72505394728,KJFK,KLGA,74486094789,F8726,KNYC,72503014732"
New york,2025-04-01T15:00:00,51.3,51.3,24.4,34.85,0,0,,0,0,27.7,16.3,308,1015.8,16.8,9.9,642,2.3,6,,Clear,clear-day,"72505394728,KJFK,KLGA,74486094789,F8726,KNYC,72503014732"
New york,2025-04-01T16:00:00,52.7,52.7,23.5,31.89,0,0,,0,0,26.5,14.9,312,1016.5,16.8,9.9,457,1.6,5,,Clear,clear-day,"72505394728,KJFK,KLGA,74486094789,F8726,KNYC,72503014732"
New york,2025-04-01T17:00:00,52.7,52.7,22.3,30.24,0,0,,0,0,25.1,12.2,315,1017.3,16.8,9.9,274,1,3,,Clear,clear-day,"72505394728,KJFK,KLGA,74486094789,F8726,KNYC,72503014732"
New york,2025-04-01T18:00:00,51.5,51.5,21.4,30.36,0,0,,0,0,23.2,15.8,308,1018.3,16.8,9.9,104,0.4,1,,Clear,clear-day,"72505394728,KJFK,KLGA,74486094789,F8726,KNYC,72503014732"
New york,2025-04-01T19:00:00,50.7,50.7,20.6,30.32,0,0,,0,0,21.9,11.7,333,1019.4,16.8,9.9,13,0,0,,Clear,clear-day,"72505394728,KJFK,KLGA,74486094789,F8726,KNYC,72503014732"
New york,2025-04-01T20:00:00,49.5,45.5,20.7,31.79,0,0,,0,0,13.9,10,316,1020.7,16.8,9.9,0,0,0,,Clear,clear-night,"72505394728,KJFK,KLGA,74486094789,F8726,KNYC,72503014732"
New york,2025-04-01T21:00:00,49.3,46.9,19.2,30.09,0,0,,0,0,13.2,5.9,330,1021.9,16.8,9.9,0,0,0,,Clear,clear-night,"72505394728,KJFK,KLGA,74486094789,F8726,KNYC,72503014732"
New york,2025-04-01T22:00:00,47.8,43.4,16.8,28.76,0,0,,0,0,20.8,9.7,336,1023.4,16.8,9.9,0,0,0,,Clear,clear-night,"72505394728,KJFK,KLGA,74486094789,F8726,KNYC,72503014732"
New york,2025-04-01T23:00:00,46.7,42.2,15.9,28.72,0,0,,0,0,16.1,9.3,340,1024.4,16.8,9.9,0,0,0,,Clear,clear-night,"72505394728,KJFK,KLGA,74486094789,F8726,KNYC,72503014732"
New york,2025-04-02T00:00:00,44.6,39.9,15.2,30.18,0,0,,0,0,17,8.8,352,1025.5,5.2,9.9,0,0,0,,Clear,clear-night,"72505394728,KJFK,KLGA,74486094789,F8726,KNYC,72503014732"
New york,2025-04-02T01:00:00,43.2,38.7,14,30.23,0,0,,0,0,16.3,7.5,349,1026.7,43.1,9.9,0,0,0,,Partially cloudy,partly-cloudy-night,"72505394728,KJFK,KLGA,74486094789,F8726,KNYC,72503014732"
New york,2025-04-02T02:00:00,41.7,35.9,14,31.95,0,0,,0,0,14.8,9.7,352,1027.4,47.4,9.9,0,0,0,,Partially cloudy,partly-cloudy-night,"72505394728,KJFK,KLGA,74486094789,F8726,KNYC,72503014732"
New york,2025-04-02T03:00:00,39.8,33.4,15.5,36.81,0,0,,0,0,15.9,10.1,28,1027.6,21.1,9.9,0,0,0,,Partially cloudy,partly-cloudy-night,"72505394728,KJFK,KLGA,74486094789,F8726,KNYC,72503014732"
New york,2025-04-02T04:00:00,38.9,32.5,14.8,36.85,0,0,,0,0,20.8,9.5,24,1028.1,21.1,9.9,0,0,0,,Partially cloudy,partly-cloudy-night,"72505394728,KJFK,KLGA,74486094789,F8726,KNYC,72503014732"
New york,2025-04-02T05:00:00,38,31.9,14.3,37.43,0,0,,0,0,14.8,8.5,34,1028.6,26.5,9.9,0,0,0,,Partially cloudy,partly-cloudy-night,"72505394728,KJFK,KLGA,74486094789,F8726,KNYC,72503014732"
New york,2025-04-02T06:00:00,37.3,30.6,13.6,37.37,0,0,,0,0,14.5,9.3,24,1030.3,30.9,9.9,0,0,0,,Partially cloudy,partly-cloudy-night,"72505394728,KJFK,KLGA,74486094789,F8726,KNYC,72503014732"
New york,2025-04-02T07:00:00,37.1,30.7,14.5,39.06,0,0,,0,0,20.8,8.7,33,1031.3,54.9,9.9,33,0.1,0,,Partially cloudy,partly-cloudy-day,"72505394728,KJFK,KLGA,74486094789,F8726,KNYC,72503014732"
New york,2025-04-02T08:00:00,38.6,31.4,14.2,36.43,0,0,,0,0,19.7,11.2,53,1032.5,38.3,9.9,187,0.7,2,,Partially cloudy,partly-cloudy-day,"72505394728,KJFK,KLGA,74486094789,F8726,KNYC,72503014732"
New york,2025-04-02T09:00:00,40.2,34,18.5,41.27,0,0,,0,0,17,9.7,48,1032.9,38.3,9.9,390,1.4,4,,Partially cloudy,partly-cloudy-day,"72505394728,KJFK,KLGA,74486094789,F8726,KNYC,72503014732"
New york,2025-04-02T10:00:00,41.5,35.5,18.6,39.4,0,0,,0,0,17,10.1,40,1032.7,54.9,9.9,534,1.9,5,,Partially cloudy,partly-cloudy-day,"72505394728,KJFK,KLGA,74486094789,F8726,KNYC,72503014732"
New york,2025-04-02T11:00:00,43.3,37.3,19.9,38.84,0,0,,0,0,16.1,11,55,1032.3,54.9,9.9,730,2.6,7,,Partially cloudy,partly-cloudy-day,"72505394728,KJFK,KLGA,74486094789,F8726,KNYC,72503014732"
New york,2025-04-02T12:00:00,44.8,38.5,21.4,39.04,0,0,,0,0,24.2,13.3,55,1032.2,47.4,9.9,810,2.9,8,,Partially cloudy,partly-cloudy-day,"72505394728,KJFK,KLGA,74486094789,F8726,KNYC,72503014732"
New york,2025-04-02T13:00:00,45.6,40.4,22.3,39.34,0,0,,0,0,20.8,10.6,65,1032.1,38.3,9.9,834,3,8,,Partially cloudy,partly-cloudy-day,"72505394728,KJFK,KLGA,74486094789,F8726,KNYC,72503014732"
New york,2025-04-02T14:00:00,46.1,41.3,23.3,40.22,0,0,,0,0,20.9,9.7,89,1031.8,54.9,9.9,535,1.9,5,,Partially cloudy,partly-cloudy-day,"72505394728,KJFK,KLGA,74486094789,F8726,KNYC,72503014732"
New york,2025-04-02T15:00:00,44.9,39.8,24.9,45.12,0,0,,0,0,20.8,10,141,1032.1,49.8,9.9,333,1.2,3,,Partially cloudy,partly-cloudy-day,"72505394728,KJFK,KLGA,74486094789,F8726,KNYC,72503014732"
New york,2025-04-02T16:00:00,43.7,38,26.4,50.25,0,0,,0,0,23,10.5,146,1032.4,52.8,9.9,190,0.7,2,,Partially cloudy,partly-cloudy-day,"72505394728,KJFK,KLGA,74486094789,F8726,KNYC,72503014732"
New york,2025-04-02T17:00:00,43.9,37.5,28.2,53.67,0,0,,0,0,21.9,12.6,112,1031.2,70.4,9.9,139,0.5,1,,Partially cloudy,partly-cloudy-day,"72505394728,KJFK,KLGA,74486094789,F8726,KNYC,72503014732"
New york,2025-04-02T18:00:00,42.7,37.1,28.4,56.6,0,0,,0,0,21.9,9.9,145,1031.9,94.9,9.9,31,0.1,0,,Overcast,cloudy,"72505394728,KJFK,KLGA,74486094789,F8726,KNYC,72503014732"
New york,2025-04-02T19:00:00,43.1,35.2,29.8,59.16,0,0,,0,0,26.4,17.2,120,1029.5,97.4,9.9,2,0,0,,Overcast,cloudy,"72505394728,KJFK,KLGA,74486094789,F8726,KNYC,72503014732"
New york,2025-04-02T20:00:00,43.5,37.3,33.2,66.72,0.001,100,rain,0,0,25.2,12,130,1028.9,100,9.9,0,0,0,,"Rain, Overcast",rain,"72505394728,KJFK,KLGA,74486094789,F8726,KNYC,72503014732"
New york,2025-04-02T21:00:00,43.7,37.2,35.2,71.86,0.001,100,rain,0,0,21.6,12.9,152,1029.5,100,9.9,0,0,0,,"Rain, Overcast",rain,"72505394728,KJFK,KLGA,74486094789,F8726,KNYC,72503014732"
New york,2025-04-02T22:00:00,44.5,38.3,36.6,73.74,0,0,,0,0,21.9,12.6,154,1028.1,100,9.9,0,0,0,,Overcast,cloudy,"72505394728,KJFK,KLGA,74486094789,F8726,KNYC,72503014732"
New york,2025-04-02T23:00:00,44.8,39.7,37.4,75.25,0,0,,0,0,17,9.7,171,1027.6,100,9.9,0,0,0,,Overcast,cloudy,"72505394728,KJFK,KLGA,F8726,KNYC,72503014732"
New york,2025-04-03T00:00:00,45.5,40.1,38,74.97,0,0,,0,0,16.1,11,154,1026.8,100,9.9,0,0,0,,Overcast,cloudy,"72505394728,KJFK,KLGA,74486094789,F8726,KNYC,72503014732"
New york,2025-04-03T01:00:00,45.6,41.2,37.8,73.96,0,0,,0,0,14.8,8.6,141,1026.2,100,9.9,0,0,0,,Overcast,cloudy,"72505394728,KJFK,KLGA,F8726,KNYC,72503014732"
New york,2025-04-03T02:00:00,46.1,42.6,38.3,74.09,0,0,,0,0,14.1,6.9,127,1025.5,100,9.9,0,0,0,,Overcast,cloudy,"72505394728,KJFK,KLGA,74486094789,F8726,KNYC,72503014732"
New york,2025-04-03T03:00:00,45,41,40.3,83.71,0.011,100,rain,0,0,13,7.2,121,1025.2,100,3.1,0,0,0,,"Rain, Overcast",rain,"72505394728,KJFK,KLGA,74486094789,F8726,KNYC,72503014732"
New york,2025-04-03T04:00:00,45,40.6,41.3,87.03,0.016,100,rain,0,0,17.2,8.1,121,1023.7,100,5.6,0,0,0,,"Rain, Overcast",rain,"72505394728,KJFK,KLGA,74486094789,F8726,KNYC,72503014732"
New york,2025-04-03T05:00:00,45.7,42.1,42.5,88.67,0.012,100,rain,0,0,12.8,6.7,100,1023,100,3.1,0,0,0,,"Rain, Overcast",rain,"72505394728,KJFK,KLGA,74486094789,F8726,KNYC,72503014732"
New york,2025-04-03T06:00:00,46.1,43,43,88.93,0.023,100,rain,0,0,11.9,6,134,1022,100,2.1,0,0,0,,"Rain, Overcast",rain,"72505394728,KJFK,KLGA,74486094789,F8726,KNYC,72503014732"
New york,2025-04-03T07:00:00,47.6,45.3,44.5,88.86,0.005,100,rain,0,0,12.1,5.1,155,1020.7,100,3.8,8,0,0,,"Rain, Overcast",rain,"72505394728,KJFK,KLGA,74486094789,F8726,KNYC,72503014732"
New york,2025-04-03T08:00:00,49.1,45.7,46.5,90.78,0,0,,0,0,20.8,7.8,177,1019.8,100,2.8,36,0.1,0,,Overcast,cloudy,"72505394728,KJFK,KLGA,74486094789,F8726,KNYC,72503014732"
New york,2025-04-03T09:00:00,50.7,50.7,47.7,89.41,0,0,,0,0,18.8,4.7,227,1019.1,100,4.4,38,0.1,0,,Overcast,cloudy,"72505394728,KJFK,KLGA,74486094789,F8726,KNYC,72503014732"
New york,2025-04-03T10:00:00,52.1,52.1,48.3,87.01,0.001,100,rain,0,0,21.5,5.9,230,1019.2,100,4.7,70,0.3,1,,"Rain, Overcast",rain,"72505394728,KJFK,KLGA,74486094789,F8726,KNYC,72503014732"
New york,2025-04-03T11:00:00,52.9,52.9,49.7,88.99,0.003,100,rain,0,0,24.8,3.5,295,1019.5,100,3.9,175,0.6,2,,"Rain, Overcast",rain,"72505394728,KJFK,KLGA,74486094789,F8726,KNYC,72503014732"
New york,2025-04-03T12:00:00,56,56,52,86.34,0,0,,0,0,18.3,7.8,217,1017.9,100,5.5,127,0.5,1,,Overcast,cloudy,"72505394728,KJFK,KLGA,F8726,KNYC,72503014732"
New york,2025-04-03T13:00:00,58,58,53.7,85.38,0,0,,0,0,30,6.3,194,1016.9,100,6.2,218,0.8,2,,Overcast,cloudy,"72505394728,KJFK,KLGA,74486094789,F8726,KNYC,72503014732"
New york,2025-04-03T14:00:00,60.9,60.9,56.2,84.44,0,0,,0,0,24.2,8.1,203,1016.5,100,5.4,373,1.3,4,,Overcast,cloudy,"72505394728,KJFK,KLGA,74486094789,F8726,KNYC,72503014732"
New york,2025-04-03T15:00:00,66.8,66.8,58.3,74.07,0,0,,0,0,23.3,8.3,197,1015.7,74,7.5,282,1,3,,Partially cloudy,partly-cloudy-day,"72505394728,KJFK,KLGA,74486094789,F8726,KNYC,72503014732"
New york,2025-04-03T16:00:00,67.8,67.8,58.5,72.12,0,0,,0,0,20.8,10,198,1014.9,49,9.6,349,1.3,3,,Partially cloudy,partly-cloudy-day,"72505394728,KJFK,KLGA,74486094789,F8726,KNYC,72503014732"
New york,2025-04-03T17:00:00,67.4,67.4,57.8,71.28,0,0,,0,0,31.1,7.2,183,1014.7,52.8,9.9,102,0.4,1,,Partially cloudy,partly-cloudy-day,"72505394728,KJFK,KLGA,74486094789,F8726,KNYC,72503014732"
New york,2025-04-03T18:00:00,65.8,65.8,57.4,74.31,0,0,,0,0,19.7,6,231,1014,57,9.7,54,0.2,1,,Partially cloudy,partly-cloudy-day,"72505394728,KJFK,KLGA,74486094789,F8726,KNYC,72503014732"
New york,2025-04-03T19:00:00,66.5,66.5,57.4,72.44,0,0,,0,0,19.2,7,199,1013.7,52.8,9.7,9,0,0,,Partially cloudy,partly-cloudy-day,"72505394728,KJFK,KLGA,74486094789,F8726,KNYC,72503014732"
New york,2025-04-03T20:00:00,68.8,68.8,59.3,71.92,0,0,,0,0,23,9.3,217,1013.9,47.7,9.7,0,0,0,,Partially cloudy,partly-cloudy-night,"72505394728,KJFK,KLGA,74486094789,F8726,KNYC,72503014732"
New york,2025-04-03T21:00:00,69.4,69.4,59.7,71.27,0,0,,0,0,23,9.5,221,1015.1,74,9.7,0,0,0,,Partially cloudy,partly-cloudy-night,"72505394728,KJFK,KLGA,74486094789,F8726,KNYC,72503014732"
New york,2025-04-03T22:00:00,70,70,59.7,69.78,0,0,,0,0,17.9,8.6,210,1014.4,57,9.7,0,0,0,,Partially cloudy,partly-cloudy-night,"72505394728,KJFK,KLGA,74486094789,F8726,KNYC,72503014732"
New york,2025-04-03T23:00:00,69.6,69.6,60.3,72.39,0,0,,0,0,25.3,10.5,214,1014.4,57,9.6,0,0,0,,Partially cloudy,partly-cloudy-night,"72505394728,KJFK,KLGA,74486094789,F8726,KNYC,72503014732"
New york,2025-04-04T00:00:00,70,70,59.7,69.78,0,0,,0,0,20.9,9.7,230,1014.7,59.6,9.6,0,0,0,,Partially cloudy,partly-cloudy-night,"72505394728,KJFK,KLGA,74486094789,F8726,KNYC,72503014732"
New york,2025-04-04T01:00:00,71.2,71.2,60.3,68.48,0,0,,0,0,21.9,8.4,227,1014.7,61.8,9.9,0,0,0,,Partially cloudy,partly-cloudy-night,"72505394728,KJFK,KLGA,74486094789,F8726,KNYC,72503014732"
New york,2025-04-04T02:00:00,71.3,71.3,60.5,68.66,0,0,,0,0,20.4,9.3,257,1015.1,80.9,9.9,0,0,0,,Partially cloudy,partly-cloudy-night,"72505394728,KJFK,KLGA,74486094789,F8726,KNYC,72503014732"
New york,2025-04-04T03:00:00,70.2,70.2,59,67.74,0,0,,0,0,22.4,5.9,248,1014.7,57,9.9,0,0,0,,Partially cloudy,partly-cloudy-night,"72505394728,KJFK,KLGA,74486094789,F8726,KNYC,72503014732"
New york,2025-04-04T04:00:00,69.7,69.7,58.5,67.5,0,0,,0,0,20.6,8.5,249,1015,67.5,9.9,0,0,0,,Partially cloudy,partly-cloudy-night,"72505394728,KJFK,KLGA,74486094789,F8726,KNYC,72503014732"
New york,2025-04-04T05:00:00,68.2,68.2,56.9,67.2,0,0,,0,0,20.8,7.8,281,1015.8,100,9.7,0,0,0,,Overcast,cloudy,"72505394728,KJFK,KLGA,74486094789,F8726,KNYC,72503014732"
New york,2025-04-04T06:00:00,63.4,63.4,50.9,63.72,0.023,100,rain,0,0,14.8,8.8,343,1017.6,100,7.6,0,0,0,,"Rain, Overcast",rain,"72505394728,KJFK,KLGA,74486094789,F8726,KNYC,72503014732"
New york,2025-04-04T07:00:00,59.1,59.1,51,74.56,0.073,100,rain,0,0,17,1.8,357,1018.3,80.9,9.9,5,0,0,,"Rain, Partially cloudy",rain,"72505394728,KJFK,KLGA,74486094789,F8726,KNYC,72503014732"
New york,2025-04-04T08:00:00,60.6,60.6,51.6,72.1,0,0,,0,0,15.4,5.7,241,1019.2,100,9.9,21,0.1,0,,Overcast,cloudy,"72505394728,KJFK,KLGA,74486094789,F8726,KNYC,72503014732"
New york,2025-04-04T09:00:00,60.5,60.5,49.7,67.52,0,0,,0,0,17.4,6.7,279,1019.8,97.9,9.9,108,0.4,1,,Overcast,cloudy,"72505394728,KJFK,KLGA,74486094789,F8726,KNYC,72503014732"
New york,2025-04-04T10:00:00,62.8,62.8,49.4,61.6,0,0,,0,0,17.2,5.6,320,1020,65.3,9.9,412,1.5,4,,Partially cloudy,partly-cloudy-day,"72505394728,KJFK,KLGA,74486094789,F8726,KNYC,72503014732"
New york,2025-04-04T11:00:00,63.3,63.3,41.5,44.81,0,0,,0,0,15,11.2,312,1021,97.9,9.9,294,1.1,3,,Overcast,cloudy,"72505394728,KJFK,KLGA,74486094789,F8726,KNYC,72503014732"
New york,2025-04-04T12:00:00,65.1,65.1,40.3,40.16,0,0,,0,0,14.5,10.1,317,1020.8,97.9,9.9,397,1.4,4,,Overcast,cloudy,"72505394728,KJFK,KLGA,74486094789,F8726,KNYC,72503014732"
New york,2025-04-04T13:00:00,64.9,64.9,38.9,38.21,0,0,,0,0,19.7,11.1,316,1020.9,54.9,9.9,525,1.9,5,,Partially cloudy,partly-cloudy-day,"72505394728,KJFK,KLGA,74486094789,F8726,KNYC,72503014732"
New york,2025-04-04T14:00:00,66.9,66.9,37.1,33.34,0,0,,0,0,20.3,11.6,310,1021,54.9,9.9,750,2.7,8,,Partially cloudy,partly-cloudy-day,"72505394728,KJFK,KLGA,74486094789,F8726,KNYC,72503014732"
New york,2025-04-04T15:00:00,67.7,67.7,35.1,29.9,0,0,,0,0,21.9,14.9,303,1021.1,93.1,9.9,372,1.3,4,,Overcast,cloudy,"72505394728,KJFK,KLGA,74486094789,F8726,KNYC,72503014732"
New york,2025-04-04T16:00:00,68.3,68.3,34,28.07,0,0,,0,0,15.7,11.7,323,1021.3,88.9,9.9,275,1,3,,Partially cloudy,partly-cloudy-day,"72505394728,KJFK,KLGA,74486094789,F8726,KNYC,72503014732"
New york,2025-04-04T17:00:00,67.1,67.1,32.2,27.18,0,0,,0,0,18.3,9.3,319,1021.9,74,9.9,192,0.7,2,,Partially cloudy,partly-cloudy-day,"72505394728,KJFK,KLGA,74486094789,F8726,KNYC,72503014732"
New york,2025-04-04T18:00:00,65.9,65.9,31.6,27.7,0,0,,0,0,10.7,8.5,311,1022.4,44.3,9.9,68,0.2,1,,Partially cloudy,partly-cloudy-day,"72505394728,KJFK,KLGA,74486094789,F8726,KNYC,72503014732"
New york,2025-04-04T19:00:00,64.7,64.7,30.7,27.83,0,0,,0,0,8.9,9.9,313,1023.1,54.9,9.9,11,0,0,,Partially cloudy,partly-cloudy-day,"72505394728,KJFK,KLGA,74486094789,F8726,KNYC,72503014732"
New york,2025-04-04T20:00:00,63.6,63.6,30.9,29.19,0,0,,0,0,8.3,6,316,1024,54.9,9.9,0,0,0,,Partially cloudy,partly-cloudy-night,"72505394728,KJFK,KLGA,74486094789,F8726,KNYC,72503014732"
New york,2025-04-04T21:00:00,61.8,61.8,31.8,32.21,0,0,,0,0,8.7,6.1,320,1024.6,54.9,9.9,0,0,0,,Partially cloudy,partly-cloudy-night,"72505394728,KJFK,KLGA,74486094789,F8726,KNYC,72503014732"
New york,2025-04-04T22:00:00,61.8,61.8,31.9,32.44,0,0,,0,0,10.3,3.3,358,1025.4,54.9,9.9,0,0,0,,Partially cloudy,partly-cloudy-night,"72505394728,KJFK,KLGA,74486094789,F8726,KNYC,72503014732"
New york,2025-04-04T23:00:00,59.7,59.7,33.3,36.88,0,0,,0,0,11,8.1,46,1025.9,54.9,9.9,0,0,0,,Partially cloudy,partly-cloudy-night,"72505394728,KJFK,KLGA,74486094789,F8726,KNYC,72503014732"
New york,2025-04-05T00:00:00,59.1,59.1,31,34.27,0,0,,0,0,10.7,6.3,47,1026.1,54.9,9.9,0,0,0,,Partially cloudy,partly-cloudy-night,"72505394728,KJFK,KLGA,74486094789,F8726,KNYC,72503014732"
New york,2025-04-05T01:00:00,58.3,58.3,31.4,35.94,0,0,,0,0,11.9,2.9,40,1026.2,88.9,9.9,0,0,0,,Partially cloudy,partly-cloudy-night,"72505394728,KJFK,KLGA,74486094789,F8726,KNYC,72503014732"
New york,2025-04-05T02:00:00,56.6,56.6,33.6,41.71,0,0,,0,0,12.5,5.5,42,1025.8,93.1,9.9,0,0,0,,Overcast,cloudy,"72505394728,KJFK,KLGA,74486094789,F8726,KNYC,72503014732"
New york,2025-04-05T03:00:00,56,56,33.5,42.36,0,0,,0,0,13.4,6.9,50,1026.1,88.9,9.9,0,0,0,,Partially cloudy,partly-cloudy-night,"72505394728,KJFK,KLGA,74486094789,F8726,KNYC,72503014732"
New york,2025-04-05T04:00:00,55.8,55.8,32.9,41.72,0,0,,0,0,15,8,70,1025.9,93.1,9.9,0,0,0,,Overcast,cloudy,"72505394728,KJFK,KLGA,74486094789,F8726,KNYC,72503014732"
New york,2025-04-05T05:00:00,55.2,55.2,33.5,43.75,0,0,,0,0,17.9,8.9,65,1025.9,93.1,9.9,0,0,0,,Overcast,cloudy,"72505394728,KJFK,KLGA,74486094789,F8726,KNYC,72503014732"
New york,2025-04-05T06:00:00,55.1,55.1,34.1,44.99,0,0,,0,0,22.5,13.5,118,1026.2,93.1,9.9,0,0,0,,Overcast,cloudy,"72505394728,KJFK,KLGA,74486094789,F8726,KNYC,72503014732"
New york,2025-04-05T07:00:00,52.7,52.7,34.8,50.41,0,0,,0,0,27.6,13.9,100,1027.2,97.9,9.9,8,0,0,,Overcast,cloudy,"72505394728,KJFK,KLGA,74486094789,F8726,KNYC,72503014732"
New york,2025-04-05T08:00:00,52.7,52.7,33.8,48.4,0,0,,0,0,27.7,16.8,100,1027.5,100,9.9,54,0.2,1,,Overcast,cloudy,"72505394728,KJFK,KLGA,74486094789,F8726,KNYC,72503014732"
New york,2025-04-05T09:00:00,52.3,52.3,33.3,48.21,0,0,,0,0,26.8,14.6,114,1027.4,100,9.9,79,0.3,1,,Overcast,cloudy,"72505394728,KJFK,KLGA,74486094789,F8726,KNYC,72503014732"
New york,2025-04-05T10:00:00,51.9,51.9,34.1,50.55,0,0,,0,0,26.7,15.4,112,1026.9,100,9.9,74,0.3,1,,Overcast,cloudy,"72505394728,KJFK,KLGA,74486094789,F8726,KNYC,72503014732"
New york,2025-04-05T11:00:00,51.7,51.7,33.3,49.29,0,0,,0,0,31,15.5,118,1026,100,9.9,58,0.2,1,,Overcast,cloudy,"72505394728,KJFK,KLGA,74486094789,F8726,KNYC,72503014732"
New york,2025-04-05T12:00:00,49.1,43.3,35.2,58.48,0,0,,0,0,32.6,15.7,120,1025,100,9.9,117,0.4,1,,Overcast,cloudy,"72505394728,KJFK,KLGA,74486094789,F8726,KNYC,72503014732"
New york,2025-04-05T13:00:00,47.8,42.4,37.7,68.02,0.024,100,rain,0,0,25.5,12.5,107,1024.6,100,9.2,81,0.3,1,,"Rain, Overcast",rain,"72505394728,KJFK,KLGA,74486094789,F8726,KNYC,72503014732"
New york,2025-04-05T14:00:00,47,41.3,38.7,72.58,0.018,100,rain,0,0,23.9,13.5,104,1023.4,100,9.9,125,0.5,1,,"Rain, Overcast",rain,"72505394728,KJFK,KLGA,74486094789,F8726,KNYC,72503014732"
New york,2025-04-05T15:00:00,47.8,42.2,38,68.75,0,0,,0,0,27.1,13.5,93,1021.3,100,9.9,78,0.3,1,,Overcast,cloudy,"72505394728,KJFK,KLGA,74486094789,F8726,KNYC,72503014732"
New york,2025-04-05T16:00:00,47.8,41.7,38.9,71.35,0,0,,0,0,27.2,15.3,118,1019.3,100,8.6,48,0.2,0,,Overcast,cloudy,"72505394728,KJFK,KLGA,74486094789,F8726,KNYC,72503014732"
New york,2025-04-05T17:00:00,46.3,42.6,40.5,79.89,0,0,,0,0,20.4,7.3,76,1020.1,100,2,33,0.1,0,,Overcast,cloudy,"72505394728,KLGA,F8726,KNYC,72503014732"
New york,2025-04-05T18:00:00,45,40.9,42.1,89.57,0.017,100,rain,0,0,16.3,7.4,60,1019,100,1.8,26,0.1,0,,"Rain, Overcast",rain,"72505394728,KJFK,KLGA,F8726,KNYC,72503014732"
New york,2025-04-05T19:00:00,45.2,39.3,42,88.61,0.003,100,rain,0,0,15.4,12.2,54,1018.2,100,1.8,5,0,0,,"Rain, Overcast",rain,"72505394728,KJFK,KLGA,74486094789,F8726,KNYC,72503014732"
New york,2025-04-05T20:00:00,44.5,38.7,41.5,89.38,0.002,100,rain,0,0,14.1,11.2,42,1018.3,100,4,0,0,0,,"Rain, Overcast",rain,"72505394728,KJFK,KLGA,74486094789,F8726,KNYC,72503014732"
New york,2025-04-05T21:00:00,44.5,38.3,41.1,87.84,0,0,,0,0,17.2,12.3,44,1018,100,8.4,0,0,0,,Overcast,cloudy,"72505394728,KJFK,KLGA,74486094789,F8726,KNYC,72503014732"
New york,2025-04-05T22:00:00,44.2,38.4,40.9,87.93,0,0,,0,0,11.2,11.3,52,1017.5,100,8.4,0,0,0,,Overcast,cloudy,"72505394728,KJFK,KLGA,74486094789,F8726,KNYC,72503014732"
New york,2025-04-05T23:00:00,43.9,37.4,40.4,87.69,0,0,,0,0,18.3,12.8,48,1016.1,100,8.4,0,0,0,,Overcast,cloudy,"72505394728,KJFK,KLGA,74486094789,F8726,KNYC,72503014732"
New york,2025-04-06T00:00:00,43.9,38.7,40.4,87.69,0,0,,0,0,17.2,9.4,40,1015.1,100,8,0,0,0,,Overcast,cloudy,"72505394728,KJFK,KLGA,74486094789,F8726,KNYC,72503014732"
New york,2025-04-06T01:00:00,43.8,37.8,40.7,88.85,0.136,100,rain,0,0,17.2,11.4,45,1013.6,100,4.1,0,0,0,,"Rain, Overcast",rain,"72505394728,KJFK,KLGA,F8726,KNYC,72503014732"
New york,2025-04-06T02:00:00,43.9,39.7,40.9,89.22,0.245,100,rain,0,0,17,7.2,44,1013,100,3.5,0,0,0,,"Rain, Overcast",rain,"72505394728,KJFK,KLGA,74486094789,F8726,KNYC,72503014732"
New york,2025-04-06T03:00:00,43.9,40.9,41.4,90.94,0.251,100,rain,0,0,25.5,5.2,57,1011.4,100,6.9,0,0,0,,"Rain, Overcast",rain,"72505394728,KJFK,KLGA,74486094789,F8726,KNYC,72503014732"
New york,2025-04-06T04:00:00,44.5,41.8,41.8,90.43,0,0,,0,0,13.2,4.9,37,1010.6,100,6.6,0,0,0,,Overcast,cloudy,"72505394728,KJFK,KLGA,74486094789,F8726,KNYC,72503014732"
New york,2025-04-06T05:00:00,44.3,44.3,41.9,91,0,0,,0,0,6.5,2.6,48,1009,100,7.5,0,0,0,,Overcast,cloudy,"72505394728,KJFK,KLGA,F8726,KNYC,72503014732"
New york,2025-04-06T06:00:00,44.6,43.3,41.4,88.29,0,0,,0,0,6.3,3.3,18,1008.8,100,6.9,0,0,0,,Overcast,cloudy,"72505394728,KJFK,KLGA,74486094789,F8726,KNYC,72503014732"
New york,2025-04-06T07:00:00,45.2,43.8,41.9,87.94,0,0,,0,0,5.1,3.4,14,1009.1,100,3.9,16,0.1,0,,Overcast,cloudy,"72505394728,KJFK,KLGA,F8726,KNYC,72503014732"
New york,2025-04-06T08:00:00,44.6,40.3,41.7,89.56,0.002,100,rain,0,0,8.5,7.7,348,1009.9,100,1.9,20,0.1,0,,"Rain, Overcast",rain,"72505394728,KJFK,KLGA,F8726,KNYC,72503014732"
New york,2025-04-06T09:00:00,45.6,45.6,42.9,90.18,0.01,100,rain,0,0,11.6,2.6,33,1009.2,100,2.7,77,0.3,1,,"Rain, Overcast",rain,"72505394728,KJFK,KLGA,74486094789,F8726,KNYC,72503014732"
New york,2025-04-06T10:00:00,46.9,44.1,43.4,87.81,0,0,,0,0,13.2,5.6,360,1009.8,100,7,73,0.3,1,,Overcast,cloudy,"72505394728,KJFK,KLGA,74486094789,F8726,KNYC,72503014732"
New york,2025-04-06T11:00:00,48.1,44.3,43.8,85.02,0,0,,0,0,17.2,8.3,1,1010.2,100,9.1,155,0.6,2,,Overcast,cloudy,"72505394728,KJFK,KLGA,74486094789,F8726,KNYC,72503014732"
New york,2025-04-06T12:00:00,49,45.8,43.3,80.75,0,0,,0,0,18.6,7.2,4,1009.9,100,9.9,156,0.6,2,,Overcast,cloudy,"72505394728,KJFK,KLGA,F8726,KNYC,72503014732"
New york,2025-04-06T13:00:00,50.9,50.9,43.7,76.16,0,0,,0,0,15.9,3.8,329,1010,100,9.9,108,0.4,1,,Overcast,cloudy,"72505394728,KJFK,KLGA,74486094789,F8726,KNYC,72503014732"
New york,2025-04-06T14:00:00,53.6,53.6,45.1,72.88,0,0,,0,0,16.8,4.7,312,1010.2,95.2,9.9,218,0.8,2,,Overcast,cloudy,"72505394728,KJFK,KLGA,74486094789,F8726,KNYC,72503014732"
New york,2025-04-06T15:00:00,53.6,53.6,42.9,67.08,0,0,,0,0,15.9,6.3,313,1010.1,100,9.9,182,0.7,2,,Overcast,cloudy,"72505394728,KJFK,KLGA,74486094789,F8726,KNYC,72503014732"
New york,2025-04-06T16:00:00,55.3,55.3,40.8,58.03,0,0,,0,0,12.1,7.3,313,1009.1,99.2,9.9,224,0.8,2,,Overcast,cloudy,"72505394728,KJFK,KLGA,74486094789,F8726,KNYC,72503014732"
New york,2025-04-06T17:00:00,55.6,55.6,40,55.5,0,0,,0,0,12.1,6.8,289,1008.9,88.9,9.9,238,0.9,2,,Partially cloudy,partly-cloudy-day,"72505394728,KJFK,KLGA,74486094789,F8726,KNYC,72503014732"
New york,2025-04-06T18:00:00,55.5,55.5,38.6,52.95,0,0,,0,0,12.5,7.8,323,1009.8,93.1,9.9,47,0.2,0,,Overcast,cloudy,"72505394728,KJFK,KLGA,74486094789,F8726,KNYC,72503014732"
New york,2025-04-06T19:00:00,54.4,54.4,37,51.85,0,0,,0,0,11.9,6.9,313,1010.8,88.9,9.9,9,0,0,,Partially cloudy,partly-cloudy-day,"72505394728,KJFK,KLGA,74486094789,F8726,KNYC,72503014732"
New york,2025-04-06T20:00:00,54.9,54.9,35.2,47.31,0,0,,0,0,11.6,8.3,321,1011.2,97.9,9.9,0,0,0,,Overcast,cloudy,"72505394728,KJFK,KLGA,74486094789,F8726,KNYC,72503014732"
New york,2025-04-06T21:00:00,54.4,54.4,30,39.21,0,0,,0,0,10.5,5,335,1011.6,93.1,9.9,0,0,0,,Overcast,cloudy,"72505394728,KJFK,KLGA,74486094789,F8726,KNYC,72503014732"
New york,2025-04-06T22:00:00,53.8,53.8,26.3,34.2,0,0,,0,0,13,8.1,326,1012.2,100,9.9,0,0,0,,Overcast,cloudy,"72505394728,KJFK,KLGA,74486094789,F8726,KNYC,72503014732"
New york,2025-04-06T23:00:00,52.4,52.4,25,34.24,0,0,,0,0,13.2,8.5,314,1012.1,100,9.9,0,0,0,,Overcast,cloudy,"72505394728,KJFK,KLGA,74486094789,F8726,KNYC,72503014732"
New york,2025-04-07T00:00:00,51.1,51.1,26.8,38.8,0,0,,0,0,12.5,6.7,329,1011.7,100,9.9,0,0,0,,Overcast,cloudy,"72505394728,KJFK,KLGA,74486094789,F8726,KNYC,72503014732"
New york,2025-04-07T01:00:00,50.9,50.9,27.5,40.16,0,0,,0,0,11.4,3.5,342,1011.3,100,9.9,0,0,0,,Overcast,cloudy,"72505394728,KJFK,KLGA,74486094789,F8726,KNYC,72503014732"
New york,2025-04-07T02:00:00,49.9,48.3,28.9,43.96,0,0,,0,0,9.4,4.7,358,1010.8,100,9.9,0,0,0,,Overcast,cloudy,"72505394728,KJFK,KLGA,74486094789,F8726,KNYC,72503014732"
New york,2025-04-07T03:00:00,48.9,45.1,30.7,49.13,0,0,,0,0,13.6,9,348,1011.1,100,9.9,0,0,0,,Overcast,cloudy,"72505394728,KJFK,KLGA,74486094789,F8726,KNYC,72503014732"
New york,2025-04-07T04:00:00,45,41.7,34.3,65.81,0.004,100,rain,0,0,15.4,6.1,358,1011.6,100,7.5,0,0,0,,"Rain, Overcast",rain,"72505394728,KJFK,KLGA,74486094789,F8726,KNYC,72503014732"
New york,2025-04-07T05:00:00,42.3,36.5,35.2,75.55,0.013,100,rain,0,0,14.8,10.2,3,1011.3,100,8.5,0,0,0,,"Rain, Overcast",rain,"72505394728,KJFK,KLGA,74486094789,F8726,KNYC,72503014732"
New york,2025-04-07T06:00:00,40.5,34.2,33.4,75.53,0.003,100,rain,0,0,14.5,10.2,10,1011.7,100,8.8,0,0,0,,"Rain, Overcast",rain,"72505394728,KJFK,KLGA,74486094789,F8726,KNYC,72503014732"
New york,2025-04-07T07:00:00,40.1,34,34,78.95,0,0,,0,0,14.5,9.3,30,1010.9,100,9.7,6,0,0,,Overcast,cloudy,"72505394728,KJFK,KLGA,74486094789,F8726,KNYC,72503014732"
New york,2025-04-07T08:00:00,40.1,33.1,34.7,80.88,0.001,100,rain,0,0,20.8,11.4,26,1011.1,100,4.9,18,0.1,0,,"Rain, Overcast",rain,"72505394728,KJFK,KLGA,74486094789,F8726,KNYC,72503014732"
New york,2025-04-07T09:00:00,40.2,34.2,35.8,83.97,0.013,100,rain,0,0,14.8,9.4,52,1011.1,100,2.5,65,0.2,1,,"Rain, Overcast",rain,"72505394728,KJFK,KLGA,F8726,KNYC,72503014732"
New york,2025-04-07T10:00:00,41.1,35.1,37.2,85.72,0.015,100,rain,0,0,14.3,9.7,68,1009.9,100,6,56,0.2,1,,"Rain, Overcast",rain,"72505394728,KJFK,KLGA,F8726,KNYC,72503014732"
New york,2025-04-07T11:00:00,41.8,36.4,37.8,85.72,0.022,100,rain,0,0,15.2,8.7,40,1009.9,100,4.2,86,0.3,1,,"Rain, Overcast",rain,"72505394728,KJFK,KLGA,F8726,KNYC,72503014732"
New york,2025-04-07T12:00:00,42.5,35.3,38.4,85.32,0.024,100,rain,0,0,21.9,13.9,60,1008.5,100,7.8,100,0.4,1,,"Rain, Overcast",rain,"72505394728,KJFK,KLGA,74486094789,F8726,KNYC,72503014732"
New york,2025-04-07T13:00:00,42.9,36.7,38.9,85.73,0.021,100,rain,0,0,18.3,11.4,64,1007.9,100,6.7,124,0.4,1,,"Rain, Overcast",rain,"72505394728,KJFK,KLGA,74486094789,F8726,KNYC,72503014732"
New york,2025-04-07T14:00:00,43.1,37.5,38.9,85.17,0.016,100,rain,0,0,15,9.9,59,1008.1,100,8.3,71,0.3,1,,"Rain, Overcast",rain,"72505394728,KJFK,KLGA,74486094789,F8726,KNYC,72503014732"
New york,2025-04-07T15:00:00,43.5,37.4,38.6,82.67,0,0,,0,0,23.8,11.7,60,1006.1,100,9.9,48,0.2,0,,Overcast,cloudy,"72505394728,KJFK,KLGA,74486094789,F8726,KNYC,72503014732"
New york,2025-04-07T16:00:00,42.9,37,38,82.61,0,0,,0,0,13.6,10.8,52,1006,100,8,31,0.1,0,,Overcast,cloudy,"72505394728,KJFK,KLGA,74486094789,F8726,KNYC,72503014732"
New york,2025-04-07T17:00:00,42.9,37.7,38,82.61,0,0,,0,0,13.9,8.8,47,1006.1,100,8.8,38,0.1,0,,Overcast,cloudy,"72505394728,KJFK,KLGA,74486094789,F8726,KNYC,72503014732"
New york,2025-04-07T18:00:00,42.3,37,38,84.45,0,0,,0,0,13.6,9,67,1005.1,100,7.2,23,0.1,0,,Overcast,cloudy,"72505394728,KJFK,KLGA,74486094789,F8726,KNYC,72503014732"
New york,2025-04-07T19:00:00,42.7,36.7,37.8,82.66,0,0,,0,0,12.3,10.8,50,1005.6,100,9.9,4,0,0,,Overcast,cloudy,"72505394728,KJFK,KLGA,74486094789,F8726,KNYC,72503014732"
New york,2025-04-07T20:00:00,43.2,38.5,38,81.99,0,0,,0,0,19.7,7.9,58,1005.5,100,9.9,0,0,0,,Overcast,cloudy,"72505394728,KJFK,KLGA,74486094789,F8726,KNYC,72503014732"
New york,2025-04-07T21:00:00,42.7,38,37.3,81.22,0,0,,0,0,8.9,7.8,64,1005.2,100,9.9,0,0,0,,Overcast,cloudy,"72505394728,KJFK,KLGA,F8726,KNYC,72503014732"
New york,2025-04-07T22:00:00,42.3,37.5,37.6,83.32,0,0,,0,0,8.1,7.9,48,1004.7,100,9.9,0,0,0,,Overcast,cloudy,"72505394728,KJFK,KLGA,74486094789,F8726,KNYC,72503014732"
New york,2025-04-07T23:00:00,42.3,39.3,37.6,83.32,0,0,,0,0,6.7,4.9,51,1005,100,9.9,0,0,0,,Overcast,cloudy,"72505394728,KJFK,KLGA,74486094789,F8726,KNYC,72503014732"
New york,2025-04-08T00:00:00,42.3,39.7,37.8,83.89,0,0,,0,0,5.8,4.4,54,1003.7,100,9.9,0,0,0,,Overcast,cloudy,"72505394728,KJFK,KLGA,74486094789,F8726,KNYC,72503014732"
New york,2025-04-08T01:00:00,42.3,39.3,37.8,83.89,0,0,,0,0,5.1,4.9,84,1003.4,100,9.2,0,0,0,,Overcast,cloudy,"72505394728,KJFK,KLGA,74486094789,F8726,KNYC,72503014732"
New york,2025-04-08T02:00:00,42.2,42.2,38.4,86.3,0,0,,0,0,5.4,0,0,1004.2,100,8.1,0,0,0,,Overcast,cloudy,"72505394728,KJFK,KLGA,74486094789,F8726,KNYC,72503014732"
New york,2025-04-08T03:00:00,42.5,42.5,38.6,85.91,0,0,,0,0,9.6,1.3,318,1002.7,100,7.2,0,0,0,,Overcast,cloudy,"72505394728,KJFK,KLGA,74486094789,F8726,KNYC,72503014732"
New york,2025-04-08T04:00:00,42.7,41,38.6,85.34,0.002,100,rain,0,0,11.6,3.4,200,1002.3,100,7.2,0,0,0,,"Rain, Overcast",rain,"72505394728,KJFK,KLGA,74486094789,F8726,KNYC,72503014732"
New york,2025-04-08T05:00:00,43.7,40.1,38.6,82.12,0,0,,0,0,12.5,6,260,1002,100,9.6,0,0,0,,Overcast,cloudy,"72505394728,KJFK,KLGA,74486094789,F8726,KNYC,72503014732"
New york,2025-04-08T06:00:00,43.5,39,37,77.65,0,0,,0,0,14.1,7.7,257,1002,81.7,9.5,0,0,0,,Partially cloudy,partly-cloudy-night,"72505394728,KJFK,KLGA,74486094789,F8726,KNYC,72503014732"
New york,2025-04-08T07:00:00,43.7,37.9,37,77.08,0,0,,0,0,22.6,11,266,1002.8,93.1,9.9,41,0.1,0,,Overcast,cloudy,"72505394728,KJFK,KLGA,74486094789,F8726,KNYC,72503014732"
New york,2025-04-08T08:00:00,41.7,33.5,30,62.75,0,0,,0,0,28.2,16.8,308,1003.9,93.1,9.9,110,0.4,1,,Overcast,cloudy,"72505394728,KJFK,KLGA,74486094789,F8726,KNYC,72503014732"
New york,2025-04-08T09:00:00,39.6,30.5,23.5,52.27,0,0,,0,0,29,18,296,1004.8,57.4,9.9,386,1.4,4,,Partially cloudy,partly-cloudy-day,"72505394728,KJFK,KLGA,74486094789,F8726,KNYC,72503014732"
New york,2025-04-08T10:00:00,39.4,28.8,17.3,40.37,0,0,,0,0,36.5,23.9,296,1005.3,16.8,9.9,596,2.1,6,,Clear,clear-day,"72505394728,KJFK,KLGA,74486094789,F8726,KNYC,72503014732"
New york,2025-04-08T11:00:00,41.1,32.1,15.6,35.09,0,0,,0,0,33.4,19.3,284,1005.5,16.8,9.9,746,2.7,7,,Clear,clear-day,"72505394728,KJFK,KLGA,74486094789,F8726,KNYC,72503014732"
New york,2025-04-08T12:00:00,42.7,34.3,12.9,29.37,0,0,,0,0,36,19,288,1005.6,16.8,9.9,675,2.4,7,,Clear,clear-day,"72505394728,KJFK,KLGA,74486094789,F8726,KNYC,72503014732"
New york,2025-04-08T13:00:00,43.4,33.9,13.3,29,0,0,,0,0,39.5,25.4,300,1005.7,81.5,9.9,841,3,8,,Partially cloudy,partly-cloudy-day,"72505394728,KJFK,KLGA,74486094789,F8726,KNYC,72503014732"
New york,2025-04-08T14:00:00,43.9,34.6,13.1,28.34,0,0,,0,0,39.3,24.9,301,1006.2,57.4,9.9,678,2.4,7,,Partially cloudy,partly-cloudy-day,"72505394728,KJFK,KLGA,74486094789,F8726,KNYC,72503014732"
New york,2025-04-08T15:00:00,44.8,36.4,13,27.15,0,0,,0,0,38,21.7,294,1006.4,57.4,9.9,662,2.4,7,,Partially cloudy,partly-cloudy-day,"72505394728,KJFK,KLGA,74486094789,F8726,KNYC,72503014732"
New york,2025-04-08T16:00:00,44.8,36.4,14.8,29.49,0,0,,0,0,37.5,21.6,302,1007,74,9.9,419,1.5,4,,Partially cloudy,partly-cloudy-day,"72505394728,KJFK,KLGA,74486094789,F8726,KNYC,72503014732"
New york,2025-04-08T17:00:00,44.1,35,13.8,28.96,0,0,,0,0,38.9,24,292,1008.1,50,9.9,373,1.3,4,,Partially cloudy,partly-cloudy-day,"72505394728,KJFK,KLGA,74486094789,F8726,KNYC,72503014732"
New york,2025-04-08T18:00:00,44.1,35.1,13.9,29.15,0,0,,0,0,38.2,23.5,314,1009.5,64.9,9.9,83,0.3,1,,Partially cloudy,partly-cloudy-day,"72505394728,KJFK,KLGA,74486094789,F8726,KNYC,72503014732"
New york,2025-04-08T19:00:00,42.9,34.3,14.8,31.69,0,0,,0,0,37.1,20.2,300,1011,21.1,9.9,19,0.1,0,,Partially cloudy,partly-cloudy-day,"72505394728,KJFK,KLGA,74486094789,F8726,KNYC,72503014732"
New york,2025-04-08T20:00:00,39.9,30.5,14.8,35.56,0,0,,0,0,36.7,19.6,308,1012.3,16.8,9.9,0,0,0,,Clear,clear-night,"72505394728,KJFK,KLGA,74486094789,F8726,KNYC,72503014732"
New york,2025-04-08T21:00:00,39,31.7,14.4,36.29,0,0,,0,0,30,11.6,317,1013.9,16.8,9.9,0,0,0,,Clear,clear-night,"72505394728,KJFK,KLGA,74486094789,F8726,KNYC,72503014732"
New york,2025-04-08T22:00:00,38.6,30.9,13.4,35.24,0,0,,0,0,24.2,12.4,313,1015.1,16.8,9.9,0,0,0,,Clear,clear-night,"72505394728,KJFK,KLGA,74486094789,F8726,KNYC,72503014732"
New york,2025-04-08T23:00:00,37.9,28.5,11.3,32.94,0,0,,0,0,28.3,16.9,306,1016.1,5.2,9.9,0,0,0,,Clear,clear-night,"72505394728,KJFK,KLGA,74486094789,F8726,KNYC,72503014732"
New york,2025-04-09T00:00:00,36.9,27.7,10,32.45,0,0,,0,0,32.9,15.5,294,1017.3,5.2,9.9,0,0,0,,Clear,clear-night,"72505394728,KJFK,KLGA,74486094789,F8726,KNYC,72503014732"
New york,2025-04-09T01:00:00,36.3,27.3,10.5,33.78,0,0,,0,0,27.2,14.6,279,1018.1,5.2,9.9,0,0,0,,Clear,clear-night,"72505394728,KJFK,KLGA,74486094789,F8726,KNYC,72503014732"
New york,2025-04-09T02:00:00,35.6,25.3,11.2,35.89,0,0,,0,0,28.8,18,290,1018.9,55.3,9.9,0,0,0,,Partially cloudy,partly-cloudy-night,"72505394728,KJFK,KLGA,74486094789,F8726,KNYC,72503014732"
New york,2025-04-09T03:00:00,35.2,27.1,13,39.4,0,0,,0,0,27.2,11.4,299,1019.6,26.5,9.9,0,0,0,,Partially cloudy,partly-cloudy-night,"72505394728,KJFK,KLGA,74486094789,F8726,KNYC,72503014732"
New york,2025-04-09T04:00:00,34.7,25.1,11.8,38.18,0,0,,0,0,25.3,14.8,313,1020.4,69.1,9.9,0,0,0,,Partially cloudy,partly-cloudy-night,"72505394728,KJFK,KLGA,74486094789,F8726,KNYC,72503014732"
New york,2025-04-09T05:00:00,33.6,24.5,11,38.68,0,0,,0,0,16.1,12.7,313,1021.2,30.9,9.9,0,0,0,,Partially cloudy,partly-cloudy-night,"72505394728,KJFK,KLGA,74486094789,F8726,KNYC,72503014732"
New york,2025-04-09T06:00:00,32.7,23.7,11.8,41.31,0,0,,0,0,21.7,11.9,310,1022.2,16.8,9.9,0,0,0,,Clear,clear-night,"72505394728,KJFK,KLGA,74486094789,F8726,KNYC,72503014732"
New york,2025-04-09T07:00:00,32.7,23.8,12,41.72,0,0,,0,0,19.7,11.7,316,1023.4,16.8,9.9,50,0.2,1,,Clear,clear-day,"72505394728,KJFK,KLGA,74486094789,F8726,KNYC,72503014732"
New york,2025-04-09T08:00:00,33.5,22.6,12.1,40.78,0,0,,0,0,26.5,17.7,312,1024.1,16.8,9.9,230,0.8,2,,Clear,clear-day,"72505394728,KJFK,KLGA,74486094789,F8726,KNYC,72503014732"
New york,2025-04-09T09:00:00,34.1,24.6,12.9,41.05,0,0,,0,0,27.4,14.2,315,1024.4,16.8,9.9,422,1.5,4,,Clear,clear-day,"72505394728,KJFK,KLGA,74486094789,F8726,KNYC,72503014732"
New york,2025-04-09T10:00:00,36.2,28.3,12.5,37.26,0,0,,0,0,26,11.5,329,1024.9,16.8,9.9,610,2.2,6,,Clear,clear-day,"72505394728,KJFK,KLGA,74486094789,F8726,KNYC,72503014732"
New york,2025-04-09T11:00:00,38.6,32.1,12.5,33.9,0,0,,0,0,18.3,9.6,320,1024.8,11.6,9.9,764,2.8,8,,Clear,clear-day,"72505394728,KJFK,KLGA,74486094789,F8726,KNYC,72503014732"
New york,2025-04-09T12:00:00,40.5,35.8,11.8,30.39,0,0,,0,0,19,7,316,1024.9,11.6,9.9,843,3,8,,Clear,clear-day,"72505394728,KJFK,KLGA,74486094789,F8726,KNYC,72503014732"
New york,2025-04-09T13:00:00,43.3,39.5,10.3,25.62,0,0,,0,0,17,6.3,1,1024.3,0,9.9,856,3.1,9,,Clear,clear-day,"72505394728,KJFK,KLGA,74486094789,F8726,KNYC,72503014732"
New york,2025-04-09T14:00:00,45.2,40.5,9.7,23.16,0,0,,0,0,16.1,9,292,1024.1,0,9.9,796,2.9,8,,Clear,clear-day,"72505394728,KJFK,KLGA,74486094789,F8726,KNYC,72503014732"
New york,2025-04-09T15:00:00,47,41.2,9.5,21.37,0,0,,0,0,18.3,13.5,275,1023.7,11.6,9.9,687,2.5,7,,Clear,clear-day,"72505394728,KJFK,KLGA,74486094789,F8726,KNYC,72503014732"
New york,2025-04-09T16:00:00,47.4,43.5,8.6,20.23,0,0,,0,0,13.4,8.3,200,1023.2,16.8,9.9,500,1.8,5,,Clear,clear-day,"72505394728,KJFK,KLGA,74486094789,F8726,KNYC,72503014732"
New york,2025-04-09T17:00:00,48.3,45.5,8.4,19.46,0,0,,0,0,14.1,6.3,241,1023,16.8,9.9,298,1.1,3,,Clear,clear-day,"72505394728,KJFK,KLGA,74486094789,F8726,KNYC,72503014732"
New york,2025-04-09T18:00:00,47.6,43,9.8,21.23,0,0,,0,0,14.3,10.2,197,1023.2,16.8,9.9,117,0.4,1,,Clear,clear-day,"72505394728,KJFK,KLGA,74486094789,F8726,KNYC,72503014732"
New york,2025-04-09T19:00:00,42.7,35.3,19.3,38.84,0,0,,0,0,12.3,14.9,178,1024.1,16.8,9.9,19,0.1,0,,Clear,clear-day,"72505394728,KJFK,KLGA,74486094789,F8726,KNYC,72503014732"
New york,2025-04-09T20:00:00,41,33.6,21.7,45.81,0,0,,0,0,24.8,13.3,183,1024.5,16.8,9.9,0,0,0,,Clear,clear-night,"72505394728,KJFK,KLGA,74486094789,F8726,KNYC,72503014732"
New york,2025-04-09T21:00:00,41.9,34.8,22.9,46.43,0,0,,0,0,22,13.5,188,1025.2,16.8,9.9,0,0,0,,Clear,clear-night,"72505394728,KJFK,KLGA,74486094789,F8726,KNYC,72503014732"
New york,2025-04-09T22:00:00,42.2,36.1,24.6,49.58,0,0,,0,0,19,10.6,190,1025.7,16.8,9.9,0,0,0,,Clear,clear-night,"72505394728,KJFK,KLGA,74486094789,F8726,KNYC,72503014732"
New york,2025-04-09T23:00:00,42.2,36.9,26.8,54.25,0,0,,0,0,18.6,8.7,183,1025.7,16.8,9.9,0,0,0,,Clear,clear-night,"72505394728,KJFK,KLGA,74486094789,F8726,KNYC,72503014732"
New york,2025-04-10T00:00:00,42.7,38,28.8,57.64,0,0,,0,0,17,7.8,190,1025.8,16.8,9.9,0,0,0,,Clear,clear-night,"72505394728,KJFK,KLGA,74486094789,F8726,KNYC,72503014732"
New york,2025-04-10T01:00:00,42.9,39,28.5,56.43,0,0,,0,0,15.2,6.4,223,1026.6,43.1,9.9,0,0,0,,Partially cloudy,partly-cloudy-night,"72505394728,KJFK,KLGA,74486094789,F8726,KNYC,72503014732"
New york,2025-04-10T02:00:00,42.1,37.6,27.9,56.75,0,0,,0,0,15,7.2,231,1026.8,47.4,9.9,0,0,0,,Partially cloudy,partly-cloudy-night,"72505394728,KJFK,KLGA,74486094789,F8726,KNYC,72503014732"
New york,2025-04-10T03:00:00,41.3,37.9,27.3,57.33,0,0,,0,0,13,5.1,232,1026.7,30.9,9.9,0,0,0,,Partially cloudy,partly-cloudy-night,"72505394728,KJFK,KLGA,74486094789,F8726,KNYC,72503014732"
New york,2025-04-10T04:00:00,41.5,41.5,28,58.4,0,0,,0,0,11.4,0.6,333,1026.7,52.2,9.9,0,0,0,,Partially cloudy,partly-cloudy-night,"72505394728,KJFK,KLGA,74486094789,F8726,KNYC,72503014732"
New york,2025-04-10T05:00:00,42.3,42.3,28,56.56,0,0,,0,0,9.8,0,0,1026.7,70.1,9.9,0,0,0,,Partially cloudy,partly-cloudy-night,"72505394728,KJFK,KLGA,74486094789,F8726,KNYC,72503014732"
New york,2025-04-10T06:00:00,42.3,42.3,28.7,58.29,0,0,,0,0,7.6,1.9,35,1026.9,97.9,9.9,0,0,0,,Overcast,cloudy,"72505394728,KJFK,KLGA,74486094789,F8726,KNYC,72503014732"
New york,2025-04-10T07:00:00,42.1,40.6,28.9,59.33,0,0,,0,0,8.1,3.1,106,1027.5,88.9,9.9,57,0.2,1,,Partially cloudy,partly-cloudy-day,"72505394728,KJFK,KLGA,74486094789,F8726,KNYC,72503014732"
New york,2025-04-10T08:00:00,44.5,40.6,30.2,57.04,0,0,,0,0,8.3,6.8,64,1027.6,93.1,9.9,81,0.3,1,,Overcast,cloudy,"72505394728,KJFK,KLGA,74486094789,F8726,KNYC,72503014732"
New york,2025-04-10T09:00:00,44.8,40.3,31.4,59.24,0,0,,0,0,8.3,8.4,55,1027.8,97.9,9.9,315,1.1,3,,Overcast,cloudy,"72505394728,KJFK,KLGA,74486094789,F8726,KNYC,72503014732"
New york,2025-04-10T10:00:00,47,42.9,33,57.99,0,0,,0,0,10.3,8.6,77,1027.6,93.1,9.9,643,2.3,6,,Overcast,cloudy,"72505394728,KJFK,KLGA,74486094789,F8726,KNYC,72503014732"
New york,2025-04-10T11:00:00,48.4,44.3,31.6,52.06,0,0,,0,0,16.1,9.5,142,1027.8,54.9,9.9,907,3.3,9,,Partially cloudy,partly-cloudy-day,"72505394728,KJFK,KLGA,74486094789,F8726,KNYC,72503014732"
New york,2025-04-10T12:00:00,48.8,43.9,32.3,52.69,0,0,,0,0,18.1,12.1,166,1027.3,74,9.9,930,3.3,9,,Partially cloudy,partly-cloudy-day,"72505394728,KJFK,KLGA,74486094789,F8726,KNYC,72503014732"
New york,2025-04-10T13:00:00,49,43.2,30.4,48.51,0,0,,0,0,24.2,15.7,176,1027.3,65.3,9.9,588,2.1,6,,Partially cloudy,partly-cloudy-day,"72505394728,KJFK,KLGA,74486094789,F8726,KNYC,72503014732"
New york,2025-04-10T14:00:00,47.8,42.8,29.3,48.5,0,0,,0,0,25.2,11.2,177,1027.1,93.1,9.9,356,1.3,4,,Overcast,cloudy,"72505394728,KJFK,KLGA,74486094789,F8726,KNYC,72503014732"
New york,2025-04-10T15:00:00,46.5,40.8,25.6,43.73,0,0,,0,0,25.3,12.8,157,1026.9,97.4,9.9,196,0.7,2,,Overcast,cloudy,"72505394728,KJFK,KLGA,74486094789,F8726,KNYC,72503014732"
New york,2025-04-10T16:00:00,45.9,41,24.9,43.5,0,0,,0,0,19.7,9.8,147,1026.4,100,9.9,66,0.2,1,,Overcast,cloudy,"72505394728,KJFK,KLGA,74486094789,F8726,KNYC,72503014732"
New york,2025-04-10T17:00:00,42.9,37.6,28.3,56.08,0,0,,0,0,23,9.3,153,1026.7,100,9.9,45,0.2,0,,Overcast,cloudy,"72505394728,KJFK,KLGA,74486094789,F8726,KNYC,72503014732"
New york,2025-04-10T18:00:00,42.3,37,30.2,62,0.01,100,rain,0,0,16.6,8.6,85,1025.7,100,9.9,30,0.1,0,,"Rain, Overcast",rain,"72505394728,KJFK,KLGA,74486094789,F8726,KNYC,72503014732"
New york,2025-04-10T19:00:00,43.3,38.1,31.1,61.97,0,0,,0,0,16.3,9,93,1025.3,100,9.9,7,0,0,,Overcast,cloudy,"72505394728,KJFK,KLGA,74486094789,F8726,KNYC,72503014732"
New york,2025-04-10T20:00:00,43.7,37.9,27.7,53.03,0,0,,0,0,20.8,10.8,118,1024.8,100,9.9,0,0,0,,Overcast,cloudy,"72505394728,KJFK,KLGA,74486094789,F8726,KNYC,72503014732"
New york,2025-04-10T21:00:00,43.7,38.9,28.9,55.66,0,0,,0,0,18.3,8.3,140,1025.4,100,9.9,0,0,0,,Overcast,cloudy,"72505394728,KJFK,KLGA,74486094789,F8726,KNYC,72503014732"
New york,2025-04-10T22:00:00,43.7,39.5,29.2,56.45,0,0,,0,0,17.2,7.2,130,1025.4,100,9.9,0,0,0,,Overcast,cloudy,"72505394728,KJFK,KLGA,74486094789,F8726,KNYC,72503014732"
New york,2025-04-10T23:00:00,43.3,37.6,29.8,58.73,0,0,,0,0,14.1,10.1,113,1024.7,100,9.9,0,0,0,,Overcast,cloudy,"72505394728,KJFK,KLGA,74486094789,F8726,KNYC,72503014732"
New york,2025-04-11T00:00:00,43.1,37.3,30.3,60.52,0,0,,0,0,14.3,10.3,100,1023.7,100,9.9,0,0,0,,Overcast,cloudy,"72505394728,KJFK,KLGA,74486094789,F8726,KNYC,72503014732"
New york,2025-04-11T01:00:00,43.3,37.9,29.4,57.92,0,0,,0,0,27.7,9.5,93,1023.2,100,9.9,0,0,0,,Overcast,cloudy,"72505394728,KJFK,KLGA,74486094789,F8726,KNYC,72503014732"
New york,2025-04-11T02:00:00,43.3,38.4,30.5,60.54,0,0,,0,0,14.3,8.3,130,1023.4,100,9.9,0,0,0,,Overcast,cloudy,"72505394728,KJFK,KLGA,74486094789,F8726,KNYC,72503014732"
New york,2025-04-11T03:00:00,43.3,39.5,31.6,63.35,0,0,,0,0,12.1,6.2,120,1022.7,100,9.9,0,0,0,,Overcast,cloudy,"72505394728,KJFK,KLGA,74486094789,F8726,KNYC,72503014732"
New york,2025-04-11T04:00:00,43.1,37.7,33.3,68.12,0,0,,0,0,11.6,9.5,100,1021.9,100,9.9,0,0,0,,Overcast,cloudy,"72505394728,KJFK,KLGA,74486094789,F8726,KNYC,72503014732"
New york,2025-04-11T05:00:00,43.1,37.7,34.9,72.83,0,0,,0,0,12.3,9.4,88,1021.6,100,9.9,0,0,0,,Overcast,cloudy,"72505394728,KJFK,KLGA,F8726,KNYC,72503014732"
New york,2025-04-11T06:00:00,42.7,37.7,34.8,73.58,0,0,,0,0,12.1,8.4,55,1021.8,100,9.9,0,0,0,,Overcast,cloudy,"72505394728,KJFK,KLGA,F8726,KNYC,72503014732"
New york,2025-04-11T07:00:00,42.7,37.1,35.2,74.56,0.002,100,rain,0,0,12.8,9.7,76,1021.4,100,9.9,14,0.1,0,,"Rain, Overcast",rain,"72505394728,KJFK,KLGA,74486094789,F8726,KNYC,72503014732"
New york,2025-04-11T08:00:00,42.9,37.4,35.6,75.29,0,0,,0,0,19.7,9.7,54,1021.9,100,9.9,44,0.2,0,,Overcast,cloudy,"72505394728,KJFK,KLGA,74486094789,F8726,KNYC,72503014732"
New york,2025-04-11T09:00:00,43.4,38.3,36,74.83,0,0,,0,0,20.8,9.1,58,1022,100,9.9,101,0.4,1,,Overcast,cloudy,"72505394728,KJFK,KLGA,74486094789,F8726,KNYC,72503014732"
New york,2025-04-11T10:00:00,43.4,37.9,37,77.84,0,0,,0,0,19.7,10.1,61,1022.5,100,9.7,168,0.6,2,,Overcast,cloudy,"72505394728,KJFK,KLGA,74486094789,F8726,KNYC,72503014732"
New york,2025-04-11T11:00:00,44.1,38.4,38.6,80.77,0.019,100,rain,0,0,19.7,10.8,56,1022.3,100,7,189,0.7,2,,"Rain, Overcast",rain,"72505394728,KJFK,KLGA,74486094789,F8726,KNYC,72503014732"
New york,2025-04-11T12:00:00,44.4,38.7,38.2,78.66,0.012,100,rain,0,0,18.3,11.2,50,1021.9,100,8.6,175,0.6,2,,"Rain, Overcast",rain,"72505394728,KJFK,KLGA,74486094789,F8726,KNYC,72503014732"
New york,2025-04-11T13:00:00,44.4,37.7,38.7,80.15,0.004,100,rain,0,0,21.9,14.4,57,1021.5,100,6.1,253,0.9,3,,"Rain, Overcast",rain,"72505394728,KJFK,KLGA,F8726,KNYC,72503014732"
New york,2025-04-11T14:00:00,44.6,38.3,39.5,82.09,0.013,100,rain,0,0,20.8,13.3,52,1021.1,100,7.8,172,0.6,2,,"Rain, Overcast",rain,"72505394728,KJFK,KLGA,74486094789,F8726,KNYC,72503014732"
New york,2025-04-11T15:00:00,45.2,39.3,38.9,78.4,0.001,100,rain,0,0,19,12.3,45,1020.8,100,8.5,134,0.5,1,,"Rain, Overcast",rain,"72505394728,KJFK,KLGA,F8726,KNYC,72503014732"
New york,2025-04-11T16:00:00,45.5,39.9,39.2,78.28,0,0,,0,0,18.1,11.7,42,1019.5,100,9.2,209,0.8,2,,Overcast,cloudy,"72505394728,KJFK,KLGA,74486094789,F8726,KNYC,72503014732"
New york,2025-04-11T17:00:00,46.2,40.4,38.4,74.32,0,0,,0,0,24.4,12.7,46,1018.9,100,9.9,117,0.4,1,,Overcast,cloudy,"72505394728,KJFK,KLGA,74486094789,F8726,KNYC,72503014732"
New york,2025-04-11T18:00:00,46.5,40.5,37.2,69.95,0.001,100,rain,0,0,20.8,13.5,46,1018.9,100,9.9,28,0.1,0,,"Rain, Overcast",rain,"72505394728,KJFK,KLGA,74486094789,F8726,KNYC,72503014732"
New york,2025-04-11T19:00:00,45,38.8,36.9,73.12,0.015,100,rain,0,0,25.3,13,46,1018.5,100,9.5,3,0,0,,"Rain, Overcast",rain,"72505394728,KJFK,KLGA,74486094789,F8726,KNYC,72503014732"
New york,2025-04-11T20:00:00,43.9,37.5,37.7,78.83,0.03,100,rain,0,0,18.8,12.8,54,1018.1,100,8.8,0,0,0,,"Rain, Overcast",rain,"72505394728,KJFK,KLGA,74486094789,F8726,KNYC,72503014732"
New york,2025-04-11T21:00:00,43.3,36.6,35.8,74.57,0.027,100,rain,0,0,25.4,13.3,64,1017.9,100,9.5,0,0,0,,"Rain, Overcast",rain,"72505394728,KJFK,KLGA,74486094789,F8726,KNYC,72503014732"
New york,2025-04-11T22:00:00,43.2,35.9,37.2,79.21,0.042,100,rain,0,0,26.6,14.8,48,1017.1,100,8,0,0,0,,"Rain, Overcast",rain,"72505394728,KJFK,KLGA,74486094789,F8726,KNYC,72503014732"
New york,2025-04-11T23:00:00,42.7,35.8,37.2,80.53,0.048,100,rain,0,0,23.7,13.5,46,1017.1,100,5.5,0,0,0,,"Rain, Overcast",rain,"72505394728,KJFK,KLGA,74486094789,F8726,KNYC,72503014732"
New york,2025-04-12T00:00:00,42.6,35.8,38.2,84.47,0.114,100,rain,0,0,23.1,12.7,38,1016.3,100,4.9,0,0,0,,"Rain, Overcast",rain,"72505394728,KJFK,KLGA,74486094789,F8726,KNYC,72503014732"
New york,2025-04-12T01:00:00,39.8,30.4,36.3,86.92,0.102,100,rain,0,0,31.7,19.6,56,1015.8,100,4.4,0,0,0,,"Rain, Overcast",rain,"72505394728,KJFK,KLGA,74486094789,F8726,KNYC,72503014732"
New york,2025-04-12T02:00:00,39.5,31.2,35.8,86.55,0.08,100,rain,0,0,31.8,14.8,41,1015.4,100,5.5,0,0,0,,"Rain, Overcast",rain,"72505394728,KJFK,KLGA,74486094789,F8726,KNYC,72503014732"
New york,2025-04-12T03:00:00,38.8,29.7,34.8,85.6,0.095,100,rain,0,0,30.3,16.8,20,1014.4,100,3.7,0,0,0,,"Rain, Overcast",rain,"72505394728,KJFK,KLGA,74486094789,F8726,KNYC,72503014732"
New york,2025-04-12T04:00:00,38.2,29.8,34,84.86,0.079,100,rain,0,0,25.4,14.2,13,1014.3,100,7.8,0,0,0,,"Rain, Overcast",rain,"72505394728,KJFK,KLGA,74486094789,F8726,KNYC,72503014732"
New york,2025-04-12T05:00:00,37.7,29.9,34,86.59,0.069,100,rain,0,0,23.9,12.1,25,1014.3,100,3.8,0,0,0,,"Rain, Overcast",rain,"72505394728,KJFK,KLGA,74486094789,F8726,KNYC,72503014732"
New york,2025-04-12T06:00:00,37,28.4,33.7,87.65,0.072,100,rain,0,0,25.3,13.8,26,1014.1,100,4.7,0,0,0,,"Rain, Overcast",rain,"72505394728,KJFK,KLGA,74486094789,F8726,KNYC,72503014732"
New york,2025-04-12T07:00:00,37.9,29.2,33.7,84.84,0.009,100,rain,0,0,24,14.6,30,1014,100,3.3,13,0,0,,"Rain, Overcast",rain,"72505394728,KJFK,KLGA,74486094789,F8726,KNYC,72503014732"
New york,2025-04-12T08:00:00,37.9,29.3,34,86.01,0.053,100,rain,0.08,0,23.1,14.4,26,1014,100,3.7,34,0.1,0,,"Rain, Overcast",rain,"72505394728,KJFK,KLGA,74486094789,F8726,KNYC,72503014732"
New york,2025-04-12T09:00:00,37.8,29.8,34.1,86.59,0.032,100,rain,0.08,0,22.4,12.5,25,1013.9,100,4,109,0.4,1,,"Rain, Overcast",rain,"72505394728,KJFK,KLGA,F8726,KNYC,72503014732"
New york,2025-04-12T10:00:00,38.2,30,34.8,87.48,0.008,100,rain,0.04,0,31.1,13.7,33,1014.1,100,2,99,0.4,1,,"Rain, Overcast",rain,"72505394728,KJFK,KLGA,74486094789,F8726,KNYC,72503014732"
New york,2025-04-12T11:00:00,38.8,30.1,35,86.36,0.01,100,rain,0,0,26.2,15.6,34,1014.2,100,2,210,0.8,2,,"Rain, Overcast",rain,"72505394728,KJFK,KLGA,74486094789,F8726,KNYC,72503014732"
New york,2025-04-12T12:00:00,39.1,30.9,35.4,86.38,0,0,,0,0,26.3,14.2,36,1014.2,100,5.7,124,0.4,1,,Overcast,cloudy,"72505394728,KJFK,KLGA,74486094789,F8726,KNYC,72503014732"
New york,2025-04-12T13:00:00,39.7,31.8,35.4,84.36,0,0,,0,0,23.7,13.9,26,1014.2,100,6,134,0.5,1,,Overcast,cloudy,"72505394728,KJFK,KLGA,74486094789,F8726,KNYC,72503014732"
New york,2025-04-12T14:00:00,39.7,32.9,35.6,85.22,0.008,100,rain,0,0,17.2,11,20,1013.7,100,5.3,165,0.6,2,,"Rain, Overcast",rain,"72505394728,KJFK,KLGA,74486094789,F8726,KNYC,72503014732"
New york,2025-04-12T15:00:00,39.8,33.5,36,86.43,0.019,100,rain,0,0,25.3,9.7,10,1013.6,100,2.2,135,0.5,1,,"Rain, Overcast",rain,"72505394728,KJFK,KLGA,F8726,KNYC,72503014732"
New york,2025-04-12T16:00:00,40.1,32.9,36,85.25,0.022,100,rain,0,0,20.3,12.1,360,1013.1,100,4,122,0.4,1,,"Rain, Overcast",rain,"72505394728,KJFK,KLGA,74486094789,F8726,KNYC,72503014732"
New york,2025-04-12T17:00:00,39.7,33,36,86.39,0,0,,0,0,21.1,10.7,353,1013,100,2.5,40,0.1,0,,Overcast,cloudy,"72505394728,KJFK,KLGA,74486094789,F8726,KNYC,72503014732"
New york,2025-04-12T18:00:00,40.2,34.2,36,84.75,0.005,100,rain,0,0,22.9,9.3,3,1013.3,100,5.8,17,0.1,0,,"Rain, Overcast",rain,"72505394728,KJFK,KLGA,74486094789,F8726,KNYC,72503014732"
New york,2025-04-12T19:00:00,40,33.2,35.7,84.46,0.005,100,rain,0,0,17.2,11,1,1013.7,100,4.6,4,0,0,,"Rain, Overcast",rain,"72505394728,KJFK,KLGA,F8726,KNYC,72503014732"
New york,2025-04-12T20:00:00,39.5,33.3,36,87.14,0.005,100,rain,0,0,22.1,9.3,17,1013.6,100,4.7,0,0,0,,"Rain, Overcast",rain,"72505394728,KJFK,KLGA,74486094789,F8726,KNYC,72503014732"
New york,2025-04-12T21:00:00,39.8,32.4,35,82.82,0,0,,0,0,21.9,12.7,20,1014,100,8.6,0,0,0,,Overcast,cloudy,"72505394728,KJFK,KLGA,74486094789,F8726,KNYC,72503014732"
New york,2025-04-12T22:00:00,40.5,33.7,34,77.46,0,0,,0,0,23,11.4,25,1014,100,9.1,0,0,0,,Overcast,cloudy,"72505394728,KJFK,KLGA,74486094789,F8726,KNYC,72503014732"
New york,2025-04-12T23:00:00,39.5,32.6,34,80.71,0.01,100,rain,0,0,17.2,11,15,1013.8,100,8,0,0,0,,"Rain, Overcast",rain,"72505394728,KJFK,KLGA,74486094789,F8726,KNYC,72503014732"
New york,2025-04-13T00:00:00,39.1,32.5,34.4,83.19,0,0,,0,0,25.3,10,21,1013.7,100,8.4,0,0,0,,Overcast,cloudy,"72505394728,KJFK,KLGA,74486094789,F8726,KNYC,72503014732"
New york,2025-04-13T01:00:00,39.5,33.9,34.4,81.95,0,0,,0,0,16.6,8.1,360,1013.3,100,7.9,0,0,0,,Overcast,cloudy,"72505394728,KJFK,KLGA,74486094789,F8726,KNYC,72503014732"
New york,2025-04-13T02:00:00,39.5,32.9,34.4,81.95,0.004,100,rain,0,0,19.7,10.3,17,1013,100,9.1,0,0,0,,"Rain, Overcast",rain,"72505394728,KJFK,KLGA,74486094789,F8726,KNYC,72503014732"
New york,2025-04-13T03:00:00,39.8,32.8,34.7,81.58,0,0,,0,0,25.3,11.6,356,1012.5,100,9.9,0,0,0,,Overcast,cloudy,"72505394728,KJFK,KLGA,74486094789,F8726,KNYC,72503014732"
New york,2025-04-13T04:00:00,39.8,33.1,33.7,78.55,0,0,,0,0,21.5,10.7,353,1011.9,100,9.9,0,0,0,,Overcast,cloudy,"72505394728,KJFK,KLGA,74486094789,F8726,KNYC,72503014732"
New york,2025-04-13T05:00:00,40.3,35.7,33.5,76.47,0,0,,0,0,15.9,6.7,16,1012.1,100,8.9,0,0,0,,Overcast,cloudy,"72505394728,KJFK,KLGA,F8726,KNYC,72503014732"
New york,2025-04-13T06:00:00,41.9,38.2,34.1,73.52,0,0,,0,0,16.1,5.7,347,1012.2,100,9.6,0,0,0,,Overcast,cloudy,"72505394728,KJFK,KLGA,F8726,KNYC,72503014732"
New york,2025-04-13T07:00:00,42.2,37.1,34.3,73.39,0.002,100,rain,0,0,15.9,8.4,337,1012.9,95.2,9.9,6,0,0,,"Rain, Overcast",rain,"72505394728,KJFK,KLGA,74486094789,F8726,KNYC,72503014732"
New york,2025-04-13T08:00:00,42.7,37.5,34.3,71.84,0,0,,0,0,16.8,8.8,352,1013.2,95.2,9.9,39,0.1,0,,Overcast,cloudy,"72505394728,KJFK,KLGA,74486094789,F8726,KNYC,72503014732"
New york,2025-04-13T09:00:00,44.1,38.1,34.7,69.29,0,0,,0,0,21.9,11.7,357,1012.8,93.1,9.9,215,0.8,2,,Overcast,cloudy,"72505394728,KJFK,KLGA,74486094789,F8726,KNYC,72503014732"
New york,2025-04-13T10:00:00,47,40.9,36.5,66.73,0,0,,0,0,22.3,14.6,333,1012.7,95.2,9.9,408,1.5,4,,Overcast,cloudy,"72505394728,KJFK,KLGA,74486094789,F8726,KNYC,72503014732"
New york,2025-04-13T11:00:00,49.3,43.1,36,60.01,0,0,,0,0,36.8,17.6,340,1012.6,95.2,9.9,519,1.9,5,,Overcast,cloudy,"72505394728,KJFK,KLGA,74486094789,F8726,KNYC,72503014732"
New york,2025-04-13T12:00:00,51.7,51.7,35.6,54.05,0,0,,0,0,23.5,11.2,324,1012.3,93.1,9.9,455,1.6,5,,Overcast,cloudy,"72505394728,KJFK,KLGA,74486094789,F8726,KNYC,72503014732"
New york,2025-04-13T13:00:00,54.6,54.6,36.2,49.74,0,0,,0,0,25.1,12.5,340,1011.9,88.9,9.9,703,2.5,7,,Partially cloudy,partly-cloudy-day,"72505394728,KJFK,KLGA,74486094789,F8726,KNYC,72503014732"
New york,2025-04-13T14:00:00,54.2,54.2,36.4,50.9,0,0,,0,0,20.8,11.2,323,1011.4,93.1,9.9,485,1.7,5,,Overcast,cloudy,"72505394728,KJFK,KLGA,74486094789,F8726,KNYC,72503014732"
New york,2025-04-13T15:00:00,55,55,35.8,48.31,0,0,,0,0,25.4,15.3,338,1011,93.1,9.9,450,1.6,5,,Overcast,cloudy,"72505394728,KJFK,KLGA,74486094789,F8726,KNYC,72503014732"
New york,2025-04-13T16:00:00,56.6,56.6,36.6,47.07,0,0,,0,0,27,12.5,341,1010.5,88.9,9.9,429,1.5,4,,Partially cloudy,partly-cloudy-day,"72505394728,KJFK,KLGA,74486094789,F8726,KNYC,72503014732"
New york,2025-04-13T17:00:00,56.5,56.5,36.4,46.66,0,0,,0,0,24.2,14.5,356,1010.5,93.1,9.9,153,0.6,2,,Overcast,cloudy,"72505394728,KJFK,KLGA,74486094789,F8726,KNYC,72503014732"
New york,2025-04-13T18:00:00,56.4,56.4,35.8,45.93,0,0,,0,0,21.5,11.1,347,1010.7,93.1,9.9,83,0.3,1,,Overcast,cloudy,"72505394728,KJFK,KLGA,74486094789,F8726,KNYC,72503014732"
New york,2025-04-13T19:00:00,56.5,56.5,35.6,45.33,0,0,,0,0,12.8,10.6,343,1010.9,57.9,9.9,23,0.1,0,,Partially cloudy,partly-cloudy-day,"72505394728,KJFK,KLGA,74486094789,F8726,KNYC,72503014732"
New york,2025-04-13T20:00:00,55.6,55.6,35.6,46.83,0,0,,0,0,11.2,3.8,340,1011.3,26.5,9.9,0,0,0,,Partially cloudy,partly-cloudy-night,"72505394728,KJFK,KLGA,74486094789,F8726,KNYC,72503014732"
New york,2025-04-13T21:00:00,53.8,53.8,36.4,51.51,0,0,,0,0,11,4.9,312,1012,26.5,9.9,0,0,0,,Partially cloudy,partly-cloudy-night,"72505394728,KJFK,KLGA,74486094789,F8726,KNYC,72503014732"
New york,2025-04-13T22:00:00,53.9,53.9,37,52.77,0,0,,0,0,13.9,4.3,278,1012.3,16.8,9.9,0,0,0,,Clear,clear-night,"72505394728,KJFK,KLGA,74486094789,F8726,KNYC,72503014732"
New york,2025-04-13T23:00:00,53.9,53.9,36,50.55,0,0,,0,0,15.4,7,294,1012.2,16.8,9.9,0,0,0,,Clear,clear-night,"72505394728,KJFK,KLGA,74486094789,F8726,KNYC,72503014732"
New york,2025-04-14T00:00:00,53.1,53.1,34.3,48.81,0,0,,0,0,15.2,10.5,304,1012.2,16.8,9.9,0,0,0,,Clear,clear-night,"72505394728,KJFK,KLGA,74486094789,F8726,KNYC,72503014732"
New york,2025-04-14T01:00:00,51.9,51.9,32.8,47.99,0,0,,0,0,14.1,5.8,4,1012.4,16.8,9.9,0,0,0,,Clear,clear-night,"72505394728,KJFK,KLGA,74486094789,F8726,KNYC,72503014732"
New york,2025-04-14T02:00:00,51.2,51.2,32.6,48.96,0,0,,0,0,15.2,6.7,300,1012.7,16.8,9.9,0,0,0,,Clear,clear-night,"72505394728,KJFK,KLGA,74486094789,F8726,KNYC,72503014732"
New york,2025-04-14T03:00:00,50.5,50.5,31.1,47.11,0,0,,0,0,14.1,4.8,269,1012.4,16.8,9.9,0,0,0,,Clear,clear-night,"72505394728,KJFK,KLGA,74486094789,F8726,KNYC,72503014732"
New york,2025-04-14T04:00:00,48.8,48.3,31.9,51.93,0,0,,0,0,13.9,3,311,1012.1,16.8,9.9,0,0,0,,Clear,clear-night,"72505394728,KJFK,KLGA,74486094789,F8726,KNYC,72503014732"
New york,2025-04-14T05:00:00,48.7,46.2,31.8,51.9,0,0,,0,0,13.9,5.8,306,1012.3,16.8,9.9,0,0,0,,Clear,clear-night,"72505394728,KJFK,KLGA,74486094789,F8726,KNYC,72503014732"
New york,2025-04-14T06:00:00,47.7,45,30.9,51.91,0,0,,0,0,14.1,6,278,1012.5,26.5,9.9,1,0,0,,Partially cloudy,partly-cloudy-night,"72505394728,KJFK,KLGA,74486094789,F8726,KNYC,72503014732"
New york,2025-04-14T07:00:00,48.8,46,31.3,50.75,0,0,,0,0,13.9,6.5,275,1013,54.9,9.9,59,0.2,1,,Partially cloudy,partly-cloudy-day,"72505394728,KJFK,KLGA,74486094789,F8726,KNYC,72503014732"
New york,2025-04-14T08:00:00,50.2,50.2,32.7,50.84,0,0,,0,0,12.3,6.2,279,1013.3,54.9,9.9,277,1,3,,Partially cloudy,partly-cloudy-day,"72505394728,KJFK,KLGA,74486094789,F8726,KNYC,72503014732"
New york,2025-04-14T09:00:00,53.1,53.1,32.1,44.71,0,0,,0,0,8.7,4.8,284,1012.5,54.9,9.9,260,0.9,3,,Partially cloudy,partly-cloudy-day,"72505394728,KJFK,KLGA,74486094789,F8726,KNYC,72503014732"
New york,2025-04-14T10:00:00,54.7,54.7,31.5,41.02,0,0,,0,0,7.8,2.9,315,1012.2,54.9,9.9,333,1.2,3,,Partially cloudy,partly-cloudy-day,"72505394728,KJFK,KLGA,74486094789,F8726,KNYC,72503014732"
New york,2025-04-14T11:00:00,56.4,56.4,32.3,39.94,0,0,,0,0,7.4,5.6,279,1011.9,54.9,9.9,170,0.6,2,,Partially cloudy,partly-cloudy-day,"72505394728,KJFK,KLGA,74486094789,F8726,KNYC,72503014732"
New york,2025-04-14T12:00:00,57.5,57.5,31.8,37.63,0,0,,0,0,8.9,3.3,280,1011.7,83.8,9.9,200,0.7,2,,Partially cloudy,partly-cloudy-day,"72505394728,KJFK,KLGA,74486094789,F8726,KNYC,72503014732"
New york,2025-04-14T13:00:00,58.6,58.6,32.3,36.81,0,0,,0,0,12.3,7.6,226,1011.2,93.1,9.9,565,2,6,,Overcast,cloudy,"72505394728,KJFK,KLGA,74486094789,F8726,KNYC,72503014732"
New york,2025-04-14T14:00:00,60.6,60.6,30.5,32,0,0,,0,0,14.1,3.8,280,1010.4,58.2,9.9,509,1.8,5,,Partially cloudy,partly-cloudy-day,"72505394728,KJFK,KLGA,74486094789,F8726,KNYC,72503014732"
New york,2025-04-14T15:00:00,62.9,62.9,31.3,30.35,0,0,,0,0,14.5,9.1,210,1009.3,54.9,9.9,542,2,5,,Partially cloudy,partly-cloudy-day,"72505394728,KJFK,KLGA,74486094789,F8726,KNYC,72503014732"
New york,2025-04-14T16:00:00,64.1,64.1,30.4,28.04,0,0,,0,0,13.2,6.6,237,1008.5,54.9,9.9,258,0.9,3,,Partially cloudy,partly-cloudy-day,"72505394728,KJFK,KLGA,74486094789,F8726,KNYC,72503014732"
New york,2025-04-14T17:00:00,61.9,61.9,33.4,34.25,0,0,,0,0,11.6,13.9,166,1007.6,88.9,9.9,203,0.7,2,,Partially cloudy,partly-cloudy-day,"72505394728,KJFK,KLGA,74486094789,F8726,KNYC,72503014732"
New york,2025-04-14T18:00:00,58.4,58.4,35.2,41.6,0,0,,0,0,10.7,13.1,176,1007.8,93.1,9.9,117,0.4,1,,Overcast,cloudy,"72505394728,KJFK,KLGA,74486094789,F8726,KNYC,72503014732"
New york,2025-04-14T19:00:00,57.8,57.8,36.6,44.96,0,0,,0,0,10.3,6.6,121,1006.6,54.9,9.9,34,0.1,0,,Partially cloudy,partly-cloudy-day,"72505394728,KJFK,KLGA,74486094789,F8726,KNYC,72503014732"
New york,2025-04-14T20:00:00,55.3,55.3,38.3,52.8,0,0,,0,0,10.3,4.1,124,1006.2,54.9,9.9,0,0,0,,Partially cloudy,partly-cloudy-night,"72505394728,KJFK,KLGA,74486094789,F8726,KNYC,72503014732"
New york,2025-04-14T21:00:00,53.4,53.4,39.5,59.11,0,0,,0,0,10.5,3.8,227,1006.7,54.9,9.9,0,0,0,,Partially cloudy,partly-cloudy-night,"72505394728,KJFK,KLGA,74486094789,F8726,KNYC,72503014732"
New york,2025-04-14T22:00:00,53.9,53.9,41.1,61.72,0,0,,0,0,9.8,3.1,83,1006.6,88.9,9.9,0,0,0,,Partially cloudy,partly-cloudy-night,"72505394728,KJFK,KLGA,74486094789,F8726,KNYC,72503014732"
New york,2025-04-14T23:00:00,52.8,52.8,41.1,64.26,0,0,,0,0,8.9,3.9,118,1005.3,70.1,9.9,0,0,0,,Partially cloudy,partly-cloudy-night,"72505394728,KJFK,KLGA,74486094789,F8726,KNYC,72503014732"
New york,2025-04-15T00:00:00,52.8,52.8,42.2,67.08,0,0,,0,0,8.3,5.1,103,1004.9,93.6,9.9,0,0,0,,Overcast,cloudy,"72505394728,KJFK,KLGA,74486094789,F8726,KNYC,72503014732"
New york,2025-04-15T01:00:00,53.3,53.3,41.5,64.18,0.048,100,rain,0,0,6.7,4.9,112,1005.8,97.6,6.8,0,0,0,,"Rain, Overcast",rain,"72505394728,KJFK,KLGA,74486094789,F8726,KNYC,72503014732"
New york,2025-04-15T02:00:00,52.7,52.7,47.7,82.95,0.026,100,rain,0,0,8.3,3.2,82,1002.7,95.8,9.2,0,0,0,,"Rain, Overcast",rain,"72505394728,KJFK,KLGA,74486094789,F8726,KNYC,72503014732"
New york,2025-04-15T03:00:00,51.7,51.7,47.3,85.08,0,0,,0,0,11,2,64,1001.7,100,8.8,0,0,0,,Overcast,cloudy,"72505394728,KJFK,KLGA,74486094789,F8726,KNYC,72503014732"
New york,2025-04-15T04:00:00,51.4,51.4,46.7,83.67,0,0,,0,0,10.5,3.6,64,1000.8,95.8,9.5,0,0,0,,Overcast,cloudy,"72505394728,KJFK,KLGA,74486094789,F8726,KNYC,72503014732"
New york,2025-04-15T05:00:00,49.9,49.9,45.4,84.38,0,0,,0,0,9.4,1.3,26,1000.4,61.8,9.9,0,0,0,,Partially cloudy,partly-cloudy-night,"72505394728,KJFK,KLGA,74486094789,F8726,KNYC,72503014732"
New york,2025-04-15T06:00:00,48.7,47.1,45,87.02,0,0,,0,0,9.8,4.4,54,1000.1,54.9,9.4,0,0,0,,Partially cloudy,partly-cloudy-night,"72505394728,KJFK,KLGA,74486094789,F8726,KNYC,72503014732"
New york,2025-04-15T07:00:00,49.7,49.1,45.6,85.77,0,0,,0,0,9.6,3.3,39,1000.3,65.3,8.7,21,0.1,0,,Partially cloudy,partly-cloudy-day,"72505394728,KJFK,KLGA,74486094789,F8726,KNYC,72503014732"
New york,2025-04-15T08:00:00,52,52,46.8,82.4,0,0,,0,0,11.4,3.3,355,1000.2,91.9,8.3,92,0.3,1,,Overcast,cloudy,"72505394728,KJFK,KLGA,74486094789,F8726,KNYC,72503014732"
New york,2025-04-15T09:00:00,54.6,54.6,47.9,77.93,0,0,,0,0,14.3,4.7,349,999.1,79.1,9.9,93,0.3,1,,Partially cloudy,partly-cloudy-day,"72505394728,KJFK,KLGA,74486094789,F8726,KNYC,72503014732"
New york,2025-04-15T10:00:00,57,57,49.1,74.73,0,0,,0,0,16.3,5.8,190,998.3,88.9,9.9,188,0.7,2,,Partially cloudy,partly-cloudy-day,"72505394728,KJFK,KLGA,74486094789,F8726,KNYC,72503014732"
New york,2025-04-15T11:00:00,61.1,61.1,50.4,68,0,0,,0,0,16.6,3,281,998.3,93.1,9.9,216,0.8,2,,Overcast,cloudy,"72505394728,KJFK,KLGA,74486094789,F8726,KNYC,72503014732"
New york,2025-04-15T12:00:00,62.6,62.6,49.5,62.29,0,0,,0,0,16.8,5.4,241,997.5,98.2,9.9,271,1,3,,Overcast,cloudy,"72505394728,KJFK,KLGA,74486094789,F8726,KNYC,72503014732"
New york,2025-04-15T13:00:00,65.6,65.6,44.7,46.8,0,0,,0,0,21.9,9.5,264,997,65.3,9.9,583,2.1,6,,Partially cloudy,partly-cloudy-day,"72505394728,KJFK,KLGA,74486094789,F8726,KNYC,72503014732"
New york,2025-04-15T14:00:00,68.6,68.6,41,36.7,0,0,,0,0,23.3,10.9,246,996.1,54.9,9.9,790,2.8,8,,Partially cloudy,partly-cloudy-day,"72505394728,KJFK,KLGA,74486094789,F8726,KNYC,72503014732"
New york,2025-04-15T15:00:00,68.7,68.7,34.2,27.92,0,0,,0,0,28.4,16.1,238,995.2,54.9,9.9,633,2.3,6,,Partially cloudy,partly-cloudy-day,"72505394728,KJFK,KLGA,74486094789,F8726,KNYC,72503014732"
New york,2025-04-15T16:00:00,68.1,68.1,32.5,26.64,0,0,,0,0,30.1,18.9,254,994.8,93.1,9.9,534,1.9,5,,Overcast,cloudy,"72505394728,KJFK,KLGA,74486094789,F8726,KNYC,72503014732"
New york,2025-04-15T17:00:00,63.5,63.5,32,30.61,0,0,,0,0,42.6,23.1,280,996.3,93.1,9.9,414,1.5,4,,Overcast,cloudy,"72505394728,KJFK,KLGA,74486094789,F8726,KNYC,72503014732"
New york,2025-04-15T18:00:00,60.4,60.4,32.7,35.13,0,0,,0,0,36.8,17.7,299,997.3,88.9,9.9,165,0.6,2,,Partially cloudy,partly-cloudy-day,"72505394728,KJFK,KLGA,74486094789,F8726,KNYC,72503014732"
New york,2025-04-15T19:00:00,55.6,55.6,35.2,46.05,0,0,,0,0,31.9,12.8,308,998.7,27.3,9.9,25,0.1,0,,Partially cloudy,partly-cloudy-day,"72505394728,KJFK,KLGA,74486094789,F8726,KNYC,72503014732"
New york,2025-04-15T20:00:00,55.9,55.9,33.2,42.18,0,0,,0,0,28.2,9.7,278,999.6,50,9.9,0,0,0,,Partially cloudy,partly-cloudy-night,"72505394728,KJFK,KLGA,74486094789,F8726,KNYC,72503014732"
New york,2025-04-15T21:00:00,54.5,54.5,31.5,41.32,0,0,,0,0,27.6,12.5,284,1000.6,93.1,9.9,0,0,0,,Overcast,cloudy,"72505394728,KJFK,KLGA,74486094789,F8726,KNYC,72503014732"
New york,2025-04-15T22:00:00,53.2,53.2,32.3,44.76,0,0,,0,0,28.7,15,283,1001.3,96.1,9.9,0,0,0,,Overcast,cloudy,"72505394728,KJFK,KLGA,74486094789,F8726,KNYC,72503014732"
New york,2025-04-15T23:00:00,51.1,51.1,29.8,43.79,0,0,,0,0,38.2,19.7,286,1002.4,93.1,9.9,0,0,0,,Overcast,cloudy,"72505394728,KJFK,KLGA,74486094789,F8726,KNYC,72503014732"
New york,2025-04-16T00:00:00,49.5,43,26.4,40.29,0,0,,0,0,37.3,19.8,284,1003,89.9,9.9,0,0,0,,Partially cloudy,partly-cloudy-night,"72505394728,KJFK,KLGA,74486094789,F8726,KNYC,72503014732"
New york,2025-04-16T01:00:00,48.7,42.6,25.7,40.34,0,0,,0,0,32.7,16.8,300,1003.2,95.2,9.9,0,0,0,,Overcast,cloudy,"72505394728,KJFK,KLGA,74486094789,F8726,KNYC,72503014732"
New york,2025-04-16T02:00:00,48.7,43.4,26.6,42.01,0,0,,0,0,25.5,13.5,292,1003.3,93.1,9.9,0,0,0,,Overcast,cloudy,"72505394728,KJFK,KLGA,74486094789,F8726,KNYC,72503014732"
New york,2025-04-16T03:00:00,48.5,43.6,26.2,41.62,0,0,,0,0,30.2,11.7,294,1003.6,97.9,9.9,0,0,0,,Overcast,cloudy,"72505394728,KJFK,KLGA,74486094789,F8726,KNYC,72503014732"
New york,2025-04-16T04:00:00,47.6,42.9,26.6,43.66,0,0,,0,0,27.6,10.3,266,1003.7,97.9,9.9,0,0,0,,Overcast,cloudy,"72505394728,KJFK,KLGA,74486094789,F8726,KNYC,72503014732"
New york,2025-04-16T05:00:00,47.1,40.9,26.6,44.52,0,0,,0,0,27.6,14.9,263,1003.8,93.1,9.9,0,0,0,,Overcast,cloudy,"72505394728,KJFK,KLGA,74486094789,F8726,KNYC,72503014732"
New york,2025-04-16T06:00:00,47.2,40.9,27.2,45.41,0,0,,0,0,29.1,15.7,278,1004.2,93.1,9.9,0,0,0,,Overcast,cloudy,"72505394728,KJFK,KLGA,74486094789,F8726,KNYC,72503014732"
New york,2025-04-16T07:00:00,46,39.3,26.7,46.64,0,0,,0,0,30.4,15.9,288,1004.9,88.9,9.9,55,0.2,1,,Partially cloudy,partly-cloudy-day,"72505394728,KJFK,KLGA,74486094789,F8726,KNYC,72503014732"
New york,2025-04-16T08:00:00,46,38.8,26,45.33,0,0,,0,0,31.5,18,278,1005.7,93.1,9.9,202,0.7,2,,Overcast,cloudy,"72505394728,KJFK,KLGA,74486094789,F8726,KNYC,72503014732"
New york,2025-04-16T09:00:00,46,38.8,25.4,44.2,0,0,,0,0,30.6,18.1,296,1006.2,96.1,9.9,212,0.8,2,,Overcast,cloudy,"72505394728,KJFK,KLGA,74486094789,F8726,KNYC,72503014732"
New york,2025-04-16T10:00:00,46.6,40.6,26.5,45.08,0,0,,0,0,29.1,13.9,300,1006.6,93.1,9.9,207,0.7,2,,Overcast,cloudy,"72505394728,KJFK,KLGA,74486094789,F8726,KNYC,72503014732"
New york,2025-04-16T11:00:00,47.9,41.8,24.5,39.54,0,0,,0,0,30.2,15.9,283,1007.1,93.1,9.9,294,1.1,3,,Overcast,cloudy,"72505394728,KJFK,KLGA,74486094789,F8726,KNYC,72503014732"
New york,2025-04-16T12:00:00,48.4,40.8,24.5,38.91,0,0,,0,0,35.6,23.5,307,1007.4,93.1,9.9,254,0.9,3,,Overcast,cloudy,"72505394728,KJFK,KLGA,74486094789,F8726,KNYC,72503014732"
New york,2025-04-16T13:00:00,49.3,43.8,24.3,37.26,0,0,,0,0,30.1,14.6,282,1007.4,93.1,9.9,327,1.2,3,,Overcast,cloudy,"72505394728,KJFK,KLGA,74486094789,F8726,KNYC,72503014732"
New york,2025-04-16T14:00:00,49.3,43.5,23.8,36.48,0,0,,0,0,33.4,15.7,289,1007.6,97.9,9.9,356,1.3,4,,Overcast,cloudy,"72505394728,KJFK,KLGA,74486094789,F8726,KNYC,72503014732"
New york,2025-04-16T15:00:00,49.9,43.7,24.4,36.6,0,0,,0,0,35.2,19.3,288,1007.8,93.1,9.9,304,1.1,3,,Overcast,cloudy,"72505394728,KJFK,KLGA,74486094789,F8726,KNYC,72503014732"
New york,2025-04-16T16:00:00,50.9,50.9,24.4,35.33,0,0,,0,0,31.8,18,268,1007.9,93.1,9.9,197,0.7,2,,Overcast,cloudy,"72505394728,KJFK,KLGA,74486094789,F8726,KNYC,72503014732"
New york,2025-04-16T17:00:00,49.8,43.8,25.3,38.23,0,0,,0,0,32.7,17.4,298,1008.5,93.1,9.9,106,0.4,1,,Overcast,cloudy,"72505394728,KJFK,KLGA,74486094789,F8726,KNYC,72503014732"
New york,2025-04-16T18:00:00,50.2,50.2,26.5,39.44,0,0,,0,0,30.6,16.9,304,1009.3,93.1,9.9,63,0.2,1,,Overcast,cloudy,"72505394728,KJFK,KLGA,74486094789,F8726,KNYC,72503014732"
New york,2025-04-16T19:00:00,49.3,43.2,26.1,40.2,0,0,,0,0,31.5,17.5,306,1010.2,94.4,9.9,11,0,0,,Overcast,cloudy,"72505394728,KJFK,KLGA,74486094789,F8726,KNYC,72503014732"
New york,2025-04-16T20:00:00,47.8,41.1,26.1,42.55,0,0,,0,0,31.9,17.9,294,1011.5,93.1,9.9,0,0,0,,Overcast,cloudy,"72505394728,KJFK,KLGA,74486094789,F8726,KNYC,72503014732"
New york,2025-04-16T21:00:00,47.4,40.2,26.1,43.17,0,0,,0,0,31.4,19.6,306,1012.6,93.1,9.9,0,0,0,,Overcast,cloudy,"72505394728,KJFK,KLGA,74486094789,F8726,KNYC,72503014732"
New york,2025-04-16T22:00:00,47,40.1,26.8,45.14,0,0,,0,0,33.4,18,302,1013.6,93.1,9.9,0,0,0,,Overcast,cloudy,"72505394728,KJFK,KLGA,74486094789,F8726,KNYC,72503014732"
New york,2025-04-16T23:00:00,46.9,40.4,27.4,46.41,0,0,,0,0,29.2,15.8,308,1014.5,97.9,9.9,0,0,0,,Overcast,cloudy,"72505394728,KJFK,KLGA,74486094789,F8726,KNYC,72503014732"
New york,2025-04-17T00:00:00,45.4,38.4,27.4,49.1,0,0,,0,0,29,16.2,316,1015.3,97.9,9.9,0,0,0,,Overcast,cloudy,"72505394728,KJFK,KLGA,74486094789,F8726,KNYC,72503014732"
New york,2025-04-17T01:00:00,44.8,37.4,27.9,51.1,0,0,,0,0,29.5,17.5,314,1015.8,97.9,9.9,0,0,0,,Overcast,cloudy,"72505394728,KJFK,KLGA,74486094789,F8726,KNYC,72503014732"
New york,2025-04-17T02:00:00,44.6,38.2,27.4,50.5,0,0,,0,0,28.1,13.4,290,1016.1,76.5,9.9,0,0,0,,Partially cloudy,partly-cloudy-night,"72505394728,KJFK,KLGA,74486094789,F8726,KNYC,72503014732"
New york,2025-04-17T03:00:00,44.5,38.4,27.4,50.83,0,0,,0,0,24.8,12.1,292,1016.4,85.7,9.9,0,0,0,,Partially cloudy,partly-cloudy-night,"72505394728,KJFK,KLGA,74486094789,F8726,KNYC,72503014732"
New york,2025-04-17T04:00:00,43.7,36.6,27.8,53.3,0,0,,0,0,29.8,14.9,303,1016.9,85.7,9.9,0,0,0,,Partially cloudy,partly-cloudy-night,"72505394728,KJFK,KLGA,74486094789,F8726,KNYC,72503014732"
New york,2025-04-17T05:00:00,43.7,37.7,27.8,53.3,0,0,,0,0,22,11.3,306,1017.4,34.3,9.9,0,0,0,,Partially cloudy,partly-cloudy-night,"72505394728,KJFK,KLGA,74486094789,F8726,KNYC,72503014732"
New york,2025-04-17T06:00:00,43.7,38.5,27.9,53.41,0,0,,0,0,16.6,9.3,303,1018.1,16.8,9.9,2,0,0,,Clear,clear-night,"72505394728,KJFK,KLGA,74486094789,F8726,KNYC,72503014732"
New york,2025-04-17T07:00:00,43.7,38.3,27.5,52.71,0,0,,0,0,16.8,9.8,303,1018.9,16.8,9.9,68,0.2,1,,Clear,clear-day,"72505394728,KJFK,KLGA,74486094789,F8726,KNYC,72503014732"
New york,2025-04-17T08:00:00,45,38.2,27.2,49.4,0,0,,0,0,22.2,15.3,296,1019.6,5.2,9.9,271,1,3,,Clear,clear-day,"72505394728,KJFK,KLGA,74486094789,F8726,KNYC,72503014732"
New york,2025-04-17T09:00:00,47,41.2,24.6,41.2,0,0,,0,0,20.4,13.7,310,1019.8,0,9.9,451,1.6,5,,Clear,clear-day,"72505394728,KJFK,KLGA,74486094789,F8726,KNYC,72503014732"
New york,2025-04-17T10:00:00,49.1,43.7,22.5,34.79,0,0,,0,0,23.6,14.3,317,1020.2,0,9.9,663,2.4,7,,Clear,clear-day,"72505394728,KJFK,KLGA,74486094789,F8726,KNYC,72503014732"
New york,2025-04-17T11:00:00,50.8,50.8,24,34.93,0,0,,0,0,21.9,12.9,306,1020.5,5.2,9.9,804,2.9,8,,Clear,clear-day,"72505394728,KJFK,KLGA,74486094789,F8726,KNYC,72503014732"
New york,2025-04-17T12:00:00,53.6,53.6,23.8,31.14,0,0,,0,0,21,12.5,308,1020.4,16.8,9.9,881,3.2,9,,Clear,clear-day,"72505394728,KJFK,KLGA,74486094789,F8726,KNYC,72503014732"
New york,2025-04-17T13:00:00,56.2,56.2,24,28.61,0,0,,0,0,21.5,10.5,299,1019.6,5.2,9.9,893,3.2,9,,Clear,clear-day,"72505394728,KJFK,KLGA,74486094789,F8726,KNYC,72503014732"
New york,2025-04-17T14:00:00,59.8,59.8,22.6,23.71,0,0,,0,0,24.2,13.1,270,1019.2,0,9.9,840,3,8,,Clear,clear-day,"72505394728,KJFK,KLGA,74486094789,F8726,KNYC,72503014732"
New york,2025-04-17T15:00:00,61.1,61.1,20.4,20.61,0,0,,0,0,24.1,11.2,285,1019.2,16.8,9.9,722,2.6,7,,Clear,clear-day,"72505394728,KJFK,KLGA,74486094789,F8726,KNYC,72503014732"
New york,2025-04-17T16:00:00,62.5,62.5,19.1,18.57,0,0,,0,0,24.7,11.3,276,1019.1,16.8,9.9,537,1.9,5,,Clear,clear-day,"72505394728,KJFK,KLGA,74486094789,F8726,KNYC,72503014732"
New york,2025-04-17T17:00:00,63.2,63.2,18.2,17.43,0,0,,0,0,23.6,9.4,290,1018.7,21.1,9.9,331,1.2,3,,Partially cloudy,partly-cloudy-day,"72505394728,KJFK,KLGA,74486094789,F8726,KNYC,72503014732"
New york,2025-04-17T18:00:00,62.8,62.8,18.7,18.03,0,0,,0,0,23,11.7,310,1018.6,26.5,9.9,149,0.5,1,,Partially cloudy,partly-cloudy-day,"72505394728,KJFK,KLGA,74486094789,F8726,KNYC,72503014732"
New york,2025-04-17T19:00:00,61.9,61.9,18.1,18.16,0,0,,0,0,11.9,11,306,1018.9,30.9,9.9,31,0.1,0,,Partially cloudy,partly-cloudy-day,"72505394728,KJFK,KLGA,74486094789,F8726,KNYC,72503014732"
New york,2025-04-17T20:00:00,59.5,59.5,20.5,21.84,0,0,,0,0,7.2,8.6,307,1019.9,16.8,9.9,0,0,0,,Clear,clear-night,"72505394728,KJFK,KLGA,74486094789,F8726,KNYC,72503014732"
New york,2025-04-17T21:00:00,59.4,59.4,19.6,21.2,0,0,,0,0,9.2,7.4,286,1020.8,16.8,9.9,0,0,0,,Clear,clear-night,"72505394728,KJFK,KLGA,74486094789,F8726,KNYC,72503014732"
New york,2025-04-17T22:00:00,58.3,58.3,18.9,21.34,0,0,,0,0,9.4,6.2,296,1021.3,16.8,9.9,0,0,0,,Clear,clear-night,"72505394728,KJFK,KLGA,74486094789,F8726,KNYC,72503014732"
New york,2025-04-17T23:00:00,55.6,55.6,19.6,24.25,0,0,,0,0,9.2,3.5,348,1022,5.2,9.9,0,0,0,,Clear,clear-night,"72505394728,KJFK,KLGA,74486094789,F8726,KNYC,72503014732"
New york,2025-04-18T00:00:00,54.4,54.4,21.7,27.77,0,0,,0,0,8.1,4,272,1022.5,5.2,9.9,0,0,0,,Clear,clear-night,"72505394728,KJFK,KLGA,74486094789,F8726,KNYC,72503014732"
New york,2025-04-18T01:00:00,53.5,53.5,22,29.11,0,0,,0,0,7.6,3.9,290,1023,16.8,9.9,0,0,0,,Clear,clear-night,"72505394728,KJFK,KLGA,74486094789,F8726,KNYC,72503014732"
New york,2025-04-18T02:00:00,51.3,51.3,24.4,34.8,0,0,,0,0,7.4,0,0,1023.3,16.8,9.9,0,0,0,,Clear,clear-night,"72505394728,KJFK,KLGA,74486094789,F8726,KNYC,72503014732"
New york,2025-04-18T03:00:00,49.7,49.7,24.5,37.02,0,0,,0,0,8.1,0,0,1023.5,16.8,9.9,0,0,0,,Clear,clear-night,"72505394728,KJFK,KLGA,74486094789,F8726,KNYC,72503014732"
New york,2025-04-18T04:00:00,48.2,48.2,26.7,43.01,0,0,,0,0,7.4,0,0,1023.6,16.8,9.9,0,0,0,,Clear,clear-night,"72505394728,KJFK,KLGA,74486094789,F8726,KNYC,72503014732"
New york,2025-04-18T05:00:00,47.1,46.3,27.6,46.55,0,0,,0,0,7.8,3.1,54,1024.1,16.8,9.5,0,0,0,,Clear,clear-night,"72505394728,KJFK,KLGA,74486094789,F8726,KNYC,72503014732"
New york,2025-04-18T06:00:00,46.1,45.2,28.6,50.27,0,0,,0,0,7.4,3.1,45,1024.5,16.8,9.9,2,0,0,,Clear,clear-night,"72505394728,KJFK,KLGA,74486094789,F8726,KNYC,72503014732"
New york,2025-04-18T07:00:00,46.1,44.5,32.8,59.65,0,0,,0,0,8.1,3.8,31,1025.2,47.4,9.9,70,0.3,1,,Partially cloudy,partly-cloudy-day,"72505394728,KJFK,KLGA,74486094789,F8726,KNYC,72503014732"
New york,2025-04-18T08:00:00,50.5,50.5,33.2,51.21,0,0,,0,0,7.8,3.1,66,1025.5,54.9,9.9,247,0.9,2,,Partially cloudy,partly-cloudy-day,"72505394728,KJFK,KLGA,74486094789,F8726,KNYC,72503014732"
New york,2025-04-18T09:00:00,54.6,54.6,32.4,42.62,0,0,,0,0,7.6,0.6,309,1025.9,54.9,9.9,480,1.7,5,,Partially cloudy,partly-cloudy-day,"72505394728,KJFK,KLGA,74486094789,F8726,KNYC,72503014732"
New york,2025-04-18T10:00:00,59,59,25.6,27.54,0,0,,0,0,18.3,8.2,224,1025.4,30.9,9.9,684,2.5,7,,Partially cloudy,partly-cloudy-day,"72505394728,KJFK,KLGA,74486094789,F8726,KNYC,72503014732"
New york,2025-04-18T11:00:00,62.7,62.7,25.3,23.93,0,0,,0,0,21.9,8.8,201,1024.7,26.5,9.9,827,3,8,,Partially cloudy,partly-cloudy-day,"72505394728,KJFK,KLGA,74486094789,F8726,KNYC,72503014732"
New york,2025-04-18T12:00:00,63.5,63.5,28.5,26.59,0,0,,0,0,23.7,10.3,181,1024.1,21.1,9.9,904,3.3,9,,Partially cloudy,partly-cloudy-day,"72505394728,KJFK,KLGA,74486094789,F8726,KNYC,72503014732"
New york,2025-04-18T13:00:00,64.8,64.8,33.1,30.66,0,0,,0,0,28.9,13.2,159,1023.6,26.5,9.9,915,3.3,9,,Partially cloudy,partly-cloudy-day,"72505394728,KJFK,KLGA,74486094789,F8726,KNYC,72503014732"
New york,2025-04-18T14:00:00,65.2,65.2,35.5,33.1,0,0,,0,0,30.6,15,170,1022.2,30.9,9.9,844,3,8,,Partially cloudy,partly-cloudy-day,"72505394728,KJFK,KLGA,74486094789,F8726,KNYC,72503014732"
New york,2025-04-18T15:00:00,62.6,62.6,35.2,35.85,0,0,,0,0,34.7,17.6,180,1021.1,54.9,9.9,326,1.2,3,,Partially cloudy,partly-cloudy-day,"72505394728,KJFK,KLGA,74486094789,F8726,KNYC,72503014732"
New york,2025-04-18T16:00:00,59.6,59.6,31.5,34.4,0,0,,0,0,35.9,17.9,176,1020.5,54.9,9.9,278,1,3,,Partially cloudy,partly-cloudy-day,"72505394728,KJFK,KLGA,74486094789,F8726,KNYC,72503014732"
New york,2025-04-18T17:00:00,59.3,59.3,32.8,36.71,0,0,,0,0,37.9,13.8,168,1020.5,57,9.9,109,0.4,1,,Partially cloudy,partly-cloudy-day,"72505394728,KJFK,KLGA,74486094789,F8726,KNYC,72503014732"
New york,2025-04-18T18:00:00,58.3,58.3,36.6,44.14,0,0,,0,0,26.2,14.8,173,1019.6,95.2,9.9,70,0.3,1,,Overcast,cloudy,"72505394728,KJFK,KLGA,74486094789,F8726,KNYC,72503014732"
New york,2025-04-18T19:00:00,56.9,56.9,40.6,54.41,0,0,,0,0,35.3,13.7,160,1017.8,54.9,9.9,30,0.1,0,,Partially cloudy,partly-cloudy-day,"72505394728,KJFK,KLGA,74486094789,F8726,KNYC,72503014732"
New york,2025-04-18T20:00:00,56.4,56.4,41.8,57.86,0,0,,0,0,33.2,11.8,183,1018.3,47.7,9.9,0,0,0,,Partially cloudy,partly-cloudy-night,"72505394728,KJFK,KLGA,74486094789,F8726,KNYC,72503014732"
New york,2025-04-18T21:00:00,55.4,55.4,43.8,64.93,0,0,,0,0,31.1,8.8,167,1017.9,57,9.9,0,0,0,,Partially cloudy,partly-cloudy-night,"72505394728,KJFK,KLGA,74486094789,F8726,KNYC,72503014732"
New york,2025-04-18T22:00:00,55.3,55.3,44.6,67.33,0,0,,0,0,13.2,8.5,169,1017.7,54.9,9.9,0,0,0,,Partially cloudy,partly-cloudy-night,"72505394728,KJFK,KLGA,74486094789,F8726,KNYC,72503014732"
New york,2025-04-18T23:00:00,54.2,54.2,45.4,71.87,0,0,,0,0,13.9,7.9,115,1017.8,54.9,9.9,0,0,0,,Partially cloudy,partly-cloudy-night,"72505394728,KJFK,KLGA,74486094789,F8726,KNYC,72503014732"
New york,2025-04-19T00:00:00,53.6,53.6,45.8,74.81,0,0,,0,0,14.1,6.6,129,1017.4,54.9,9.9,0,0,0,,Partially cloudy,partly-cloudy-night,"72505394728,KJFK,KLGA,74486094789,F8726,KNYC,72503014732"
New york,2025-04-19T01:00:00,53.2,53.2,45.8,75.87,0,0,,0,0,13.6,4.7,131,1017,54.9,9.9,0,0,0,,Partially cloudy,partly-cloudy-night,"72505394728,KJFK,KLGA,74486094789,F8726,KNYC,72503014732"
New york,2025-04-19T02:00:00,53.6,53.6,46,75.3,0,0,,0,0,15.2,2.5,232,1017.6,59.6,9.9,0,0,0,,Partially cloudy,partly-cloudy-night,"72505394728,KJFK,KLGA,74486094789,F8726,KNYC,72503014732"
New york,2025-04-19T03:00:00,55.6,55.6,46.8,72.23,0,0,,0,0,15.4,7.9,178,1015.4,54.9,9.9,0,0,0,,Partially cloudy,partly-cloudy-night,"72505394728,KJFK,KLGA,74486094789,F8726,KNYC,72503014732"
New york,2025-04-19T04:00:00,57.8,57.8,47.2,67.69,0,0,,0,0,16.1,7.1,183,1015,57,9.9,0,0,0,,Partially cloudy,partly-cloudy-night,"72505394728,KJFK,KLGA,74486094789,F8726,KNYC,72503014732"
New york,2025-04-19T05:00:00,58.9,58.9,48.1,67.14,0,0,,0,0,16.3,9.1,201,1014.9,61.8,9.9,0,0,0,,Partially cloudy,partly-cloudy-night,"72505394728,KJFK,KLGA,74486094789,F8726,KNYC,72503014732"
New york,2025-04-19T06:00:00,60.7,60.7,48.7,64.71,0,0,,0,0,15.9,7.1,186,1015.2,61.8,9.9,0,0,0,,Partially cloudy,partly-cloudy-night,"72505394728,KJFK,KLGA,74486094789,F8726,KNYC,72503014732"
New york,2025-04-19T07:00:00,61.2,61.2,48.7,63.62,0,0,,0,0,17.2,7.5,199,1015.8,57,9.7,32,0.1,0,,Partially cloudy,partly-cloudy-day,"72505394728,KJFK,KLGA,74486094789,F8726,KNYC,72503014732"
New york,2025-04-19T08:00:00,64.9,64.9,50.2,59.04,0,0,,0,0,17.7,11.8,218,1015.8,76.1,9.7,47,0.2,0,,Partially cloudy,partly-cloudy-day,"72505394728,KJFK,KLGA,74486094789,F8726,KNYC,72503014732"
New york,2025-04-19T09:00:00,65.4,65.4,50.4,58.36,0,0,,0,0,21.9,9.8,221,1015.8,72.2,9.9,71,0.3,1,,Partially cloudy,partly-cloudy-day,"72505394728,KJFK,KLGA,74486094789,F8726,KNYC,72503014732"
New york,2025-04-19T10:00:00,67,67,50.7,55.74,0,0,,0,0,21.9,10.3,240,1016,60.9,9.9,186,0.7,2,,Partially cloudy,partly-cloudy-day,"72505394728,KJFK,KLGA,74486094789,F8726,KNYC,72503014732"
New york,2025-04-19T11:00:00,70.3,70.3,51.9,52.13,0,0,,0,0,19.9,8.5,236,1015.5,94,9.9,501,1.8,5,,Overcast,cloudy,"72505394728,KJFK,KLGA,74486094789,F8726,KNYC,72503014732"
New york,2025-04-19T12:00:00,73.7,73.7,51.4,45.65,0,0,,0,0,26.4,13.9,240,1014.8,57,9.9,685,2.5,7,,Partially cloudy,partly-cloudy-day,"72505394728,KJFK,KLGA,74486094789,F8726,KNYC,72503014732"
New york,2025-04-19T13:00:00,77.7,77.7,50.5,38.54,0,0,,0,0,24.8,12,246,1014.7,60,9.9,681,2.5,7,,Partially cloudy,partly-cloudy-day,"72505394728,KJFK,KLGA,74486094789,F8726,KNYC,72503014732"
New york,2025-04-19T14:00:00,79.1,79.1,50.8,37.21,0,0,,0,0,20.9,10.1,230,1014,59.6,9.9,713,2.6,7,,Partially cloudy,partly-cloudy-day,"72505394728,KJFK,KLGA,74486094789,F8726,KNYC,72503014732"
New york,2025-04-19T15:00:00,81.5,80.5,50.8,34.37,0,0,,0,0,27.4,11.1,222,1012.9,54.9,9.9,623,2.2,6,,Partially cloudy,partly-cloudy-day,"72505394728,KJFK,KLGA,74486094789,F8726,KNYC,72503014732"
New york,2025-04-19T16:00:00,82.3,81.1,51.7,34.77,0,0,,0,0,27.7,10.8,220,1012.4,54.9,9.9,572,2.1,6,,Partially cloudy,partly-cloudy-day,"72505394728,KJFK,KLGA,74486094789,F8726,KNYC,72503014732"
New york,2025-04-19T17:00:00,81.7,80.8,51.9,35.67,0,0,,0,0,29.3,18,233,1012.7,54.9,9.9,277,1,3,,Partially cloudy,partly-cloudy-day,"72505394728,KJFK,KLGA,74486094789,F8726,KNYC,72503014732"
New york,2025-04-19T18:00:00,79.5,79.5,52.3,38.87,0,0,,0,0,28.5,15.1,248,1013.1,58.2,9.9,42,0.2,0,,Partially cloudy,partly-cloudy-day,"72505394728,KJFK,KLGA,74486094789,F8726,KNYC,72503014732"
New york,2025-04-19T19:00:00,78.7,78.7,52.3,39.86,0,0,,0,0,29.7,16.7,246,1013.2,47.7,9.9,29,0.1,0,,Partially cloudy,partly-cloudy-day,"72505394728,KJFK,KLGA,74486094789,F8726,KNYC,72503014732"
New york,2025-04-19T20:00:00,76.8,76.8,52.7,43.11,0,0,,0,0,30.3,10.1,226,1013.2,47.7,9.9,0,0,0,,Partially cloudy,partly-cloudy-night,"72505394728,KJFK,KLGA,74486094789,F8726,KNYC,72503014732"
New york,2025-04-19T21:00:00,74.8,74.8,52.8,46.25,0,0,,0,0,20.8,8.3,230,1013.7,47.7,9.9,0,0,0,,Partially cloudy,partly-cloudy-night,"72505394728,KJFK,KLGA,74486094789,F8726,KNYC,72503014732"
New york,2025-04-19T22:00:00,75.6,75.6,54.2,47.36,0,0,,0,0,29.3,11.4,246,1014.6,47.7,9.9,0,0,0,,Partially cloudy,partly-cloudy-night,"72505394728,KJFK,KLGA,74486094789,F8726,KNYC,72503014732"
New york,2025-04-19T23:00:00,75.5,75.5,54.2,47.55,0,0,,0,0,25.9,10.7,243,1014.7,54.9,9.9,0,0,0,,Partially cloudy,partly-cloudy-night,"72505394728,KJFK,KLGA,74486094789,F8726,KNYC,72503014732"
New york,2025-04-20T00:00:00,73.9,73.9,54.6,50.97,0,0,,0,0,14.1,9.5,282,1014.4,54.9,9.9,0,0,0,,Partially cloudy,partly-cloudy-night,"72505394728,KJFK,KLGA,74486094789,F8726,KNYC,72503014732"
New york,2025-04-20T01:00:00,72.5,72.5,54.8,53.75,0,0,,0,0,14.8,5.4,267,1014.8,88.9,9.9,0,0,0,,Partially cloudy,partly-cloudy-night,"72505394728,KJFK,KLGA,74486094789,F8726,KNYC,72503014732"
New york,2025-04-20T02:00:00,70.5,70.5,54.4,56.7,0,0,,0,0,17.2,7.3,305,1015.1,74,9.9,0,0,0,,Partially cloudy,partly-cloudy-night,"72505394728,KJFK,KLGA,74486094789,F8726,KNYC,72503014732"
New york,2025-04-20T03:00:00,70.1,70.1,55.1,59.07,0,0,,0,0,13.4,5.5,325,1014.9,65.3,9.9,0,0,0,,Partially cloudy,partly-cloudy-night,"72505394728,KJFK,KLGA,74486094789,F8726,KNYC,72503014732"
New york,2025-04-20T04:00:00,67.8,67.8,53.4,59.88,0,0,,0,0,16.1,9.9,301,1016.2,54.9,9.9,0,0,0,,Partially cloudy,partly-cloudy-night,"72505394728,KJFK,KLGA,74486094789,F8726,KNYC,72503014732"
New york,2025-04-20T05:00:00,66.3,66.3,49.3,54.14,0,0,,0,0,30.3,17.4,323,1017.7,65.3,9.9,0,0,0,,Partially cloudy,partly-cloudy-night,"72505394728,KJFK,KLGA,74486094789,F8726,KNYC,72503014732"
New york,2025-04-20T06:00:00,63.6,63.6,46.4,53.44,0,0,,0,0,29.5,14.3,314,1018.9,54.9,9.9,3,0,0,,Partially cloudy,partly-cloudy-night,"72505394728,KJFK,KLGA,74486094789,F8726,KNYC,72503014732"
New york,2025-04-20T07:00:00,61.4,61.4,44.9,54.53,0,0,,0,0,27.8,12.9,330,1020.5,54.9,9.9,65,0.2,1,,Partially cloudy,partly-cloudy-day,"72505394728,KJFK,KLGA,74486094789,F8726,KNYC,72503014732"
New york,2025-04-20T08:00:00,58.6,58.6,40,49.99,0,0,,0,0,32,20.5,323,1022,54.9,9.9,158,0.6,2,,Partially cloudy,partly-cloudy-day,"72505394728,KJFK,KLGA,74486094789,F8726,KNYC,72503014732"
New york,2025-04-20T09:00:00,56.3,56.3,28.5,34.32,0,0,,0,0,34.7,18.5,319,1023.5,54.9,9.9,358,1.3,4,,Partially cloudy,partly-cloudy-day,"72505394728,KJFK,KLGA,74486094789,F8726,KNYC,72503014732"
New york,2025-04-20T10:00:00,56.9,56.9,28.8,33.95,0,0,,0,0,32.7,20.8,340,1023.7,47.7,9.9,585,2.1,6,,Partially cloudy,partly-cloudy-day,"72505394728,KJFK,KLGA,74486094789,F8726,KNYC,72503014732"
New york,2025-04-20T11:00:00,58.3,58.3,28.2,31.54,0,0,,0,0,31.8,17.6,314,1024.2,47.7,9.9,670,2.4,7,,Partially cloudy,partly-cloudy-day,"72505394728,KJFK,KLGA,74486094789,F8726,KNYC,72503014732"
New york,2025-04-20T12:00:00,61.8,61.8,27.7,27.24,0,0,,0,0,30.5,19,326,1024.2,47.7,9.9,840,3,8,,Partially cloudy,partly-cloudy-day,"72505394728,KJFK,KLGA,74486094789,F8726,KNYC,72503014732"
New york,2025-04-20T13:00:00,63,63,25.9,24.31,0,0,,0,0,31,17.2,340,1024.3,47.7,9.9,833,3,8,,Partially cloudy,partly-cloudy-day,"72505394728,KJFK,KLGA,74486094789,F8726,KNYC,72503014732"
New york,2025-04-20T14:00:00,65,65,25.6,22.4,0,0,,0,0,33,18,351,1024.3,47.7,9.9,806,2.9,8,,Partially cloudy,partly-cloudy-day,"72505394728,KJFK,KLGA,74486094789,F8726,KNYC,72503014732"
New york,2025-04-20T15:00:00,66,66,24.5,20.62,0,0,,0,0,28.6,16.1,343,1024.3,54.9,9.9,646,2.3,6,,Partially cloudy,partly-cloudy-day,"72505394728,KJFK,KLGA,74486094789,F8726,KNYC,72503014732"
New york,2025-04-20T16:00:00,66.7,66.7,24,19.72,0,0,,0,0,24.6,11.8,319,1024.2,54.9,9.9,543,2,5,,Partially cloudy,partly-cloudy-day,"72505394728,KJFK,KLGA,74486094789,F8726,KNYC,72503014732"
New york,2025-04-20T17:00:00,67.1,67.1,24.3,19.7,0,0,,0,0,24.5,11.4,312,1024.3,54.9,9.9,343,1.2,3,,Partially cloudy,partly-cloudy-day,"72505394728,KJFK,KLGA,74486094789,F8726,KNYC,72503014732"
New york,2025-04-20T18:00:00,66.7,66.7,21,17.39,0,0,,0,0,26.4,10.6,344,1024.7,54.9,9.9,146,0.5,1,,Partially cloudy,partly-cloudy-day,"72505394728,KJFK,KLGA,74486094789,F8726,KNYC,72503014732"
New york,2025-04-20T19:00:00,65.2,65.2,20.2,17.69,0,0,,0,0,18.5,10.2,339,1025,54.9,9.9,33,0.1,0,,Partially cloudy,partly-cloudy-day,"72505394728,KJFK,KLGA,74486094789,F8726,KNYC,72503014732"
New york,2025-04-20T20:00:00,63.2,63.2,20.6,19.33,0,0,,0,0,7.2,8.3,346,1026.1,54.9,9.9,0,0,0,,Partially cloudy,partly-cloudy-night,"72505394728,KJFK,KLGA,74486094789,F8726,KNYC,72503014732"
New york,2025-04-20T21:00:00,61.6,61.6,22,21.61,0,0,,0,0,6.7,6.1,351,1026.7,47.4,9.9,0,0,0,,Partially cloudy,partly-cloudy-night,"72505394728,KJFK,KLGA,74486094789,F8726,KNYC,72503014732"
New york,2025-04-20T22:00:00,60.2,60.2,23.7,24.47,0,0,,0,0,8.5,3.4,2,1026.9,38.3,9.9,0,0,0,,Partially cloudy,partly-cloudy-night,"72505394728,KJFK,KLGA,74486094789,F8726,KNYC,72503014732"
New york,2025-04-20T23:00:00,57.9,57.9,24.7,27.62,0,0,,0,0,10.1,4.5,55,1027.1,38.3,9.9,0,0,0,,Partially cloudy,partly-cloudy-night,"72505394728,KJFK,KLGA,74486094789,F8726,KNYC,72503014732"
New york,2025-04-21T00:00:00,55.1,55.1,29.1,36.75,0,0,,0,0,10.7,5.3,51,1027.1,54.9,9.9,0,0,0,,Partially cloudy,partly-cloudy-night,"72505394728,KJFK,KLGA,74486094789,F8726,KNYC,72503014732"
New york,2025-04-21T01:00:00,53.7,53.7,27.7,36.58,0,0,,0,0,11.2,5.6,56,1026.9,38.3,9.9,0,0,0,,Partially cloudy,partly-cloudy-night,"72505394728,KJFK,KLGA,74486094789,F8726,KNYC,72503014732"
New york,2025-04-21T02:00:00,53.2,53.2,25.5,33.86,0,0,,0,0,11.6,5.3,42,1026.9,38.3,9.9,0,0,0,,Partially cloudy,partly-cloudy-night,"72505394728,KJFK,KLGA,74486094789,F8726,KNYC,72503014732"
New york,2025-04-21T03:00:00,52.1,52.1,25.7,35.73,0,0,,0,0,11,3.8,45,1027.1,47.4,9.9,0,0,0,,Partially cloudy,partly-cloudy-night,"72505394728,KJFK,KLGA,74486094789,F8726,KNYC,72503014732"
New york,2025-04-21T04:00:00,51.3,51.3,26.1,37.32,0,0,,0,0,12.1,4.3,67,1026.8,54.9,9.9,0,0,0,,Partially cloudy,partly-cloudy-night,"72505394728,KJFK,KLGA,74486094789,F8726,KNYC,72503014732"
New york,2025-04-21T05:00:00,50.6,50.6,27.1,40.04,0,0,,0,0,12.1,4.7,50,1026.5,54.9,9.9,0,0,0,,Partially cloudy,partly-cloudy-night,"72505394728,KJFK,KLGA,74486094789,F8726,KNYC,72503014732"
New york,2025-04-21T06:00:00,49.8,49.2,27,40.96,0,0,,0,0,11.4,3.2,48,1027,54.9,9.9,3,0,0,,Partially cloudy,partly-cloudy-night,"72505394728,KJFK,KLGA,74486094789,F8726,KNYC,72503014732"
New york,2025-04-21T07:00:00,51.1,51.1,27.4,39.76,0,0,,0,0,12.8,3.7,80,1027.5,88.9,9.9,59,0.2,1,,Partially cloudy,partly-cloudy-day,"72505394728,KJFK,KLGA,74486094789,F8726,KNYC,72503014732"
New york,2025-04-21T08:00:00,52.1,52.1,26.4,36.71,0,0,,0,0,13.4,6.8,76,1027.5,93.1,9.9,131,0.5,1,,Overcast,cloudy,"72505394728,KJFK,KLGA,74486094789,F8726,KNYC,72503014732"
New york,2025-04-21T09:00:00,52.9,52.9,25.4,34.26,0,0,,0,0,14.8,10.2,110,1027.4,93.1,9.9,314,1.1,3,,Overcast,cloudy,"72505394728,KJFK,KLGA,74486094789,F8726,KNYC,72503014732"
New york,2025-04-21T10:00:00,53.4,53.4,24.3,32.06,0,0,,0,0,19.7,12.7,130,1027.4,95.2,9.9,309,1.1,3,,Overcast,cloudy,"72505394728,KJFK,KLGA,74486094789,F8726,KNYC,72503014732"
New york,2025-04-21T11:00:00,53.8,53.8,24,31.19,0,0,,0,0,20.8,13.2,138,1026.9,100,9.9,335,1.2,3,,Overcast,cloudy,"72505394728,KJFK,KLGA,74486094789,F8726,KNYC,72503014732"
New york,2025-04-21T12:00:00,56.8,56.8,26.8,31.46,0,0,,0,0,21.9,13.9,120,1025.8,88.9,9.9,525,1.9,5,,Partially cloudy,partly-cloudy-day,"72505394728,KJFK,KLGA,74486094789,F8726,KNYC,72503014732"
New york,2025-04-21T13:00:00,55.6,55.6,26.8,32.79,0,0,,0,0,25.3,11.2,144,1025.3,95.2,9.9,552,2,6,,Overcast,cloudy,"72505394728,KJFK,KLGA,74486094789,F8726,KNYC,72503014732"
New york,2025-04-21T14:00:00,56,56,29.5,36.04,0,0,,0,0,21.3,11.8,144,1024.4,95.2,9.9,402,1.4,4,,Overcast,cloudy,"72505394728,KJFK,KLGA,74486094789,F8726,KNYC,72503014732"
New york,2025-04-21T15:00:00,55.7,55.7,31.8,40.17,0,0,,0,0,17.9,9.7,151,1023.6,100,9.9,105,0.4,1,,Overcast,cloudy,"72505394728,KJFK,KLGA,74486094789,F8726,KNYC,72503014732"
New york,2025-04-21T16:00:00,53.3,53.3,34.7,49.15,0,0,,0,0,18.1,9.6,130,1022.6,100,9.9,143,0.5,1,,Overcast,cloudy,"72505394728,KJFK,KLGA,74486094789,F8726,KNYC,72503014732"
New york,2025-04-21T17:00:00,53.1,53.1,36.3,52.86,0,0,,0,0,17,11,141,1022.2,100,9.9,178,0.6,2,,Overcast,cloudy,"72505394728,KJFK,KLGA,74486094789,F8726,KNYC,72503014732"
New york,2025-04-21T18:00:00,52.7,52.7,37.2,55.49,0,0,,0,0,16.1,11,128,1021.4,100,9.9,20,0.1,0,,Overcast,cloudy,"72505394728,KJFK,KLGA,74486094789,F8726,KNYC,72503014732"
New york,2025-04-21T19:00:00,52.3,52.3,38.1,58.3,0,0,,0,0,17.2,10.3,142,1020.4,100,9.9,8,0,0,,Overcast,cloudy,"72505394728,KJFK,KLGA,74486094789,F8726,KNYC,72503014732"
New york,2025-04-21T20:00:00,52.9,52.9,38.1,57.12,0,0,,0,0,14.8,9.2,130,1020.4,100,9.9,0,0,0,,Overcast,cloudy,"72505394728,KJFK,KLGA,74486094789,F8726,KNYC,72503014732"
New york,2025-04-21T21:00:00,52.9,52.9,39.9,61.17,0,0,,0,0,13.6,8.1,154,1019.9,100,9.9,0,0,0,,Overcast,cloudy,"72505394728,KJFK,KLGA,74486094789,F8726,KNYC,72503014732"
New york,2025-04-21T22:00:00,53.3,53.3,41.5,64.34,0,0,,0,0,13.4,8.1,160,1019.3,100,9.9,0,0,0,,Overcast,cloudy,"72505394728,KJFK,KLGA,74486094789,F8726,KNYC,72503014732"
New york,2025-04-21T23:00:00,53.5,53.5,42.8,66.99,0,0,,0,0,13,7.2,167,1017.8,100,9.9,0,0,0,,Overcast,cloudy,"72505394728,KJFK,KLGA,74486094789,F8726,KNYC,72503014732"
New york,2025-04-22T00:00:00,53.1,53.1,46,76.79,0.005,100,rain,0,0,12.1,6.1,159,1017,100,9.9,0,0,0,,"Rain, Overcast",rain,"72505394728,KJFK,KLGA,74486094789,F8726,KNYC,72503014732"
New york,2025-04-22T01:00:00,54.3,54.3,47.9,79.06,0,0,,0,0,11,5.6,162,1016.1,100,9.9,0,0,0,,Overcast,cloudy,"72505394728,KJFK,KLGA,74486094789,F8726,KNYC,72503014732"
New york,2025-04-22T02:00:00,54.9,54.9,48.7,79.44,0,0,,0,0,10.1,5.3,177,1015.3,100,9.9,0,0,0,,Overcast,cloudy,"72505394728,KJFK,KLGA,74486094789,F8726,KNYC,72503014732"
New york,2025-04-22T03:00:00,54.5,54.5,49.3,82.6,0,0,,0,0,7.2,4.2,44,1014.4,91,9.9,0,0,0,,Overcast,cloudy,"72505394728,KJFK,KLGA,74486094789,F8726,KNYC,72503014732"
New york,2025-04-22T04:00:00,53.1,53.1,48.1,83.11,0,0,,0,0,7.2,0.9,327,1014.7,62.8,9.8,0,0,0,,Partially cloudy,partly-cloudy-night,"72505394728,KJFK,KLGA,F8726,KNYC,72503014732"
New york,2025-04-22T05:00:00,52.3,52.3,49.1,88.73,0,0,,0,0,6.9,0.9,54,1014.3,81.5,8.9,0,0,0,,Partially cloudy,partly-cloudy-night,"72505394728,KJFK,KLGA,74486094789,F8726,KNYC,72503014732"
New york,2025-04-22T06:00:00,53.4,53.4,49.1,85.31,0,0,,0,0,7.6,2.5,46,1014.3,85.7,9.2,5,0,0,,Partially cloudy,partly-cloudy-night,"72505394728,KJFK,KLGA,74486094789,F8726,KNYC,72503014732"
New york,2025-04-22T07:00:00,54.3,54.3,50.2,85.9,0,0,,0,0,7.6,2.9,47,1014.6,96.6,7.8,69,0.2,1,,Overcast,cloudy,"72505394728,KJFK,KLGA,F8726,KNYC,72503014732"
New york,2025-04-22T08:00:00,55.8,55.8,51.9,86.59,0,0,,0,0,9.6,3.4,18,1015,95.2,7.8,116,0.4,1,,Overcast,cloudy,"72505394728,KJFK,KLGA,74486094789,F8726,KNYC,72503014732"
New york,2025-04-22T09:00:00,59.5,59.5,53.5,80.42,0,0,,0,0,11.6,0.9,321,1015.2,97.9,7.3,339,1.2,3,,Overcast,cloudy,"72505394728,KJFK,KLGA,74486094789,F8726,KNYC,72503014732"
New york,2025-04-22T10:00:00,63.3,63.3,54.7,73.41,0,0,,0,0,13.2,4,240,1014.9,54.9,7.8,691,2.5,7,,Partially cloudy,partly-cloudy-day,"72505394728,KJFK,KLGA,74486094789,F8726,KNYC,72503014732"
New york,2025-04-22T11:00:00,67.5,67.5,53.5,60.67,0,0,,0,0,14.3,7.1,210,1014.6,33.1,9.3,808,2.9,8,,Partially cloudy,partly-cloudy-day,"72505394728,KJFK,KLGA,74486094789,F8726,KNYC,72503014732"
New york,2025-04-22T12:00:00,71.7,71.7,53.2,52.21,0,0,,0,0,17.2,8.6,203,1014.2,54.9,9.9,858,3.1,9,,Partially cloudy,partly-cloudy-day,"72505394728,KJFK,KLGA,74486094789,F8726,KNYC,72503014732"
New york,2025-04-22T13:00:00,75.3,75.3,52.3,44.6,0,0,,0,0,20.8,11.4,234,1013.6,54.9,9.9,934,3.4,9,,Partially cloudy,partly-cloudy-day,"72505394728,KJFK,KLGA,74486094789,F8726,KNYC,72503014732"
New york,2025-04-22T14:00:00,76.8,76.8,47.6,35.61,0,0,,0,0,19.7,10.6,233,1013.2,54.9,9.9,833,3,8,,Partially cloudy,partly-cloudy-day,"72505394728,KJFK,KLGA,74486094789,F8726,KNYC,72503014732"
New york,2025-04-22T15:00:00,78,78,45.8,32.06,0,0,,0,0,21.9,11.1,215,1013,54.9,9.9,532,1.9,5,,Partially cloudy,partly-cloudy-day,"72505394728,KJFK,KLGA,74486094789,F8726,KNYC,72503014732"
New york,2025-04-22T16:00:00,78.4,78.4,42,27.41,0,0,,0,0,22.5,13.9,233,1012.6,54.9,9.9,267,1,3,,Partially cloudy,partly-cloudy-day,"72505394728,KJFK,KLGA,74486094789,F8726,KNYC,72503014732"
New york,2025-04-22T17:00:00,77,77,39.4,25.89,0,0,,0,0,25.3,15.1,245,1012.9,54.9,9.9,212,0.8,2,,Partially cloudy,partly-cloudy-day,"72505394728,KJFK,KLGA,74486094789,F8726,KNYC,72503014732"
New york,2025-04-22T18:00:00,74.9,74.9,39.3,27.66,0,0,,0,0,24.2,11,241,1013.3,54.9,9.9,104,0.4,1,,Partially cloudy,partly-cloudy-day,"72505394728,KJFK,KLGA,74486094789,F8726,KNYC,72503014732"
New york,2025-04-22T19:00:00,73.9,73.9,38,27.16,0,0,,0,0,26.4,18.9,253,1013.9,54.9,9.9,22,0.1,0,,Partially cloudy,partly-cloudy-day,"72505394728,KJFK,KLGA,74486094789,F8726,KNYC,72503014732"
New york,2025-04-22T20:00:00,72.7,72.7,38.8,29.24,0,0,,0,0,13.6,11.7,246,1014.6,54.9,9.9,0,0,0,,Partially cloudy,partly-cloudy-night,"72505394728,KJFK,KLGA,74486094789,F8726,KNYC,72503014732"
New york,2025-04-22T21:00:00,71.8,71.8,37.1,28.26,0,0,,0,0,13.6,8.4,279,1015.4,54.9,9.9,0,0,0,,Partially cloudy,partly-cloudy-night,"72505394728,KJFK,KLGA,74486094789,F8726,KNYC,72503014732"
New york,2025-04-22T22:00:00,69.7,69.7,37.2,30.38,0,0,,0,0,12.8,9.8,289,1016.1,54.9,9.9,0,0,0,,Partially cloudy,partly-cloudy-night,"72505394728,KJFK,KLGA,74486094789,F8726,KNYC,72503014732"
New york,2025-04-22T23:00:00,67.6,67.6,38.6,34.6,0,0,,0,0,11.4,7.4,298,1016.5,54.9,9.9,0,0,0,,Partially cloudy,partly-cloudy-night,"72505394728,KJFK,KLGA,74486094789,F8726,KNYC,72503014732"
New york,2025-04-23T00:00:00,66.4,66.4,38.5,35.72,0,0,,0,0,12.5,6,313,1017.2,54.9,9.9,0,0,0,,Partially cloudy,partly-cloudy-night,"72505394728,KJFK,KLGA,74486094789,F8726,KNYC,72503014732"
New york,2025-04-23T01:00:00,64.8,64.8,38.3,37.47,0,0,,0,0,15.2,6,326,1017.5,38.3,9.9,0,0,0,,Partially cloudy,partly-cloudy-night,"72505394728,KJFK,KLGA,74486094789,F8726,KNYC,72503014732"
New york,2025-04-23T02:00:00,63.5,63.5,37.3,37.76,0,0,,0,0,16.1,9.6,2,1018.2,30.9,9.9,0,0,0,,Partially cloudy,partly-cloudy-night,"72505394728,KJFK,KLGA,74486094789,F8726,KNYC,72503014732"
New york,2025-04-23T03:00:00,59.8,59.8,38.2,44.59,0,0,,0,0,18.8,9.9,6,1019,54.9,9.9,0,0,0,,Partially cloudy,partly-cloudy-night,"72505394728,KJFK,KLGA,74486094789,F8726,KNYC,72503014732"
New york,2025-04-23T04:00:00,57.7,57.7,37.6,47.13,0,0,,0,0,17.2,8.5,7,1020,54.9,9.9,0,0,0,,Partially cloudy,partly-cloudy-night,"72505394728,KJFK,KLGA,74486094789,F8726,KNYC,72503014732"
New york,2025-04-23T05:00:00,56.4,56.4,36.2,46.56,0,0,,0,0,14.5,8.6,9,1020.5,54.9,9.9,0,0,0,,Partially cloudy,partly-cloudy-night,"72505394728,KJFK,KLGA,74486094789,F8726,KNYC,72503014732"
New york,2025-04-23T06:00:00,55.1,55.1,36.4,49.23,0,0,,0,0,12.3,8.2,23,1021.1,54.9,9.9,4,0,0,,Partially cloudy,partly-cloudy-night,"72505394728,KJFK,KLGA,74486094789,F8726,KNYC,72503014732"
New york,2025-04-23T07:00:00,55.1,55.1,36,48.37,0,0,,0,0,10.5,7.2,4,1022.4,54.9,9.9,73,0.3,1,,Partially cloudy,partly-cloudy-day,"72505394728,KJFK,KLGA,74486094789,F8726,KNYC,72503014732"
New york,2025-04-23T08:00:00,56.8,56.8,35.6,44.99,0,0,,0,0,9.2,9,339,1023.1,54.9,9.9,286,1,3,,Partially cloudy,partly-cloudy-day,"72505394728,KJFK,KLGA,74486094789,F8726,KNYC,72503014732"
New york,2025-04-23T09:00:00,58.6,58.6,35.1,41.2,0,0,,0,0,8.7,4.7,347,1023.3,54.9,9.9,505,1.8,5,,Partially cloudy,partly-cloudy-day,"72505394728,KJFK,KLGA,74486094789,F8726,KNYC,72503014732"
New york,2025-04-23T10:00:00,61.3,61.3,33.9,35.72,0,0,,0,0,8.9,4.8,298,1023.6,54.9,9.9,697,2.5,7,,Partially cloudy,partly-cloudy-day,"72505394728,KJFK,KLGA,74486094789,F8726,KNYC,72503014732"
New york,2025-04-23T11:00:00,64,64,32.4,30.59,0,0,,0,0,8.5,4.6,5,1023.4,33.1,9.9,835,3,8,,Partially cloudy,partly-cloudy-day,"72505394728,KJFK,KLGA,74486094789,F8726,KNYC,72503014732"
New york,2025-04-23T12:00:00,67.9,67.9,31.9,26.17,0,0,,0,0,19.7,2.2,3,1023.1,54.9,9.9,910,3.3,9,,Partially cloudy,partly-cloudy-day,"72505394728,KJFK,KLGA,74486094789,F8726,KNYC,72503014732"
New york,2025-04-23T13:00:00,68.9,68.9,32.7,26.11,0,0,,0,0,8.1,4.1,287,1022.7,54.9,9.9,915,3.3,9,,Partially cloudy,partly-cloudy-day,"72505394728,KJFK,KLGA,74486094789,F8726,KNYC,72503014732"
New york,2025-04-23T14:00:00,70.8,70.8,32.2,23.95,0,0,,0,0,8.9,6.2,307,1022.4,54.9,9.9,864,3.1,9,,Partially cloudy,partly-cloudy-day,"72505394728,KJFK,KLGA,74486094789,F8726,KNYC,72503014732"
New york,2025-04-23T15:00:00,72.8,72.8,33.2,23.37,0,0,,0,0,16.1,5.8,210,1022,54.9,9.9,786,2.8,8,,Partially cloudy,partly-cloudy-day,"72505394728,KJFK,KLGA,74486094789,F8726,KNYC,72503014732"
New york,2025-04-23T16:00:00,73,73,35.5,25.34,0,0,,0,0,9.6,7.4,142,1021.4,54.9,9.9,613,2.2,6,,Partially cloudy,partly-cloudy-day,"72505394728,KJFK,KLGA,74486094789,F8726,KNYC,72503014732"
New york,2025-04-23T17:00:00,69.3,69.3,35.3,28.55,0,0,,0,0,9.6,15.8,172,1021.4,54.9,9.9,416,1.5,4,,Partially cloudy,partly-cloudy-day,"72505394728,KJFK,KLGA,74486094789,F8726,KNYC,72503014732"
New york,2025-04-23T18:00:00,65.7,65.7,36.6,34.07,0,0,,0,0,9.4,13.9,169,1021.7,54.9,9.9,238,0.9,2,,Partially cloudy,partly-cloudy-day,"72505394728,KJFK,KLGA,74486094789,F8726,KNYC,72503014732"
New york,2025-04-23T19:00:00,64,64,33.7,32.16,0,0,,0,0,8.7,7.5,173,1022.1,54.9,9.9,86,0.3,1,,Partially cloudy,partly-cloudy-day,"72505394728,KJFK,KLGA,74486094789,F8726,KNYC,72503014732"
New york,2025-04-23T20:00:00,61.9,61.9,34.1,35.27,0,0,,0,0,7.6,4.8,123,1022.5,54.9,9.9,7,0,0,,Partially cloudy,partly-cloudy-night,"72505394728,KJFK,KLGA,74486094789,F8726,KNYC,72503014732"
New york,2025-04-23T21:00:00,59.9,59.9,37.1,42.59,0,0,,0,0,7.2,4,128,1023.3,54.9,9.9,0,0,0,,Partially cloudy,partly-cloudy-night,"72505394728,KJFK,KLGA,74486094789,F8726,KNYC,72503014732"
New york,2025-04-23T22:00:00,59.4,59.4,38.3,45.51,0,0,,0,0,7.2,2.3,83,1023.5,38.3,9.9,0,0,0,,Partially cloudy,partly-cloudy-night,"72505394728,KJFK,KLGA,74486094789,F8726,KNYC,72503014732"
New york,2025-04-23T23:00:00,58.4,58.4,39.4,49.15,0,0,,0,0,7.4,2.3,311,1023.3,21.1,9.9,0,0,0,,Partially cloudy,partly-cloudy-night,"72505394728,KJFK,KLGA,74486094789,F8726,KNYC,72503014732"
New york,2025-04-24T00:00:00,58.1,58.1,40.4,51.74,0,0,,0,0,6.7,1.3,21,1023.3,16.8,9.9,0,0,0,,Clear,clear-night,"72505394728,KJFK,KLGA,74486094789,F8726,KNYC,72503014732"
New york,2025-04-24T01:00:00,56.6,56.6,40.3,54.23,0,0,,0,0,7.4,3.4,53,1023.4,16.8,9.5,0,0,0,,Clear,clear-night,"72505394728,KJFK,KLGA,74486094789,F8726,KNYC,72503014732"
New york,2025-04-24T02:00:00,56.3,56.3,40,54.18,0,0,,0,0,8.1,1.4,29,1023.3,16.8,9.5,0,0,0,,Clear,clear-night,"72505394728,KJFK,KLGA,74486094789,F8726,KNYC,72503014732"
New york,2025-04-24T03:00:00,54.9,54.9,40.8,58.91,0,0,,0,0,7.4,4.7,61,1023.8,16.8,9.5,0,0,0,,Clear,clear-night,"72505394728,KJFK,KLGA,74486094789,F8726,KNYC,72503014732"
New york,2025-04-24T04:00:00,54.6,54.6,40.7,59.4,0,0,,0,0,6.9,0.6,45,1024.2,16.8,9.9,0,0,0,,Clear,clear-night,"72505394728,KJFK,KLGA,74486094789,F8726,KNYC,72503014732"
New york,2025-04-24T05:00:00,55.4,55.4,39.9,55.88,0,0,,0,0,6,0,0,1024.4,16.8,9.9,0,0,0,,Clear,clear-night,"72505394728,KJFK,KLGA,74486094789,F8726,KNYC,72503014732"
New york,2025-04-24T06:00:00,54.3,54.3,41.1,60.81,0,0,,0,0,6.5,0,0,1024.9,16.8,9.9,6,0,0,,Clear,clear-night,"72505394728,KJFK,KLGA,74486094789,F8726,KNYC,72503014732"
New york,2025-04-24T07:00:00,55.4,55.4,40.7,57.55,0,0,,0,0,5.6,2.7,40,1025.4,16.8,9.9,66,0.2,1,,Clear,clear-day,"72505394728,KJFK,KLGA,74486094789,F8726,KNYC,72503014732"
New york,2025-04-24T08:00:00,59.9,59.9,39.2,46.16,0,0,,0,0,4.3,4.9,78,1026,16.8,9.5,284,1,3,,Clear,clear-day,"72505394728,KJFK,KLGA,74486094789,F8726,KNYC,72503014732"
New york,2025-04-24T09:00:00,63.4,63.4,39,40.53,0,0,,0,0,4.7,4.1,34,1026.3,16.8,9.9,496,1.8,5,,Clear,clear-day,"72505394728,KJFK,KLGA,74486094789,F8726,KNYC,72503014732"
New york,2025-04-24T10:00:00,67.4,67.4,39,35.25,0,0,,0,0,6.3,6.9,100,1026.1,30.9,9.9,677,2.4,7,,Partially cloudy,partly-cloudy-day,"72505394728,KJFK,KLGA,74486094789,F8726,KNYC,72503014732"
New york,2025-04-24T11:00:00,68.3,68.3,39.4,34.76,0,0,,0,0,7.2,9.6,82,1026,30.9,9.9,826,3,8,,Partially cloudy,partly-cloudy-day,"72505394728,KJFK,KLGA,74486094789,F8726,KNYC,72503014732"
New york,2025-04-24T12:00:00,69.1,69.1,39.3,33.74,0,0,,0,0,23,9.3,72,1025.6,21.1,9.9,895,3.2,9,,Partially cloudy,partly-cloudy-day,"72505394728,KJFK,KLGA,74486094789,F8726,KNYC,72503014732"
New york,2025-04-24T13:00:00,70.4,70.4,39,31.86,0,0,,0,0,10.1,9.7,89,1025.3,16.8,9.9,895,3.2,9,,Clear,clear-day,"72505394728,KJFK,KLGA,74486094789,F8726,KNYC,72503014732"
New york,2025-04-24T14:00:00,70.9,70.9,40,32.5,0,0,,0,0,12.8,9,98,1024.6,16.8,9.9,841,3,8,,Clear,clear-day,"72505394728,KJFK,KLGA,74486094789,F8726,KNYC,72503014732"
New york,2025-04-24T15:00:00,71.9,71.9,40.1,31.6,0,0,,0,0,15.9,8.8,171,1024.2,16.8,9.5,723,2.6,7,,Clear,clear-day,"72505394728,KJFK,KLGA,74486094789,F8726,KNYC,72503014732"
New york,2025-04-24T16:00:00,70.6,70.6,41.1,34.29,0,0,,0,0,20.8,13.1,163,1023.5,21.1,9.2,528,1.9,5,,Partially cloudy,partly-cloudy-day,"72505394728,KJFK,KLGA,74486094789,F8726,KNYC,72503014732"
New york,2025-04-24T17:00:00,70.6,70.6,41,34.21,0,0,,0,0,23,11.9,170,1023.3,38.3,9.9,261,0.9,3,,Partially cloudy,partly-cloudy-day,"72505394728,KJFK,KLGA,74486094789,F8726,KNYC,72503014732"
New york,2025-04-24T18:00:00,68.7,68.7,42.5,38.69,0,0,,0,0,12.8,12.8,173,1022.9,54.9,9.9,173,0.6,2,,Partially cloudy,partly-cloudy-day,"72505394728,KJFK,KLGA,74486094789,F8726,KNYC,72503014732"
New york,2025-04-24T19:00:00,68.5,68.5,44.6,42.02,0,0,,0,0,12.1,8.2,172,1022.8,54.9,9.9,49,0.2,0,,Partially cloudy,partly-cloudy-day,"72505394728,KJFK,KLGA,74486094789,F8726,KNYC,72503014732"
New york,2025-04-24T20:00:00,69,69,43.2,39.31,0,0,,0,0,13.2,7.9,183,1022.9,54.9,9.2,0,0,0,,Partially cloudy,partly-cloudy-night,"72505394728,KJFK,KLGA,74486094789,F8726,KNYC,72503014732"
New york,2025-04-24T21:00:00,69.1,69.1,40.7,35.53,0,0,,0,0,15.4,8.1,183,1023.1,54.9,9.9,0,0,0,,Partially cloudy,partly-cloudy-night,"72505394728,KJFK,KLGA,74486094789,F8726,KNYC,72503014732"
New york,2025-04-24T22:00:00,69.2,69.2,40.4,35.12,0,0,,0,0,15.9,11.4,207,1023.6,54.9,9.9,0,0,0,,Partially cloudy,partly-cloudy-night,"72505394728,KJFK,KLGA,74486094789,F8726,KNYC,72503014732"
New york,2025-04-24T23:00:00,67.6,67.6,38.5,34.36,0,0,,0,0,20.8,9.5,215,1023.4,21.1,9.9,0,0,0,,Partially cloudy,partly-cloudy-night,"72505394728,KJFK,KLGA,74486094789,F8726,KNYC,72503014732"
New york,2025-04-25T00:00:00,67,67,35.8,31.52,0,0,,0,0,18.3,9.9,220,1023.4,21.1,9.9,0,0,0,,Partially cloudy,partly-cloudy-night,"72505394728,KJFK,KLGA,74486094789,F8726,KNYC,72503014732"
New york,2025-04-25T01:00:00,65.8,65.8,35.6,32.61,0,0,,0,0,17.2,10.1,223,1023.5,16.8,9.9,0,0,0,,Clear,clear-night,"72505394728,KJFK,KLGA,74486094789,F8726,KNYC,72503014732"
New york,2025-04-25T02:00:00,64.4,64.4,36.8,35.92,0,0,,0,0,15,9.4,220,1023.2,16.8,9.9,0,0,0,,Clear,clear-night,"72505394728,KJFK,KLGA,74486094789,F8726,KNYC,72503014732"
New york,2025-04-25T03:00:00,62.6,62.6,38.4,40.69,0,0,,0,0,14.5,8.1,218,1023,16.8,9.9,0,0,0,,Clear,clear-night,"72505394728,KJFK,KLGA,74486094789,F8726,KNYC,72503014732"
New york,2025-04-25T04:00:00,61.5,61.5,40.9,46.67,0,0,,0,0,13.6,7.7,228,1023.5,16.8,9.9,0,0,0,,Clear,clear-night,"72505394728,KJFK,KLGA,74486094789,F8726,KNYC,72503014732"
New york,2025-04-25T05:00:00,59.8,59.8,41.5,50.84,0,0,,0,0,13.6,5.2,252,1024,16.8,9.9,0,0,0,,Clear,clear-night,"72505394728,KJFK,KLGA,74486094789,F8726,KNYC,72503014732"
New york,2025-04-25T06:00:00,59.7,59.7,43.3,54.47,0,0,,0,0,13.2,7.2,217,1023.8,26.5,9.9,6,0,0,,Partially cloudy,partly-cloudy-night,"72505394728,KJFK,KLGA,74486094789,F8726,KNYC,72503014732"
New york,2025-04-25T07:00:00,60.9,60.9,45,55.75,0,0,,0,0,12.3,5.6,186,1024.2,54.9,9.9,95,0.3,1,,Partially cloudy,partly-cloudy-day,"72505394728,KJFK,KLGA,74486094789,F8726,KNYC,72503014732"
New york,2025-04-25T08:00:00,62.5,62.5,46.1,55.03,0,0,,0,0,10.5,6.9,197,1024.2,54.9,9.9,177,0.6,2,,Partially cloudy,partly-cloudy-day,"72505394728,KJFK,KLGA,74486094789,F8726,KNYC,72503014732"
New york,2025-04-25T09:00:00,63.9,63.9,46.8,53.76,0,0,,0,0,9.4,7.4,203,1024.2,54.9,9.9,344,1.2,3,,Partially cloudy,partly-cloudy-day,"72505394728,KJFK,KLGA,74486094789,F8726,KNYC,72503014732"
New york,2025-04-25T10:00:00,66.1,66.1,47.5,51.24,0,0,,0,0,20.8,7.7,227,1024,54.9,9.9,443,1.6,4,,Partially cloudy,partly-cloudy-day,"72505394728,KJFK,KLGA,74486094789,F8726,KNYC,72503014732"
New york,2025-04-25T11:00:00,68.8,68.8,47.6,46.71,0,0,,0,0,10.1,7.6,215,1023.7,54.9,9.9,694,2.5,7,,Partially cloudy,partly-cloudy-day,"72505394728,KJFK,KLGA,74486094789,F8726,KNYC,72503014732"
New york,2025-04-25T12:00:00,72.8,72.8,47.6,40.86,0,0,,0,0,16.1,8.5,190,1023.2,54.9,9.9,861,3.1,9,,Partially cloudy,partly-cloudy-day,"72505394728,KJFK,KLGA,74486094789,F8726,KNYC,72503014732"
New york,2025-04-25T13:00:00,73.2,73.2,48.2,41.17,0,0,,0,0,21.9,11.5,155,1022.4,54.9,9.9,870,3.1,9,,Partially cloudy,partly-cloudy-day,"72505394728,KJFK,KLGA,74486094789,F8726,KNYC,72503014732"
New york,2025-04-25T14:00:00,74,74,49.7,42.42,0,0,,0,0,15.2,10.3,180,1021.7,54.9,9.9,724,2.6,7,,Partially cloudy,partly-cloudy-day,"72505394728,KJFK,KLGA,74486094789,F8726,KNYC,72503014732"
New york,2025-04-25T15:00:00,73.1,73.1,50,44.25,0,0,,0,0,26.4,18.8,183,1021.2,54.9,9.9,720,2.6,7,,Partially cloudy,partly-cloudy-day,"72505394728,KJFK,KLGA,74486094789,F8726,KNYC,72503014732"
New york,2025-04-25T16:00:00,71.9,71.9,49.7,45.5,0,0,,0,0,28.2,14.1,172,1020,51.5,9.9,538,1.9,5,,Partially cloudy,partly-cloudy-day,"72505394728,KJFK,KLGA,74486094789,F8726,KNYC,72503014732"
New york,2025-04-25T17:00:00,69.8,69.8,49.7,48.78,0,0,,0,0,26.5,13.9,164,1019.6,51.5,9.9,213,0.8,2,,Partially cloudy,partly-cloudy-day,"72505394728,KJFK,KLGA,74486094789,F8726,KNYC,72503014732"
New york,2025-04-25T18:00:00,68.3,68.3,47.6,47.5,0,0,,0,0,24.4,13.3,166,1019.3,51.5,9.9,112,0.4,1,,Partially cloudy,partly-cloudy-day,"72505394728,KJFK,KLGA,74486094789,F8726,KNYC,72503014732"
New york,2025-04-25T19:00:00,64.4,64.4,50.2,59.91,0,0,,0,0,27,15.1,166,1018.7,51.5,9.9,30,0.1,0,,Partially cloudy,partly-cloudy-day,"72505394728,KJFK,KLGA,74486094789,F8726,KNYC,72503014732"
New york,2025-04-25T20:00:00,63.6,63.6,51.1,63.76,0,0,,0,0,29.5,14.6,164,1018.5,65.3,9.9,0,0,0,,Partially cloudy,partly-cloudy-night,"72505394728,KJFK,KLGA,74486094789,F8726,KNYC,72503014732"
New york,2025-04-25T21:00:00,63.7,63.7,52.1,65.78,0,0,,0,0,27,13.7,172,1018.8,54.9,9.9,0,0,0,,Partially cloudy,partly-cloudy-night,"72505394728,KJFK,KLGA,74486094789,F8726,KNYC,72503014732"
New york,2025-04-25T22:00:00,62.8,62.8,53.2,71.02,0,0,,0,0,19.2,10.7,180,1018.7,93.1,9.9,0,0,0,,Overcast,cloudy,"72505394728,KJFK,KLGA,74486094789,F8726,KNYC,72503014732"
New york,2025-04-25T23:00:00,63.1,63.1,55.3,75.56,0,0,,0,0,19,7.9,180,1017.8,99.2,9.9,0,0,0,,Overcast,cloudy,"72505394728,KJFK,KLGA,74486094789,F8726,KNYC,72503014732"
New york,2025-04-26T00:00:00,62.4,62.4,55.9,79.13,0,0,,0,0,17.4,13.4,178,1017,100,9.9,0,0,0,,Overcast,cloudy,"72505394728,KJFK,KLGA,F8726,KNYC,72503014732"
New york,2025-04-26T01:00:00,60.7,60.7,55.2,82.22,0,0,,0,0,17.7,9,163,1016.5,100,8.9,0,0,0,,Overcast,cloudy,"72505394728,KJFK,KLGA,F8726,KNYC,72503014732"
New york,2025-04-26T02:00:00,59.4,59.4,55.6,87.4,0.001,100,rain,0,0,24.2,7.6,170,1015.6,100,7.6,0,0,0,,"Rain, Overcast",rain,"72505394728,KJFK,KLGA,74486094789,F8726,KNYC,72503014732"
New york,2025-04-26T03:00:00,59.2,59.2,55.6,87.94,0.014,100,rain,0,0,19.5,6.9,177,1014.4,100,6.9,0,0,0,,"Rain, Overcast",rain,"72505394728,KJFK,KLGA,74486094789,F8726,KNYC,72503014732"
New york,2025-04-26T04:00:00,58.4,58.4,55.8,91.04,0.036,100,rain,0,0,23.5,8.6,159,1013.2,100,6.6,0,0,0,,"Rain, Overcast",rain,"72505394728,KJFK,KLGA,74486094789,F8726,KNYC,72503014732"
New york,2025-04-26T05:00:00,59.2,59.2,56,89.04,0.051,100,rain,0,0,23.7,6.1,44,1012.5,100,6.7,0,0,0,,"Rain, Overcast",rain,"72505394728,KJFK,KLGA,74486094789,F8726,KNYC,72503014732"
New york,2025-04-26T06:00:00,59.2,59.2,56.7,91.42,0.047,100,rain,0,0,27.7,8,176,1011.6,100,6.3,2,0,0,,"Rain, Overcast",rain,"72505394728,KJFK,KLGA,74486094789,F8726,KNYC,72503014732"
New york,2025-04-26T07:00:00,59.7,59.7,56.7,89.78,0.001,100,rain,0,0,20.1,12,180,1011.4,100,6.5,61,0.2,1,,"Rain, Overcast",rain,"72505394728,KJFK,KLGA,74486094789,F8726,KNYC,72503014732"
New york,2025-04-26T08:00:00,60.1,60.1,57.3,90.49,0,0,,0,0,21.7,8.3,165,1011.1,100,7.4,85,0.3,1,,Overcast,cloudy,"72505394728,KJFK,KLGA,74486094789,F8726,KNYC,72503014732"
New york,2025-04-26T09:00:00,60.4,60.4,57.5,90.15,0.006,100,rain,0,0,24.6,7.7,49,1010.4,100,5.1,157,0.6,2,,"Rain, Overcast",rain,"72505394728,KJFK,KLGA,74486094789,F8726,KNYC,72503014732"
New york,2025-04-26T10:00:00,61.8,61.8,58.7,89.51,0.001,100,rain,0,0,25.3,8.8,160,1009.7,100,6.1,183,0.7,2,,"Rain, Overcast",rain,"72505394728,KJFK,KLGA,74486094789,F8726,KNYC,72503014732"
New york,2025-04-26T11:00:00,63.3,63.3,60.4,90.28,0,0,,0,0,30.4,7.9,49,1009.3,100,6.9,269,1,3,,Overcast,cloudy,"72505394728,KJFK,KLGA,74486094789,F8726,KNYC,72503014732"
New york,2025-04-26T12:00:00,67.1,67.1,59.9,77.76,0,0,,0,0,32,8.1,208,1008.7,100,9.5,275,1,3,,Overcast,cloudy,"72505394728,KJFK,KLGA,74486094789,F8726,KNYC,72503014732"
New york,2025-04-26T13:00:00,70,70,60.4,71.67,0,0,,0,0,21.9,15.1,225,1008.1,100,9.5,100,0.4,1,,Overcast,cloudy,"72505394728,KJFK,KLGA,74486094789,F8726,KNYC,72503014732"
New york,2025-04-26T14:00:00,69,69,61.6,77.33,0.02,100,rain,0,0,26.8,13.2,211,1007.9,98.2,8.9,247,0.9,2,,"Rain, Overcast",rain,"72505394728,KJFK,KLGA,74486094789,F8726,KNYC,72503014732"
New york,2025-04-26T15:00:00,70,70,60.5,71.63,0.002,100,rain,0,0,21.9,11,218,1007.2,94.9,9.7,215,0.8,2,,"Rain, Overcast",rain,"72505394728,KJFK,KLGA,74486094789,F8726,KNYC,72503014732"
New york,2025-04-26T16:00:00,70,70,60.7,72.19,0.002,100,rain,0,0,23,9.9,211,1006.7,94.9,9.9,157,0.6,2,,"Rain, Overcast",rain,"72505394728,KJFK,KLGA,74486094789,F8726,KNYC,72503014732"
New york,2025-04-26T17:00:00,70.2,70.2,61.1,72.7,0,0,,0,0,23,12,214,1006.5,90.2,9.5,96,0.3,1,,Overcast,cloudy,"72505394728,KJFK,KLGA,74486094789,F8726,KNYC,72503014732"
New york,2025-04-26T18:00:00,70.4,70.4,61.1,72.31,0,0,,0,0,26.4,11.7,197,1005.9,65.3,9.9,122,0.4,1,,Partially cloudy,partly-cloudy-day,"72505394728,KJFK,KLGA,74486094789,F8726,KNYC,72503014732"
New york,2025-04-26T19:00:00,69.8,69.8,61.6,75.14,0,0,,0,0,25.3,13.1,213,1005.5,43.8,9.9,21,0.1,0,,Partially cloudy,partly-cloudy-day,"72505394728,KJFK,KLGA,F8726,KNYC,72503014732"
New york,2025-04-26T20:00:00,64.7,64.7,61.1,88.08,0.433,100,rain,0,0,42.7,6.4,265,1007,88.1,7.3,0,0,0,,"Rain, Partially cloudy",rain,"72505394728,KJFK,KLGA,74486094789,F8726,KNYC,72503014732"
New york,2025-04-26T21:00:00,63.5,63.5,56,76.33,0.016,100,rain,0,0,26.2,11.1,321,1008.3,93.1,9.9,0,0,0,,"Rain, Overcast",rain,"72505394728,KJFK,KLGA,74486094789,F8726,KNYC,72503014732"
New york,2025-04-26T22:00:00,62.5,62.5,45.9,54.58,0,0,,0,0,30,14.5,323,1009.7,93.1,9.9,0,0,0,,Overcast,cloudy,"72505394728,KJFK,KLGA,74486094789,F8726,KNYC,72503014732"
New york,2025-04-26T23:00:00,59.6,59.6,39.3,46.93,0.011,100,rain,0,0,33.6,22.5,303,1010.4,65.3,9.9,0,0,0,,"Rain, Partially cloudy",rain,"72505394728,KJFK,KLGA,74486094789,F8726,KNYC,72503014732"
New york,2025-04-27T00:00:00,56.2,56.2,37,48.34,0,0,,0,0,31.7,15.7,294,1011.5,30.9,9.9,0,0,0,,Partially cloudy,partly-cloudy-night,"72505394728,KJFK,KLGA,74486094789,F8726,KNYC,72503014732"
New york,2025-04-27T01:00:00,53.7,53.7,34.9,48.77,0,0,,0,0,31.9,15.2,287,1012.2,46,9.9,0,0,0,,Partially cloudy,partly-cloudy-night,"72505394728,KJFK,KLGA,F8726,KNYC,72503014732"
New york,2025-04-27T02:00:00,52.7,52.7,32.6,46.18,0,0,,0,0,39.9,22.8,303,1011.7,41.3,9.9,0,0,0,,Partially cloudy,partly-cloudy-night,"72505394728,KJFK,KLGA,74486094789,F8726,KNYC,72503014732"
New york,2025-04-27T03:00:00,51.7,51.7,31.9,46.55,0,0,,0,0,34.7,17.3,288,1011.5,81.5,9.9,0,0,0,,Partially cloudy,partly-cloudy-night,"72505394728,KJFK,KLGA,74486094789,F8726,KNYC,72503014732"
New york,2025-04-27T04:00:00,50.9,50.9,31.8,47.76,0,0,,0,0,30.8,17.5,298,1011.6,41.3,9.9,0,0,0,,Partially cloudy,partly-cloudy-night,"72505394728,KJFK,KLGA,74486094789,F8726,KNYC,72503014732"
New york,2025-04-27T05:00:00,49.5,44.1,30.9,48.47,0,0,,0,0,29.9,15,288,1011.7,26.5,9.9,0,0,0,,Partially cloudy,partly-cloudy-night,"72505394728,KJFK,KLGA,74486094789,F8726,KNYC,72503014732"
New york,2025-04-27T06:00:00,49.2,43.2,31.3,49.86,0,0,,0,0,28.2,16.8,292,1012,21.1,9.9,9,0,0,,Partially cloudy,partly-cloudy-day,"72505394728,KJFK,KLGA,74486094789,F8726,KNYC,72503014732"
New york,2025-04-27T07:00:00,49.5,44.9,31.9,50.47,0,0,,0,0,31.6,11.9,290,1012.9,93.1,9.9,44,0.2,0,,Overcast,cloudy,"72505394728,KJFK,KLGA,74486094789,F8726,KNYC,72503014732"
New york,2025-04-27T08:00:00,51.3,51.3,32.1,47.69,0,0,,0,0,30,14.2,288,1013.2,93.1,9.9,231,0.8,2,,Overcast,cloudy,"72505394728,KJFK,KLGA,74486094789,F8726,KNYC,72503014732"
New york,2025-04-27T09:00:00,51.1,51.1,31.9,47.67,0,0,,0,0,30.7,17,286,1013.3,93.1,9.9,162,0.6,2,,Overcast,cloudy,"72505394728,KJFK,KLGA,74486094789,F8726,KNYC,72503014732"
New york,2025-04-27T10:00:00,53.3,53.3,32.6,45.23,0,0,,0,0,34.6,17.6,302,1013.2,93.1,9.9,618,2.2,6,,Overcast,cloudy,"72505394728,KJFK,KLGA,74486094789,F8726,KNYC,72503014732"
New york,2025-04-27T11:00:00,55.4,55.4,32.3,41.34,0,0,,0,0,41.8,28.4,323,1013.2,88.9,9.9,986,3.5,10,,Partially cloudy,partly-cloudy-day,"72505394728,KJFK,KLGA,74486094789,F8726,KNYC,72503014732"
New york,2025-04-27T12:00:00,56,56,32.8,41.23,0,0,,0,0,37.6,19.3,294,1013.3,88.9,9.9,928,3.3,9,,Partially cloudy,partly-cloudy-day,"72505394728,KJFK,KLGA,74486094789,F8726,KNYC,72503014732"
New york,2025-04-27T13:00:00,57.4,57.4,32.2,38.35,0,0,,0,0,36.1,20.6,322,1013.5,88.8,9.9,700,2.5,7,,Partially cloudy,partly-cloudy-day,"72505394728,KJFK,KLGA,F8726,KNYC,72503014732"
New york,2025-04-27T14:00:00,56.4,56.4,33.3,41.49,0,0,,0,0,34.5,15.9,317,1013.9,93.1,9.9,445,1.6,4,,Overcast,cloudy,"72505394728,KJFK,KLGA,74486094789,F8726,KNYC,72503014732"
New york,2025-04-27T15:00:00,57,57,34.7,42.93,0,0,,0,0,37,20,308,1014,93.1,9.9,490,1.8,5,,Overcast,cloudy,"72505394728,KJFK,KLGA,74486094789,F8726,KNYC,72503014732"
New york,2025-04-27T16:00:00,57.5,57.5,34.7,42.19,0,0,,0,0,38.2,20.8,308,1014.3,93.1,9.9,309,1.1,3,,Overcast,cloudy,"72505394728,KJFK,KLGA,74486094789,F8726,KNYC,72503014732"
New york,2025-04-27T17:00:00,58.1,58.1,34.8,41.51,0,0,,0,0,41.1,26.3,323,1014.9,88.9,9.9,427,1.5,4,,Partially cloudy,partly-cloudy-day,"72505394728,KJFK,KLGA,74486094789,F8726,KNYC,72503014732"
New york,2025-04-27T18:00:00,58.9,58.9,33.9,38.86,0,0,,0,0,42,21.1,330,1015.9,66.6,9.9,173,0.6,2,,Partially cloudy,partly-cloudy-day,"72505394728,KJFK,KLGA,74486094789,F8726,KNYC,72503014732"
New york,2025-04-27T19:00:00,58.3,58.3,34.7,40.97,0,0,,0,0,35.5,20.4,330,1016.9,41.3,9.9,42,0.2,0,,Partially cloudy,partly-cloudy-day,"72505394728,KJFK,KLGA,74486094789,F8726,KNYC,72503014732"
New york,2025-04-27T20:00:00,57.5,57.5,33.6,40.51,0,0,,0,0,36.3,12.9,330,1018.6,24,9.9,0,0,0,,Partially cloudy,partly-cloudy-night,"72505394728,KJFK,KLGA,F8726,KNYC,72503014732"
New york,2025-04-27T21:00:00,56.4,56.4,34.8,44.09,0,0,,0,0,21,6.8,322,1019.2,16.8,9.9,0,0,0,,Clear,clear-night,"72505394728,KJFK,KLGA,74486094789,F8726,KNYC,72503014732"
New york,2025-04-27T22:00:00,57.5,57.5,34,41.14,0,0,,0,0,20.1,10.3,286,1020,16.8,9.9,0,0,0,,Clear,clear-night,"72505394728,KJFK,KLGA,74486094789,F8726,KNYC,72503014732"
New york,2025-04-27T23:00:00,58.4,58.4,30.7,34.8,0,0,,0,0,23,11.9,300,1020.3,16.8,9.9,0,0,0,,Clear,clear-night,"72505394728,KJFK,KLGA,74486094789,F8726,KNYC,72503014732"
New york,2025-04-28T00:00:00,57.7,57.7,28.4,32.5,0,0,,0,0,25.3,11.4,310,1020.7,16.8,9.9,0,0,0,,Clear,clear-night,"72505394728,KJFK,KLGA,74486094789,F8726,KNYC,72503014732"
New york,2025-04-28T01:00:00,57.4,57.4,28.2,32.67,0,0,,0,0,20.4,10.3,310,1021.2,5.2,9.9,0,0,0,,Clear,clear-night,"72505394728,KJFK,KLGA,74486094789,F8726,KNYC,72503014732"
New york,2025-04-28T02:00:00,56.8,56.8,28.1,33.16,0,0,,0,0,19.2,9.8,300,1021.4,5.2,9.9,0,0,0,,Clear,clear-night,"72505394728,KJFK,KLGA,74486094789,F8726,KNYC,72503014732"
New york,2025-04-28T03:00:00,55.4,55.4,28.5,35.4,0,0,,0,0,19,9.6,306,1022,5.2,9.9,0,0,0,,Clear,clear-night,"72505394728,KJFK,KLGA,74486094789,F8726,KNYC,72503014732"
New york,2025-04-28T04:00:00,55.2,55.2,28.4,35.53,0,0,,0,0,18.3,9.4,296,1022.3,0,9.9,0,0,0,,Clear,clear-night,"72505394728,KJFK,KLGA,74486094789,F8726,KNYC,72503014732"
New york,2025-04-28T05:00:00,54.3,54.3,29.6,38.58,0,0,,0,0,17.7,8.8,313,1023,0,9.9,0,0,0,,Clear,clear-night,"72505394728,KJFK,KLGA,74486094789,F8726,KNYC,72503014732"
New york,2025-04-28T06:00:00,52.7,52.7,29.8,41.14,0,0,,0,0,17.2,7.9,297,1023.8,0,9.9,11,0,0,,Clear,clear-day,"72505394728,KJFK,KLGA,74486094789,F8726,KNYC,72503014732"
New york,2025-04-28T07:00:00,54.1,54.1,31.2,41.44,0,0,,0,0,16.1,7.2,300,1024.8,0,9.9,61,0.2,1,,Clear,clear-day,"72505394728,KJFK,KLGA,74486094789,F8726,KNYC,72503014732"
New york,2025-04-28T08:00:00,56.8,56.8,30.3,36.3,0,0,,0,0,15,7.6,304,1025.7,0,9.9,318,1.1,3,,Clear,clear-day,"72505394728,KJFK,KLGA,74486094789,F8726,KNYC,72503014732"
New york,2025-04-28T09:00:00,60.9,60.9,30.9,32.13,0,0,,0,0,13.4,5.1,329,1026.1,0,9.9,538,1.9,5,,Clear,clear-day,"72505394728,KJFK,KLGA,74486094789,F8726,KNYC,72503014732"
New york,2025-04-28T10:00:00,64.6,64.6,29.8,26.92,0,0,,0,0,12.5,7.9,355,1026.5,0,9.9,723,2.6,7,,Clear,clear-day,"72505394728,KJFK,KLGA,74486094789,F8726,KNYC,72503014732"
New york,2025-04-28T11:00:00,66.9,66.9,30.7,25.81,0,0,,0,0,11.6,3.5,345,1026.6,0,9.9,856,3.1,9,,Clear,clear-day,"72505394728,KJFK,KLGA,74486094789,F8726,KNYC,72503014732"
New york,2025-04-28T12:00:00,70,70,29.9,22.38,0,0,,0,0,17.2,7.7,340,1026.3,16.8,9.9,930,3.3,9,,Clear,clear-day,"72505394728,KJFK,KLGA,74486094789,F8726,KNYC,72503014732"
New york,2025-04-28T13:00:00,72.3,72.3,29.3,20.26,0,0,,0,0,8.9,6.6,350,1025.8,5.2,9.9,945,3.4,9,,Clear,clear-day,"72505394728,KJFK,KLGA,74486094789,F8726,KNYC,72503014732"
New york,2025-04-28T14:00:00,72.6,72.6,28.1,19.07,0,0,,0,0,8.3,4.4,307,1025.3,11.6,9.9,882,3.2,9,,Clear,clear-day,"72505394728,KJFK,KLGA,74486094789,F8726,KNYC,72503014732"
New york,2025-04-28T15:00:00,74.8,74.8,28.9,18.33,0,0,,0,0,10.3,6.4,310,1024.9,16.8,9.9,768,2.8,8,,Clear,clear-day,"72505394728,KJFK,KLGA,74486094789,F8726,KNYC,72503014732"
New york,2025-04-28T16:00:00,74.7,74.7,27.6,17.4,0,0,,0,0,17.2,8,233,1024.2,16.8,9.9,593,2.1,6,,Clear,clear-day,"72505394728,KJFK,KLGA,74486094789,F8726,KNYC,72503014732"
New york,2025-04-28T17:00:00,73.6,73.6,29,19.11,0,0,,0,0,20.8,8.6,245,1023.8,16.8,9.9,375,1.4,4,,Clear,clear-day,"72505394728,KJFK,KLGA,74486094789,F8726,KNYC,72503014732"
New york,2025-04-28T18:00:00,72.1,72.1,28.7,19.88,0,0,,0,0,9.4,15.3,193,1024.2,21.1,9.9,164,0.6,2,,Partially cloudy,partly-cloudy-day,"72505394728,KJFK,KLGA,74486094789,F8726,KNYC,72503014732"
New york,2025-04-28T19:00:00,67,67,27.9,22.89,0,0,,0,0,24.2,12.9,183,1024,30.9,9.9,33,0.1,0,,Partially cloudy,partly-cloudy-day,"72505394728,KJFK,KLGA,74486094789,F8726,KNYC,72503014732"
New york,2025-04-28T20:00:00,64.5,64.5,30.2,27.49,0,0,,0,0,8.1,10.7,183,1024.1,30.9,9.9,0,0,0,,Partially cloudy,partly-cloudy-night,"72505394728,KJFK,KLGA,74486094789,F8726,KNYC,72503014732"
New york,2025-04-28T21:00:00,63.1,63.1,33,32.23,0,0,,0,0,8.1,9.6,183,1024.7,30.9,9.9,0,0,0,,Partially cloudy,partly-cloudy-night,"72505394728,KJFK,KLGA,74486094789,F8726,KNYC,72503014732"
New york,2025-04-28T22:00:00,62.3,62.3,34.4,35.25,0,0,,0,0,9.6,7.7,227,1024.6,30.9,9.9,0,0,0,,Partially cloudy,partly-cloudy-night,"72505394728,KJFK,KLGA,74486094789,F8726,KNYC,72503014732"
New york,2025-04-28T23:00:00,61.1,61.1,35,37.48,0,0,,0,0,12.3,5.1,209,1024.3,30.9,9.9,0,0,0,,Partially cloudy,partly-cloudy-night,"72505394728,KJFK,KLGA,74486094789,F8726,KNYC,72503014732"
New york,2025-04-29T00:00:00,60.9,60.9,34.8,37.52,0,0,,0,0,14.3,7.9,209,1024.2,30.9,9.9,0,0,0,,Partially cloudy,partly-cloudy-night,"72505394728,KJFK,KLGA,74486094789,F8726,KNYC,72503014732"
New york,2025-04-29T01:00:00,60.5,60.5,33.6,36.29,0,0,,0,0,19.7,9.6,217,1023.7,30.9,9.9,0,0,0,,Partially cloudy,partly-cloudy-night,"72505394728,KJFK,KLGA,74486094789,F8726,KNYC,72503014732"
New york,2025-04-29T02:00:00,59.2,59.2,33.7,38.11,0,0,,0,0,14.3,7.7,220,1024.1,30.9,9.9,0,0,0,,Partially cloudy,partly-cloudy-night,"72505394728,KJFK,KLGA,74486094789,F8726,KNYC,72503014732"
New york,2025-04-29T03:00:00,58.6,58.6,34.6,40.3,0,0,,0,0,14.3,8.1,228,1023.4,16.8,9.9,0,0,0,,Clear,clear-night,"72505394728,KJFK,KLGA,74486094789,F8726,KNYC,72503014732"
New york,2025-04-29T04:00:00,57.1,57.1,34.9,43.23,0,0,,0,0,13.6,5.9,213,1023.5,26.5,9.9,0,0,0,,Partially cloudy,partly-cloudy-night,"72505394728,KJFK,KLGA,74486094789,F8726,KNYC,72503014732"
New york,2025-04-29T05:00:00,56.4,56.4,35.2,44.88,0,0,,0,0,13.9,8.1,212,1023.5,43.1,9.9,0,0,0,,Partially cloudy,partly-cloudy-night,"72505394728,KJFK,KLGA,74486094789,F8726,KNYC,72503014732"
New york,2025-04-29T06:00:00,56,56,36.9,48.61,0,0,,0,0,15,7.7,223,1023.5,47.4,9.9,10,0,0,,Partially cloudy,partly-cloudy-day,"72505394728,KJFK,KLGA,74486094789,F8726,KNYC,72503014732"
New york,2025-04-29T07:00:00,56.7,56.7,38.1,49.66,0,0,,0,0,15.4,7,220,1023.8,54.9,9.9,85,0.3,1,,Partially cloudy,partly-cloudy-day,"72505394728,KJFK,KLGA,74486094789,F8726,KNYC,72503014732"
New york,2025-04-29T08:00:00,59.7,59.7,38.1,44.74,0,0,,0,0,15.7,9.3,204,1023.6,54.9,9.9,286,1,3,,Partially cloudy,partly-cloudy-day,"72505394728,KJFK,KLGA,74486094789,F8726,KNYC,72503014732"
New york,2025-04-29T09:00:00,62.3,62.3,37.2,39.25,0,0,,0,0,17,8.1,257,1023,54.9,9.9,542,2,5,,Partially cloudy,partly-cloudy-day,"72505394728,KJFK,KLGA,74486094789,F8726,KNYC,72503014732"
New york,2025-04-29T10:00:00,66.1,66.1,34.9,31.43,0,0,,0,0,24.2,13.1,218,1022.1,26.5,9.9,725,2.6,7,,Partially cloudy,partly-cloudy-day,"72505394728,KJFK,KLGA,74486094789,F8726,KNYC,72503014732"
New york,2025-04-29T11:00:00,68.8,68.8,36.3,30.27,0,0,,0,0,27.1,13.2,210,1021.1,16.8,9.9,871,3.1,9,,Clear,clear-day,"72505394728,KJFK,KLGA,74486094789,F8726,KNYC,72503014732"
New york,2025-04-29T12:00:00,72.9,72.9,38.5,28.75,0,0,,0,0,27.7,12.2,197,1020.2,16.8,9.9,939,3.4,9,,Clear,clear-day,"72505394728,KJFK,KLGA,74486094789,F8726,KNYC,72503014732"
New york,2025-04-29T13:00:00,74.2,74.2,41.5,30.91,0,0,,0,0,21.5,11.4,169,1018.9,21.1,9.9,949,3.4,9,,Partially cloudy,partly-cloudy-day,"72505394728,KJFK,KLGA,74486094789,F8726,KNYC,72503014732"
New york,2025-04-29T14:00:00,73.2,73.2,42.9,33.67,0,0,,0,0,32.2,11.9,169,1018,30.9,9.9,957,3.4,10,,Partially cloudy,partly-cloudy-day,"72505394728,KJFK,KLGA,74486094789,F8726,KNYC,72503014732"
New york,2025-04-29T15:00:00,71.1,71.1,44.8,38.83,0,0,,0,0,26.7,14.1,166,1017,54.9,9.9,615,2.2,6,,Partially cloudy,partly-cloudy-day,"72505394728,KJFK,KLGA,74486094789,F8726,KNYC,72503014732"
New york,2025-04-29T16:00:00,71.7,71.7,45.5,39.11,0,0,,0,0,37.9,16.6,169,1015.4,54.9,9.9,494,1.8,5,,Partially cloudy,partly-cloudy-day,"72505394728,KJFK,KLGA,74486094789,F8726,KNYC,72503014732"
New york,2025-04-29T17:00:00,71,71,47,42.37,0,0,,0,0,29.7,16,190,1014,54.9,9.9,350,1.3,4,,Partially cloudy,partly-cloudy-day,"72505394728,KJFK,KLGA,74486094789,F8726,KNYC,72503014732"
New york,2025-04-29T18:00:00,70.5,70.5,47.9,44.69,0,0,,0,0,29.9,13.2,180,1013.2,54.9,9.9,172,0.6,2,,Partially cloudy,partly-cloudy-day,"72505394728,KJFK,KLGA,74486094789,F8726,KNYC,72503014732"
New york,2025-04-29T19:00:00,68.7,68.7,48.3,48.13,0,0,,0,0,34.8,13.4,190,1012.4,54.9,9.9,59,0.2,1,,Partially cloudy,partly-cloudy-day,"72505394728,KJFK,KLGA,74486094789,F8726,KNYC,72503014732"
New york,2025-04-29T20:00:00,67.4,67.4,48.3,50.23,0,0,,0,0,34.9,12.6,190,1012.2,54.9,9.9,0,0,0,,Partially cloudy,partly-cloudy-night,"72505394728,KJFK,KLGA,74486094789,F8726,KNYC,72503014732"
New york,2025-04-29T21:00:00,67,67,48.7,51.83,0,0,,0,0,33.3,10.5,198,1012.5,54.9,9.9,0,0,0,,Partially cloudy,partly-cloudy-night,"72505394728,KJFK,KLGA,74486094789,F8726,KNYC,72503014732"
New york,2025-04-29T22:00:00,66.8,66.8,49.8,54.34,0,0,,0,0,22.4,8.5,176,1013,54.9,9.9,0,0,0,,Partially cloudy,partly-cloudy-night,"72505394728,KJFK,KLGA,74486094789,F8726,KNYC,72503014732"
New york,2025-04-29T23:00:00,67.4,67.4,50.5,54.59,0,0,,0,0,21.5,6.6,227,1012.5,54.9,9.9,0,0,0,,Partially cloudy,partly-cloudy-night,"72505394728,KJFK,KLGA,74486094789,F8726,KNYC,72503014732"
New york,2025-04-30T00:00:00,68.9,68.9,51.6,54.01,0,0,,0,0,21.5,10.3,204,1011.8,54.9,9.9,0,0,0,,Partially cloudy,partly-cloudy-night,"72505394728,KJFK,KLGA,74486094789,F8726,KNYC,72503014732"
New york,2025-04-30T01:00:00,68.2,68.2,51.7,55.68,0,0,,0,0,24.2,11.3,212,1011.2,54.9,9.9,0,0,0,,Partially cloudy,partly-cloudy-night,"72505394728,KJFK,KLGA,74486094789,F8726,KNYC,72503014732"
New york,2025-04-30T02:00:00,68,68,52.4,57.43,0,0,,0,0,22.2,11.3,210,1011.1,54.9,9.9,0,0,0,,Partially cloudy,partly-cloudy-night,"72505394728,KJFK,KLGA,74486094789,F8726,KNYC,72503014732"
New york,2025-04-30T03:00:00,68,68,52.6,57.91,0,0,,0,0,21.7,10.5,233,1011.4,54.9,9.9,0,0,0,,Partially cloudy,partly-cloudy-night,"72505394728,KJFK,KLGA,74486094789,F8726,KNYC,72503014732"
New york,2025-04-30T04:00:00,68.4,68.4,53.8,59.69,0,0,,0,0,19.5,10.2,233,1011,54.9,9.9,0,0,0,,Partially cloudy,partly-cloudy-night,"72505394728,KJFK,KLGA,74486094789,F8726,KNYC,72503014732"
New york,2025-04-30T05:00:00,69.1,69.1,55.3,61.42,0,0,,0,0,26.4,11.7,260,1010.9,54.9,9.9,0,0,0,,Partially cloudy,partly-cloudy-night,"72505394728,KJFK,KLGA,74486094789,F8726,KNYC,72503014732"
New york,2025-04-30T06:00:00,68.7,68.7,55.8,63.41,0,0,,0,0,25.3,8.1,250,1011.1,65.3,9.9,6,0,0,,Partially cloudy,partly-cloudy-day,"72505394728,KJFK,KLGA,74486094789,F8726,KNYC,72503014732"
New york,2025-04-30T07:00:00,68.5,68.5,56.3,65.18,0,0,,0,0,11.9,7.5,272,1011.8,88.9,9.9,36,0.1,0,,Partially cloudy,partly-cloudy-day,"72505394728,KJFK,KLGA,74486094789,F8726,KNYC,72503014732"
New york,2025-04-30T08:00:00,68.4,68.4,51.2,54.24,0,0,,0,0,27.7,13.1,308,1012.8,93.1,9.9,141,0.5,1,,Overcast,cloudy,"72505394728,KJFK,KLGA,74486094789,F8726,KNYC,72503014732"
New york,2025-04-30T09:00:00,67.8,67.8,41.9,38.86,0,0,,0,0,26.8,13.4,323,1013.6,65.3,9.9,524,1.9,5,,Partially cloudy,partly-cloudy-day,"72505394728,KJFK,KLGA,74486094789,F8726,KNYC,72503014732"
New york,2025-04-30T10:00:00,68.5,68.5,40.9,36.58,0,0,,0,0,27.8,17.9,343,1014.5,30.9,9.9,626,2.3,6,,Partially cloudy,partly-cloudy-day,"72505394728,KJFK,KLGA,74486094789,F8726,KNYC,72503014732"
New york,2025-04-30T11:00:00,69,69,37.6,31.64,0,0,,0,0,29.8,20.5,316,1015.2,54.9,9.9,850,3.1,9,,Partially cloudy,partly-cloudy-day,"72505394728,KJFK,KLGA,74486094789,F8726,KNYC,72503014732"
New york,2025-04-30T12:00:00,70.4,70.4,35.3,27.43,0,0,,0,0,28.8,18.3,326,1015.3,30.9,9.9,942,3.4,9,,Partially cloudy,partly-cloudy-day,"72505394728,KJFK,KLGA,74486094789,F8726,KNYC,72503014732"
New york,2025-04-30T13:00:00,71,71,33.2,24.76,0,0,,0,0,24.3,10.5,310,1015.1,26.5,9.9,960,3.5,10,,Partially cloudy,partly-cloudy-day,"72505394728,KJFK,KLGA,74486094789,F8726,KNYC,72503014732"
New york,2025-04-30T14:00:00,71.8,71.8,29.6,20.89,0,0,,0,0,24.5,13.2,301,1015.4,26.5,9.9,896,3.2,9,,Partially cloudy,partly-cloudy-day,"72505394728,KJFK,KLGA,74486094789,F8726,KNYC,72503014732"
New york,2025-04-30T15:00:00,73.6,73.6,29.2,19.29,0,0,,0,0,22,11.5,312,1015.3,30.9,9.9,749,2.7,7,,Partially cloudy,partly-cloudy-day,"72505394728,KJFK,KLGA,74486094789,F8726,KNYC,72503014732"
New york,2025-04-30T16:00:00,72.7,72.7,29.5,20.12,0,0,,0,0,28.9,13.6,316,1015.4,38.3,9.9,581,2.1,6,,Partially cloudy,partly-cloudy-day,"72505394728,KJFK,KLGA,74486094789,F8726,KNYC,72503014732"
New york,2025-04-30T17:00:00,72.5,72.5,28.1,19.13,0,0,,0,0,20.9,13,330,1015.8,38.3,9.9,375,1.4,4,,Partially cloudy,partly-cloudy-day,"72505394728,KJFK,KLGA,74486094789,F8726,KNYC,72503014732"
New york,2025-04-30T18:00:00,71.6,71.6,26.9,18.79,0,0,,0,0,16.1,11.7,316,1016.3,38.3,9.9,178,0.6,2,,Partially cloudy,partly-cloudy-day,"72505394728,KJFK,KLGA,74486094789,F8726,KNYC,72503014732"
New york,2025-04-30T19:00:00,70.4,70.4,26.1,18.94,0,0,,0,0,17.2,12.2,310,1016.9,54.9,9.9,48,0.2,0,,Partially cloudy,partly-cloudy-day,"72505394728,KJFK,KLGA,74486094789,F8726,KNYC,72503014732"
New york,2025-04-30T20:00:00,68.3,68.3,26.7,20.85,0,0,,0,0,10.3,9.8,310,1017.5,54.9,9.9,0,0,0,,Partially cloudy,partly-cloudy-night,"72505394728,KJFK,KLGA,74486094789,F8726,KNYC,72503014732"
New york,2025-04-30T21:00:00,66.3,66.3,26.7,22.34,0,0,,0,0,9.6,10.6,323,1018.3,54.9,9.9,0,0,0,,Partially cloudy,partly-cloudy-night,"72505394728,KJFK,KLGA,74486094789,F8726,KNYC,72503014732"
New york,2025-04-30T22:00:00,65.4,65.4,25.7,22.14,0,0,,0,0,11,7.6,332,1019.1,54.9,9.9,0,0,0,,Partially cloudy,partly-cloudy-night,"72505394728,KJFK,KLGA,74486094789,F8726,KNYC,72503014732"
New york,2025-04-30T23:00:00,64.2,64.2,25.3,22.67,0,0,,0,0,11.4,10.6,333,1019.6,54.9,9.9,0,0,0,,Partially cloudy,partly-cloudy-night,"72505394728,KJFK,KLGA,74486094789,F8726,KNYC,72503014732"
New york,2025-05-01T00:00:00,61.4,61.4,29,29.11,0,0,,0,0,11.6,6.3,24,1019.5,54.9,9.9,0,0,0,,Partially cloudy,partly-cloudy-night,"72505394728,KJFK,KLGA,74486094789,F8726,KNYC,72503014732"
New york,2025-05-01T01:00:00,58.9,58.9,32.4,36.61,0,0,,0,0,12.3,6,41,1019.7,54.9,9.9,0,0,0,,Partially cloudy,partly-cloudy-night,"72505394728,KJFK,KLGA,74486094789,F8726,KNYC,72503014732"
New york,2025-05-01T02:00:00,57.5,57.5,29.6,34.44,0,0,,0,0,12.3,6.9,24,1019.7,54.9,9.9,0,0,0,,Partially cloudy,partly-cloudy-night,"72505394728,KJFK,KLGA,74486094789,F8726,KNYC,72503014732"
New york,2025-05-01T03:00:00,55.8,55.8,31.2,39.05,0,0,,0,0,12.1,6.7,64,1019.9,38.3,9.9,0,0,0,,Partially cloudy,partly-cloudy-night,"72505394728,KJFK,KLGA,74486094789,F8726,KNYC,72503014732"
New york,2025-05-01T04:00:00,54.7,54.7,31.4,40.8,0,0,,0,0,12.1,4.1,53,1020.8,28.5,9.9,0,0,0,,Partially cloudy,partly-cloudy-night,"72505394728,KJFK,KLGA,74486094789,F8726,KNYC,72503014732"
New york,2025-05-01T05:00:00,53.8,53.8,31.2,41.95,0,0,,0,0,11.4,5.9,58,1020.8,21.1,9.9,0,0,0,,Partially cloudy,partly-cloudy-night,"72505394728,KJFK,KLGA,74486094789,F8726,KNYC,72503014732"
New york,2025-05-01T06:00:00,52.5,52.5,32.9,47.1,0,0,,0,0,10.3,4,34,1021,47.4,9.9,15,0.1,0,,Partially cloudy,partly-cloudy-day,"72505394728,KJFK,KLGA,74486094789,F8726,KNYC,72503014732"
New york,2025-05-01T07:00:00,54.5,54.5,33.7,45.28,0,0,,0,0,10.7,6.2,60,1021.4,54.9,9.9,106,0.4,1,,Partially cloudy,partly-cloudy-day,"72505394728,KJFK,KLGA,74486094789,F8726,KNYC,72503014732"
New york,2025-05-01T08:00:00,56.9,56.9,33.7,41.39,0,0,,0,0,11.6,6.3,61,1021.7,54.9,9.9,321,1.2,3,,Partially cloudy,partly-cloudy-day,"72505394728,KJFK,KLGA,74486094789,F8726,KNYC,72503014732"
New york,2025-05-01T09:00:00,59.3,59.3,33,37.06,0,0,,0,0,13,9.4,67,1021.9,47.4,9.9,531,1.9,5,,Partially cloudy,partly-cloudy-day,"72505394728,KJFK,KLGA,74486094789,F8726,KNYC,72503014732"
New york,2025-05-01T10:00:00,61.1,61.1,35.2,37.86,0,0,,0,0,24.2,9.6,73,1021.9,54.9,9.9,733,2.6,7,,Partially cloudy,partly-cloudy-day,"72505394728,KJFK,KLGA,74486094789,F8726,KNYC,72503014732"
New york,2025-05-01T11:00:00,65,65,32.4,29.58,0,0,,0,0,21,8.5,83,1021.8,54.9,9.9,869,3.1,9,,Partially cloudy,partly-cloudy-day,"72505394728,KJFK,KLGA,74486094789,F8726,KNYC,72503014732"
New york,2025-05-01T12:00:00,66.5,66.5,27.6,23.06,0,0,,0,0,14.3,12.8,131,1021.4,88.9,9.9,941,3.4,9,,Partially cloudy,partly-cloudy-day,"72505394728,KJFK,KLGA,74486094789,F8726,KNYC,72503014732"
New york,2025-05-01T13:00:00,67.7,67.7,31.4,25.79,0,0,,0,0,15.7,13.1,69,1020.6,54.9,9.9,845,3,8,,Partially cloudy,partly-cloudy-day,"72505394728,KJFK,KLGA,74486094789,F8726,KNYC,72503014732"
New york,2025-05-01T14:00:00,66.6,66.6,32.3,27.84,0,0,,0,0,17.2,10.7,72,1020.1,65.3,9.9,590,2.1,6,,Partially cloudy,partly-cloudy-day,"72505394728,KJFK,KLGA,74486094789,F8726,KNYC,72503014732"
New york,2025-05-01T15:00:00,66.9,66.9,29.2,24.27,0,0,,0,0,17.7,10.7,128,1019.7,85.5,9.9,687,2.5,7,,Partially cloudy,partly-cloudy-day,"72505394728,KJFK,KLGA,74486094789,F8726,KNYC,72503014732"
New york,2025-05-01T16:00:00,66.2,66.2,29.6,25.27,0,0,,0,0,18.3,9.2,140,1019.2,54.9,9.9,590,2.1,6,,Partially cloudy,partly-cloudy-day,"72505394728,KJFK,KLGA,74486094789,F8726,KNYC,72503014732"
New york,2025-05-01T17:00:00,64.1,64.1,33.5,31.82,0,0,,0,0,19,11.1,144,1018.6,54.9,9.9,375,1.4,4,,Partially cloudy,partly-cloudy-day,"72505394728,KJFK,KLGA,74486094789,F8726,KNYC,72503014732"
New york,2025-05-01T18:00:00,62.7,62.7,37.1,38.56,0,0,,0,0,19.2,13.1,127,1018,47.4,9.9,171,0.6,2,,Partially cloudy,partly-cloudy-day,"72505394728,KJFK,KLGA,74486094789,F8726,KNYC,72503014732"
New york,2025-05-01T19:00:00,61.3,61.3,37.7,41.53,0,0,,0,0,17.2,8.3,117,1017.4,49.8,9.9,49,0.2,0,,Partially cloudy,partly-cloudy-day,"72505394728,KJFK,KLGA,74486094789,F8726,KNYC,72503014732"
New york,2025-05-01T20:00:00,60.1,60.1,39.6,46.58,0,0,,0,0,15.9,7.9,114,1016.8,58.2,9.9,0,0,0,,Partially cloudy,partly-cloudy-night,"72505394728,KJFK,KLGA,74486094789,F8726,KNYC,72503014732"
New york,2025-05-01T21:00:00,59.4,59.4,40.3,49.18,0,0,,0,0,13.9,7.4,109,1016.9,93.1,9.9,0,0,0,,Overcast,cloudy,"72505394728,KJFK,KLGA,74486094789,F8726,KNYC,72503014732"
New york,2025-05-01T22:00:00,59.6,59.6,40.5,49.19,0,0,,0,0,13.4,7.7,116,1016.9,95.2,9.9,0,0,0,,Overcast,cloudy,"72505394728,KJFK,KLGA,74486094789,F8726,KNYC,72503014732"
New york,2025-05-01T23:00:00,60.1,60.1,43.3,53.8,0,0,,0,0,13,8.6,105,1015.9,100,9.9,0,0,0,,Overcast,cloudy,"72505394728,KJFK,KLGA,74486094789,F8726,KNYC,72503014732"
New york,2025-05-02T00:00:00,59.7,59.7,47.9,65.06,0,0,,0,0,13,5.5,99,1015,100,9.9,0,0,0,,Overcast,cloudy,"72505394728,KJFK,KLGA,74486094789,F8726,KNYC,72503014732"
New york,2025-05-02T01:00:00,59.3,59.3,51.9,76.47,0,0,,0,0,13.6,5.4,123,1014,100,9.9,0,0,0,,Overcast,cloudy,"72505394728,KJFK,KLGA,74486094789,F8726,KNYC,72503014732"
New york,2025-05-02T02:00:00,59.7,59.7,53.2,79.12,0,0,,0,0,13.4,4.5,88,1013.2,100,9.9,0,0,0,,Overcast,cloudy,"72505394728,KJFK,KLGA,74486094789,F8726,KNYC,72503014732"
New york,2025-05-02T03:00:00,58.3,58.3,53.4,83.74,0,0,,0,0,7.8,5.6,180,1012.4,100,9,0,0,0,,Overcast,cloudy,"72505394728,KJFK,KLGA,74486094789,F8726,KNYC,72503014732"
New york,2025-05-02T04:00:00,56.9,56.9,52.7,85.73,0,0,,0,0,6.9,3.9,66,1011.6,61.8,7,0,0,0,,Partially cloudy,partly-cloudy-night,"72505394728,KJFK,KLGA,74486094789,F8726,KNYC,72503014732"
New york,2025-05-02T05:00:00,56.5,56.5,52.7,86.77,0,0,,0,0,6.3,2.7,43,1011.5,95.8,7,0,0,0,,Overcast,cloudy,"72505394728,KJFK,KLGA,74486094789,F8726,KNYC,72503014732"
New york,2025-05-02T06:00:00,56.8,56.8,52.8,86.65,0,0,,0,0,6,2,46,1011.4,76.1,4.9,13,0,0,,Partially cloudy,partly-cloudy-day,"72505394728,KJFK,KLGA,74486094789,F8726,KNYC,72503014732"
New york,2025-05-02T07:00:00,56.5,56.5,53.4,89.25,0,0,,0,0,6.9,3.4,52,1011.5,54.6,2.9,95,0.3,1,,Partially cloudy,partly-cloudy-day,"72505394728,KJFK,KLGA,74486094789,F8726,KNYC,72503014732"
New york,2025-05-02T08:00:00,58.8,58.8,54,84.05,0,0,,0,0,10.5,2.6,58,1012,93.1,3.3,159,0.6,2,,Overcast,cloudy,"72505394728,KJFK,KLGA,74486094789,F8726,KNYC,72503014732"
New york,2025-05-02T09:00:00,61.1,61.1,55.7,82.37,0,0,,0,0,11.2,2.3,6,1012.1,74,5.6,407,1.5,4,,Partially cloudy,partly-cloudy-day,"72505394728,KJFK,KLGA,74486094789,F8726,KNYC,72503014732"
New york,2025-05-02T10:00:00,65.3,65.3,56.9,74.28,0,0,,0,0,9.8,2.9,346,1012.1,54.9,7.2,371,1.3,4,,Partially cloudy,partly-cloudy-day,"72505394728,KJFK,KLGA,74486094789,F8726,KNYC,72503014732"
New york,2025-05-02T11:00:00,69.2,69.2,56.8,64.6,0,0,,0,0,11,6,220,1012.2,57.8,8.8,742,2.7,7,,Partially cloudy,partly-cloudy-day,"72505394728,KJFK,KLGA,74486094789,F8726,KNYC,72503014732"
New york,2025-05-02T12:00:00,74,74,57.7,56.72,0,0,,0,0,18.3,10.7,203,1011.6,54.9,9.9,845,3,8,,Partially cloudy,partly-cloudy-day,"72505394728,KJFK,KLGA,74486094789,F8726,KNYC,72503014732"
New york,2025-05-02T13:00:00,78.9,78.9,57,46.95,0,0,,0,0,17.2,8.7,218,1011,54.9,9.9,929,3.3,9,,Partially cloudy,partly-cloudy-day,"72505394728,KJFK,KLGA,74486094789,F8726,KNYC,72503014732"
New york,2025-05-02T14:00:00,80.1,80.3,55.8,43.22,0,0,,0,0,23.9,11.4,223,1010.6,54.9,9.9,551,2,6,,Partially cloudy,partly-cloudy-day,"72505394728,KJFK,KLGA,74486094789,F8726,KNYC,72503014732"
New york,2025-05-02T15:00:00,81.1,80.9,55.4,41.24,0,0,,0,0,17.2,9.4,194,1010.3,65.3,9.9,572,2.1,6,,Partially cloudy,partly-cloudy-day,"72505394728,KJFK,KLGA,74486094789,F8726,KNYC,72503014732"
New york,2025-05-02T16:00:00,79.1,79.1,57.2,47.04,0,0,,0,0,21.9,10.1,180,1010.1,59.4,9.9,513,1.8,5,,Partially cloudy,partly-cloudy-day,"72505394728,KJFK,KLGA,74486094789,F8726,KNYC,72503014732"
New york,2025-05-02T17:00:00,79.7,79.7,55.9,43.94,0,0,,0,0,18.3,11.2,176,1009.7,57.9,9.9,401,1.4,4,,Partially cloudy,partly-cloudy-day,"72505394728,KJFK,KLGA,74486094789,F8726,KNYC,72503014732"
New york,2025-05-02T18:00:00,76.5,76.5,56.6,50.26,0,0,,0,0,16.1,9.4,123,1010,81.5,9.9,88,0.3,1,,Partially cloudy,partly-cloudy-day,"72505394728,KJFK,KLGA,74486094789,F8726,KNYC,72503014732"
New york,2025-05-02T19:00:00,72.6,72.6,56.5,56.99,0,0,,0,0,11.6,9.4,173,1010.2,57.9,9.9,42,0.2,0,,Partially cloudy,partly-cloudy-day,"72505394728,KJFK,KLGA,74486094789,F8726,KNYC,72503014732"
New york,2025-05-02T20:00:00,71.5,71.5,56.5,59.19,0,0,,0,0,10.1,5.4,229,1010.5,81.5,9.9,1,0,0,,Partially cloudy,partly-cloudy-night,"72505394728,KJFK,KLGA,74486094789,F8726,KNYC,72503014732"
New york,2025-05-02T21:00:00,69.5,69.5,56.3,62.9,0,0,,0,0,9.4,5.1,132,1010.8,54.9,9.9,0,0,0,,Partially cloudy,partly-cloudy-night,"72505394728,KJFK,KLGA,74486094789,F8726,KNYC,72503014732"
New york,2025-05-02T22:00:00,67.8,67.8,56.7,67.58,0,0,,0,0,10.3,4.1,133,1011.6,54.9,9.5,0,0,0,,Partially cloudy,partly-cloudy-night,"72505394728,KJFK,KLGA,74486094789,F8726,KNYC,72503014732"
New york,2025-05-02T23:00:00,67.8,67.8,56.7,67.58,0,0,,0,0,11,3.6,239,1011.8,54.9,9.5,0,0,0,,Partially cloudy,partly-cloudy-night,"72505394728,KJFK,KLGA,74486094789,F8726,KNYC,72503014732"
New york,2025-05-03T00:00:00,69.1,69.1,56.4,63.9,0,0,,0,0,10.3,6.1,188,1012.1,54.9,9.9,0,0,0,,Partially cloudy,partly-cloudy-night,"72505394728,KJFK,KLGA,74486094789,F8726,KNYC,72503014732"
New york,2025-05-03T01:00:00,68.3,68.3,56.3,65.61,0,0,,0,0,8.7,1.8,308,1011.9,54.9,9.9,0,0,0,,Partially cloudy,partly-cloudy-night,"72505394728,KJFK,KLGA,74486094789,F8726,KNYC,72503014732"
New york,2025-05-03T02:00:00,66.7,66.7,54.6,65.1,0,0,,0,0,8.7,1.9,44,1011.6,54.9,9.9,0,0,0,,Partially cloudy,partly-cloudy-night,"72505394728,KJFK,KLGA,74486094789,F8726,KNYC,72503014732"
New york,2025-05-03T03:00:00,67,67,53.6,62.15,0,0,,0,0,9.8,2.7,353,1011.3,65.3,9.9,0,0,0,,Partially cloudy,partly-cloudy-night,"72505394728,KJFK,KLGA,74486094789,F8726,KNYC,72503014732"
New york,2025-05-03T04:00:00,64.6,64.6,54,68.53,0,0,,0,0,7.8,3.4,93,1011.4,54.9,9.9,0,0,0,,Partially cloudy,partly-cloudy-night,"72505394728,KJFK,KLGA,74486094789,F8726,KNYC,72503014732"
New york,2025-05-03T05:00:00,63.1,63.1,54.4,73.29,0,0,,0,0,6.3,2.1,114,1011.3,38.3,9.9,0,0,0,,Partially cloudy,partly-cloudy-night,"72505394728,KJFK,KLGA,74486094789,F8726,KNYC,72503014732"
New york,2025-05-03T06:00:00,62.1,62.1,54.4,75.94,0,0,,0,0,5.8,2.5,64,1011.4,54.9,9.2,14,0.1,0,,Partially cloudy,partly-cloudy-day,"72505394728,KJFK,KLGA,74486094789,F8726,KNYC,72503014732"
New york,2025-05-03T07:00:00,62.7,62.7,55.5,77.43,0,0,,0,0,5.8,2.9,88,1011.7,38.3,8.5,125,0.5,1,,Partially cloudy,partly-cloudy-day,"72505394728,KJFK,KLGA,74486094789,F8726,KNYC,72503014732"
New york,2025-05-03T08:00:00,66.1,66.1,56.7,71.77,0,0,,0,0,7.4,3.1,83,1011.9,54.9,8.8,331,1.2,3,,Partially cloudy,partly-cloudy-day,"72505394728,KJFK,KLGA,74486094789,F8726,KNYC,72503014732"
New york,2025-05-03T09:00:00,69.7,69.7,57.8,65.89,0,0,,0,0,10.5,3.5,88,1011.8,54.9,8.8,484,1.7,5,,Partially cloudy,partly-cloudy-day,"72505394728,KJFK,KLGA,74486094789,F8726,KNYC,72503014732"
New york,2025-05-03T10:00:00,72.1,72.1,58.4,62.03,0,0,,0,0,19.7,7.4,170,1011.6,54.9,9.2,708,2.5,7,,Partially cloudy,partly-cloudy-day,"72505394728,KJFK,KLGA,74486094789,F8726,KNYC,72503014732"
New york,2025-05-03T11:00:00,72.7,72.7,58.1,60.28,0,0,,0,0,17.2,7.9,162,1011.5,54.9,9.2,742,2.7,7,,Partially cloudy,partly-cloudy-day,"72505394728,KJFK,KLGA,74486094789,F8726,KNYC,72503014732"
New york,2025-05-03T12:00:00,76.1,76.1,59.2,55.96,0,0,,0,0,18.3,9.2,153,1011.1,54.9,9.2,902,3.2,9,,Partially cloudy,partly-cloudy-day,"72505394728,KJFK,KLGA,74486094789,F8726,KNYC,72503014732"
New york,2025-05-03T13:00:00,77.2,77.2,58.8,53.07,0,0,,0,0,30.6,11.7,156,1010.6,54.9,9.2,785,2.8,8,,Partially cloudy,partly-cloudy-day,"72505394728,KJFK,KLGA,74486094789,F8726,KNYC,72503014732"
New york,2025-05-03T14:00:00,75.9,75.9,57.7,53.15,0,0,,0,0,28.2,15.2,173,1009.9,54.9,9.2,837,3,8,,Partially cloudy,partly-cloudy-day,"72505394728,KJFK,KLGA,74486094789,F8726,KNYC,72503014732"
New york,2025-05-03T15:00:00,78.9,78.9,58.1,48.9,0,0,,0,0,31.1,10.1,227,1009.2,63.5,9.5,740,2.7,7,,Partially cloudy,partly-cloudy-day,"72505394728,KJFK,KLGA,74486094789,F8726,KNYC,72503014732"
New york,2025-05-03T16:00:00,81.1,81,56.4,42.8,0,0,,0,0,26.8,17.1,190,1008.9,63.5,9.9,603,2.2,6,,Partially cloudy,partly-cloudy-day,"72505394728,KJFK,KLGA,74486094789,F8726,KNYC,72503014732"
New york,2025-05-03T17:00:00,81.8,81.1,54.3,38.92,0,0,,0,0,32,17.6,221,1009.5,44.3,9.9,378,1.4,4,,Partially cloudy,partly-cloudy-day,"72505394728,KJFK,KLGA,74486094789,F8726,KNYC,72503014732"
New york,2025-05-03T18:00:00,79.4,79.4,55.5,43.78,0,0,,0,0,24.5,14.1,179,1009.6,47.7,9.9,168,0.6,2,,Partially cloudy,partly-cloudy-day,"72505394728,KJFK,KLGA,74486094789,F8726,KNYC,72503014732"
New york,2025-05-03T19:00:00,76.8,76.8,54.2,45.6,0,0,,0,0,9.4,9.6,176,1010.1,54.8,9.9,27,0.1,0,,Partially cloudy,partly-cloudy-day,"72505394728,KJFK,KLGA,74486094789,F8726,KNYC,72503014732"
New york,2025-05-03T20:00:00,72.4,72.4,57,58.25,0,0,,0,0,9.6,10.4,89,1011.3,88.9,9.9,0,0,0,,Partially cloudy,partly-cloudy-night,"72505394728,KJFK,KLGA,74486094789,F8726,KNYC,72503014732"
New york,2025-05-03T21:00:00,69.5,69.5,57.3,65.22,0,0,,0,0,18.3,6.2,149,1011.8,54.9,9.9,0,0,0,,Partially cloudy,partly-cloudy-night,"72505394728,KJFK,KLGA,74486094789,F8726,KNYC,72503014732"
New york,2025-05-03T22:00:00,68,68,56.7,67.28,0,0,,0,0,10.1,4.7,41,1011.8,74,9.5,0,0,0,,Partially cloudy,partly-cloudy-night,"72505394728,KJFK,KLGA,74486094789,F8726,KNYC,72503014732"
New york,2025-05-03T23:00:00,66.6,66.6,58.6,75.58,0.008,100,rain,0,0,10.3,5.1,226,1012.5,91.9,6,0,0,0,,"Rain, Overcast",rain,"72505394728,KLGA,F8726,KNYC,72503014732"
