name,datetime,temp,feelslike,dew,humidity,precip,precipprob,preciptype,snow,snowdepth,windgust,windspeed,winddir,sealevelpressure,cloudcover,visibility,solarradiation,solarenergy,uvindex,severerisk,conditions,icon,stations
New york,2025-06-14T00:00:00,68.2,68.2,53.4,59.07,0,0,,0,0,11.4,7.2,56,1019.1,74,9.2,0,0,0,,Partially cloudy,partly-cloudy-night,"72505394728,KJFK,KLGA,74486094789,F8726,KNYC,72503014732"
New york,2025-06-14T01:00:00,66.7,66.7,53.6,62.73,0,0,,0,0,11.6,6.2,76,1019,65.3,9.2,0,0,0,,Partially cloudy,partly-cloudy-night,"72505394728,KJFK,KLGA,74486094789,F8726,KNYC,72503014732"
New york,2025-06-14T02:00:00,66.3,66.3,54.8,66.5,0,0,,0,0,12.8,6.9,58,1018.6,54.9,9.2,0,0,0,,Partially cloudy,partly-cloudy-night,"72505394728,KJFK,KLGA,74486094789,F8726,KNYC,72503014732"
New york,2025-06-14T03:00:00,65.5,65.5,55.4,69.68,0,0,,0,0,12.1,10.1,50,1018,54.9,9.2,0,0,0,,Partially cloudy,partly-cloudy-night,"72505394728,KJFK,KLGA,74486094789,F8726,KNYC,72503014732"
New york,2025-06-14T04:00:00,65.2,65.2,56.9,74.62,0,0,,0,0,15,10.7,56,1017.6,88.9,8.8,0,0,0,,Partially cloudy,partly-cloudy-night,"72505394728,KJFK,KLGA,74486094789,F8726,KNYC,72503014732"
New york,2025-06-14T05:00:00,64.6,64.6,57,76.44,0,0,,0,0,16.3,11.4,48,1018,100,8.6,0,0,0,,Overcast,cloudy,"72505394728,KJFK,KLGA,F8726,KNYC,72503014732"
New york,2025-06-14T06:00:00,64.3,64.3,56.9,77,0,0,,0,0,17.2,12.8,42,1018.1,100,8.3,11,0,0,,Overcast,cloudy,"72505394728,KJFK,KLGA,74486094789,F8726,KNYC,72503014732"
New york,2025-06-14T07:00:00,63.5,63.5,55,74,0.002,100,rain,0,0,17.2,5.9,13,1018.6,100,7.7,10,0,0,,"Rain, Overcast",rain,"72505394728,KJFK,KLGA,F8726,KNYC,72503014732"
New york,2025-06-14T08:00:00,62.1,62.1,56.2,81.12,0.114,100,rain,0,0,26.4,13.4,50,1018.1,100,5,107,0.4,1,,"Rain, Overcast",rain,"72505394728,KJFK,KLGA,74486094789,F8726,KNYC,72503014732"
New york,2025-06-14T09:00:00,62.2,62.2,56.5,81.4,0.004,100,rain,0,0,23,14.4,62,1017.9,100,6.7,150,0.5,2,,"Rain, Overcast",rain,"72505394728,KJFK,KLGA,74486094789,F8726,KNYC,72503014732"
New york,2025-06-14T10:00:00,63,63,56.1,78.25,0,0,,0,0,25.3,15.7,54,1018,100,7.4,132,0.5,1,,Overcast,cloudy,"72505394728,KJFK,KLGA,74486094789,F8726,KNYC,72503014732"
New york,2025-06-14T11:00:00,61.9,61.9,56.8,83.42,0.009,100,rain,0,0,30.2,12,52,1018.5,100,4,150,0.5,2,,"Rain, Overcast",rain,"72505394728,KJFK,KLGA,74486094789,F8726,KNYC,72503014732"
New york,2025-06-14T12:00:00,60.7,60.7,57.3,88.42,0.065,100,rain,0,0,19.7,13.5,51,1018.3,100,4.8,121,0.4,1,,"Rain, Overcast",rain,"72505394728,KJFK,KLGA,74486094789,F8726,KNYC,72503014732"
New york,2025-06-14T13:00:00,61.7,61.7,57.5,86.15,0.032,100,rain,0,0,17.2,13,46,1018.3,100,4.2,198,0.7,2,,"Rain, Overcast",rain,"72505394728,KJFK,KLGA,74486094789,F8726,KNYC,72503014732"
New york,2025-06-14T14:00:00,61.7,61.7,58,87.54,0.037,100,rain,0,0,21,12.4,54,1018.6,100,4.6,205,0.7,2,,"Rain, Overcast",rain,"72505394728,KJFK,KLGA,74486094789,F8726,KNYC,72503014732"
New york,2025-06-14T15:00:00,61.7,61.7,57.1,84.78,0.02,100,rain,0,0,17,11.2,54,1018.8,100,5.2,205,0.7,2,,"Rain, Overcast",rain,"72505394728,KJFK,KLGA,74486094789,F8726,KNYC,72503014732"
New york,2025-06-14T16:00:00,62.1,62.1,57.3,84.31,0.019,100,rain,0,0,20.8,12.5,58,1018.6,100,5.5,258,0.9,3,,"Rain, Overcast",rain,"72505394728,KJFK,KLGA,74486094789,F8726,KNYC,72503014732"
New york,2025-06-14T17:00:00,61.9,61.9,57.5,85.63,0.016,100,rain,0,0,17.7,9.3,64,1018.3,100,6.2,183,0.7,2,,"Rain, Overcast",rain,"72505394728,KJFK,KLGA,74486094789,F8726,KNYC,72503014732"
New york,2025-06-14T18:00:00,62.2,62.2,57.5,84.48,0.005,100,rain,0,0,17.9,10.4,47,1018.4,100,7.2,41,0.1,0,,"Rain, Overcast",rain,"72505394728,KJFK,KLGA,74486094789,F8726,KNYC,72503014732"
New york,2025-06-14T19:00:00,62.2,62.2,56.6,81.63,0,0,,0,0,17.2,12.1,68,1018.8,100,8.8,26,0.1,0,,Overcast,cloudy,"72505394728,KJFK,KLGA,74486094789,F8726,KNYC,72503014732"
New york,2025-06-14T20:00:00,61.3,61.3,55.2,80.33,0,0,,0,0,21.9,10.9,63,1019.5,100,9.5,5,0,0,,Overcast,cloudy,"72505394728,KJFK,KLGA,74486094789,F8726,KNYC,72503014732"
New york,2025-06-14T21:00:00,60.3,60.3,54.6,81.33,0,0,,0,0,16.1,13.3,70,1020,100,9.9,0,0,0,,Overcast,cloudy,"72505394728,KJFK,KLGA,74486094789,F8726,KNYC,72503014732"
New york,2025-06-14T22:00:00,60.2,60.2,54,80,0,0,,0,0,20.1,11.6,81,1020.7,100,9.9,0,0,0,,Overcast,cloudy,"72505394728,KJFK,KLGA,74486094789,F8726,KNYC,72503014732"
New york,2025-06-14T23:00:00,60.2,60.2,53.6,78.76,0,0,,0,0,20.8,10.3,69,1020.9,100,9.9,0,0,0,,Overcast,cloudy,"72505394728,KJFK,KLGA,74486094789,F8726,KNYC,72503014732"
New york,2025-06-15T00:00:00,59.7,59.7,53.8,80.94,0,0,,0,0,13.4,9.8,64,1021.5,100,9.9,0,0,0,,Overcast,cloudy,"72505394728,KJFK,KLGA,74486094789,F8726,KNYC,72503014732"
New york,2025-06-15T01:00:00,59.2,59.2,53.4,80.97,0,0,,0,0,12.3,8.3,69,1021.3,100,9.9,0,0,0,,Overcast,cloudy,"72505394728,KJFK,KLGA,74486094789,F8726,KNYC,72503014732"
New york,2025-06-15T02:00:00,59.2,59.2,53,79.96,0,0,,0,0,11.4,7,74,1020.9,100,9.9,0,0,0,,Overcast,cloudy,"72505394728,KJFK,KLGA,74486094789,F8726,KNYC,72503014732"
New york,2025-06-15T03:00:00,59.7,59.7,53,78.69,0,0,,0,0,14.5,8.6,56,1020.8,100,9.5,0,0,0,,Overcast,cloudy,"72505394728,KJFK,KLGA,74486094789,F8726,KNYC,72503014732"
New york,2025-06-15T04:00:00,59,59,53.2,81.11,0,0,,0,0,14.5,10.5,58,1020.3,100,9.9,0,0,0,,Overcast,cloudy,"72505394728,KJFK,KLGA,74486094789,F8726,KNYC,72503014732"
New york,2025-06-15T05:00:00,59.2,59.2,53,79.96,0,0,,0,0,14.3,8,66,1020.2,100,9.5,0,0,0,,Overcast,cloudy,"72505394728,KJFK,KLGA,74486094789,F8726,KNYC,72503014732"
New york,2025-06-15T06:00:00,60.2,60.2,53.4,78.27,0,0,,0,0,14.1,8,57,1020.8,100,8.7,11,0,0,,Overcast,cloudy,"72505394728,KJFK,KLGA,74486094789,F8726,KNYC,72503014732"
New york,2025-06-15T07:00:00,60.2,60.2,53.4,78.27,0,0,,0,0,14.8,7.5,41,1021.1,100,9.2,31,0.1,0,,Overcast,cloudy,"72505394728,KJFK,KLGA,74486094789,F8726,KNYC,72503014732"
New york,2025-06-15T08:00:00,60.7,60.7,53.4,76.74,0,0,,0,0,15.7,7,57,1021.2,100,8.8,51,0.2,1,,Overcast,cloudy,"72505394728,KJFK,KLGA,74486094789,F8726,KNYC,72503014732"
New york,2025-06-15T09:00:00,60.3,60.3,54.8,81.96,0,0,,0,0,16.3,7.7,58,1021.5,100,5.7,115,0.4,1,,Overcast,cloudy,"72505394728,KJFK,KLGA,74486094789,F8726,KNYC,72503014732"
New york,2025-06-15T10:00:00,60.2,60.2,55.5,84.55,0.007,100,rain,0,0,16.1,6.3,69,1021.6,100,4.5,130,0.5,1,,"Rain, Overcast",rain,"72505394728,KJFK,KLGA,74486094789,F8726,KNYC,72503014732"
New york,2025-06-15T11:00:00,60.5,60.5,55.2,82.43,0,0,,0,0,15,7.1,64,1021.8,100,7.2,95,0.3,1,,Overcast,cloudy,"72505394728,KJFK,KLGA,74486094789,F8726,KNYC,72503014732"
New york,2025-06-15T12:00:00,60.9,60.9,55.2,81.31,0,0,,0,0,13.6,8.8,48,1022,100,8,136,0.5,1,,Overcast,cloudy,"72505394728,KJFK,KLGA,74486094789,F8726,KNYC,72503014732"
New york,2025-06-15T13:00:00,60.5,60.5,55.5,83.46,0.001,100,rain,0,0,13.6,7.7,53,1022,100,5.3,150,0.5,2,,"Rain, Overcast",rain,"72505394728,KJFK,KLGA,74486094789,F8726,KNYC,72503014732"
New york,2025-06-15T14:00:00,61.1,61.1,55.4,81.47,0.003,100,rain,0,0,13.4,7.5,48,1021.7,100,7,168,0.6,2,,"Rain, Overcast",rain,"72505394728,KJFK,KLGA,74486094789,F8726,KNYC,72503014732"
New york,2025-06-15T15:00:00,62.1,62.1,55.4,78.77,0,0,,0,0,12.1,7.6,54,1021.4,100,7.4,125,0.5,1,,Overcast,cloudy,"72505394728,KJFK,KLGA,F8726,KNYC,72503014732"
New york,2025-06-15T16:00:00,63,63,54.9,74.95,0,0,,0,0,19.7,9.5,62,1021.1,100,8.9,75,0.3,1,,Overcast,cloudy,"72505394728,KJFK,KLGA,74486094789,F8726,KNYC,72503014732"
New york,2025-06-15T17:00:00,62.8,62.8,54.3,73.87,0.002,100,rain,0,0,11.6,6,59,1020.9,100,8.8,83,0.3,1,,"Rain, Overcast",rain,"72505394728,KJFK,KLGA,74486094789,F8726,KNYC,72503014732"
New york,2025-06-15T18:00:00,63.7,63.7,54.4,71.7,0,0,,0,0,10.7,6.5,67,1020.7,100,9.5,55,0.2,1,,Overcast,cloudy,"72505394728,KJFK,KLGA,74486094789,F8726,KNYC,72503014732"
New york,2025-06-15T19:00:00,62.3,62.3,54.2,74.81,0.002,100,rain,0,0,12.3,4.5,47,1020.7,100,9.2,38,0.1,0,,"Rain, Overcast",rain,"72505394728,KJFK,KLGA,74486094789,F8726,KNYC,72503014732"
New york,2025-06-15T20:00:00,62.8,62.8,53.6,71.88,0,0,,0,0,11.9,6.1,77,1021.2,100,9,3,0,0,,Overcast,cloudy,"72505394728,KJFK,KLGA,74486094789,F8726,KNYC,72503014732"
New york,2025-06-15T21:00:00,59.4,59.4,54.6,84.14,0.014,100,rain,0,0,10.5,3.9,115,1021.6,100,4.7,0,0,0,,"Rain, Overcast",rain,"72505394728,KJFK,KLGA,74486094789,F8726,KNYC,72503014732"
New york,2025-06-15T22:00:00,60.2,60.2,55.7,85.08,0.01,100,rain,0,0,9.4,2.9,43,1021.9,100,8,0,0,0,,"Rain, Overcast",rain,"72505394728,KJFK,KLGA,74486094789,F8726,KNYC,72503014732"
New york,2025-06-15T23:00:00,60.3,60.3,56.2,86.28,0,0,,0,0,9.2,0.6,9,1021.6,100,8,0,0,0,,Overcast,cloudy,"72505394728,KJFK,KLGA,74486094789,F8726,KNYC,72503014732"
New york,2025-06-16T00:00:00,60.3,60.3,55.3,83.7,0,0,,0,0,9.6,3.9,58,1021.6,100,9.2,0,0,0,,Overcast,cloudy,"72505394728,KJFK,KLGA,74486094789,F8726,KNYC,72503014732"
New york,2025-06-16T01:00:00,60.7,60.7,55.3,82.38,0,0,,0,0,9.8,5.8,97,1021.1,100,9.9,0,0,0,,Overcast,cloudy,"72505394728,KJFK,KLGA,74486094789,F8726,KNYC,72503014732"
New york,2025-06-16T02:00:00,60.3,60.3,55,82.47,0,0,,0,0,9.8,6.9,85,1020.9,97.9,9.9,0,0,0,,Overcast,cloudy,"72505394728,KJFK,KLGA,74486094789,F8726,KNYC,72503014732"
New york,2025-06-16T03:00:00,60.9,60.9,55.2,81.31,0,0,,0,0,8.7,5.1,68,1020.7,100,9.5,0,0,0,,Overcast,cloudy,"72505394728,KJFK,KLGA,74486094789,F8726,KNYC,72503014732"
New york,2025-06-16T04:00:00,61.1,61.1,55.6,82.33,0,0,,0,0,9.6,5.1,54,1020.4,100,9.9,0,0,0,,Overcast,cloudy,"72505394728,KJFK,KLGA,74486094789,F8726,KNYC,72503014732"
New york,2025-06-16T05:00:00,61.7,61.7,55.8,81.05,0,0,,0,0,11.2,5.8,57,1020.4,100,9.9,0,0,0,,Overcast,cloudy,"72505394728,KJFK,KLGA,74486094789,F8726,KNYC,72503014732"
New york,2025-06-16T06:00:00,62.1,62.1,55.3,78.55,0,0,,0,0,12.8,8.2,60,1020,100,9.9,9,0,0,,Overcast,cloudy,"72505394728,KJFK,KLGA,74486094789,F8726,KNYC,72503014732"
New york,2025-06-16T07:00:00,62.2,62.2,56.4,81.1,0,0,,0,0,16.1,9,54,1020.4,100,9.9,24,0.1,0,,Overcast,cloudy,"72505394728,KJFK,KLGA,74486094789,F8726,KNYC,72503014732"
New york,2025-06-16T08:00:00,62.2,62.2,57.3,83.93,0,0,,0,0,22.2,10.4,48,1020.8,100,8.8,50,0.2,1,,Overcast,cloudy,"72505394728,KJFK,KLGA,74486094789,F8726,KNYC,72503014732"
New york,2025-06-16T09:00:00,61.9,61.9,57.5,85.76,0,0,,0,0,20.9,10.9,61,1021,100,7,92,0.3,1,,Overcast,cloudy,"72505394728,KJFK,KLGA,74486094789,F8726,KNYC,72503014732"
New york,2025-06-16T10:00:00,61.9,61.9,58.1,87.36,0,0,,0,0,17.2,12,65,1020.9,100,3.2,127,0.5,1,,Overcast,cloudy,"72505394728,KJFK,KLGA,74486094789,F8726,KNYC,72503014732"
New york,2025-06-16T11:00:00,62.8,62.8,58.7,86.33,0,0,,0,0,17.2,9.8,61,1021,100,5.8,121,0.4,1,,Overcast,cloudy,"72505394728,KJFK,KLGA,74486094789,F8726,KNYC,72503014732"
New york,2025-06-16T12:00:00,63.4,63.4,59.1,85.95,0,0,,0,0,20.8,10.2,61,1021.1,100,5.5,208,0.7,2,,Overcast,cloudy,"72505394728,KJFK,KLGA,74486094789,F8726,KNYC,72503014732"
New york,2025-06-16T13:00:00,63.4,63.4,59.1,85.95,0,0,,0,0,17.9,10,63,1021,100,5.4,125,0.5,1,,Overcast,cloudy,"72505394728,KJFK,KLGA,74486094789,F8726,KNYC,72503014732"
New york,2025-06-16T14:00:00,63.7,63.7,59,84.6,0,0,,0,0,17.4,8.9,56,1020.5,100,7.9,774,2.8,8,,Overcast,cloudy,"72505394728,KJFK,KLGA,F8726,KNYC,72503014732"
New york,2025-06-16T15:00:00,67.4,67.4,59.8,76.59,0,0,,0,0,24.2,10.6,59,1020,94.4,9.2,362,1.3,4,,Overcast,cloudy,"72505394728,KJFK,KLGA,74486094789,F8726,KNYC,72503014732"
New york,2025-06-16T16:00:00,68.7,68.7,59.8,73.45,0,0,,0,0,23,11.4,71,1019.6,94.4,9.5,139,0.5,1,,Overcast,cloudy,"72505394728,KJFK,KLGA,74486094789,F8726,KNYC,72503014732"
New york,2025-06-16T17:00:00,67.1,67.1,58.9,74.92,0,0,,0,0,15,9.8,65,1019.2,98.2,9.9,200,0.7,2,,Overcast,cloudy,"72505394728,KJFK,KLGA,74486094789,F8726,KNYC,72503014732"
New york,2025-06-16T18:00:00,66.7,66.7,58.5,74.77,0,0,,0,0,14.8,9.8,57,1018.7,100,9.9,112,0.4,1,,Overcast,cloudy,"72505394728,KJFK,KLGA,F8726,KNYC,72503014732"
New york,2025-06-16T19:00:00,65.5,65.5,58.1,76.78,0,0,,0,0,13.9,9.2,74,1018.9,100,9.9,38,0.1,0,,Overcast,cloudy,"72505394728,KJFK,KLGA,74486094789,F8726,KNYC,72503014732"
New york,2025-06-16T20:00:00,64.8,64.8,58.1,78.87,0,0,,0,0,12.3,9.4,57,1018.7,100,9.9,3,0,0,,Overcast,cloudy,"72505394728,KJFK,KLGA,74486094789,F8726,KNYC,72503014732"
New york,2025-06-16T21:00:00,65.4,65.4,58.6,78.74,0,0,,0,0,11.6,8.6,63,1018.9,100,9.9,0,0,0,,Overcast,cloudy,"72505394728,KJFK,KLGA,74486094789,F8726,KNYC,72503014732"
New york,2025-06-16T22:00:00,64.7,64.7,58.3,79.66,0,0,,0,0,10.7,7.9,73,1018.8,100,8.5,0,0,0,,Overcast,cloudy,"72505394728,KJFK,KLGA,74486094789,F8726,KNYC,72503014732"
New york,2025-06-16T23:00:00,63.2,63.2,60,89.13,0.017,100,rain,0,0,9.8,8,55,1018.7,100,5.2,0,0,0,,"Rain, Overcast",rain,"72505394728,KJFK,KLGA,F8726,KNYC,72503014732"
New york,2025-06-17T00:00:00,62.6,62.6,60.2,91.75,0.033,100,rain,0,0,10.1,8.3,58,1018.5,100,4.6,0,0,0,,"Rain, Overcast",rain,"72505394728,KJFK,KLGA,74486094789,F8726,KNYC,72503014732"
New york,2025-06-17T01:00:00,62.6,62.6,60.2,91.75,0,0,,0,0,9.4,7.5,56,1018.1,100,6,0,0,0,,Overcast,cloudy,"72505394728,KJFK,KLGA,74486094789,F8726,KNYC,72503014732"
New york,2025-06-17T02:00:00,62.6,62.6,60.2,91.75,0,0,,0,0,9.8,6.6,51,1017.7,100,5.4,0,0,0,,Overcast,cloudy,"72505394728,KJFK,KLGA,74486094789,F8726,KNYC,72503014732"
New york,2025-06-17T03:00:00,62.6,62.6,60,91.19,0,0,,0,0,10.5,5.1,65,1017.6,100,4.2,0,0,0,,Overcast,cloudy,"72505394728,KJFK,KLGA,74486094789,F8726,KNYC,72503014732"
New york,2025-06-17T04:00:00,62.6,62.6,60,91.19,0,0,,0,0,8.1,5.7,70,1017.4,100,4.2,0,0,0,,Overcast,cloudy,"72505394728,KJFK,KLGA,74486094789,F8726,KNYC,72503014732"
New york,2025-06-17T05:00:00,62.8,62.8,60.7,92.84,0.01,100,rain,0,0,7.8,3.4,55,1017.5,100,3.3,0,0,0,,"Rain, Overcast",rain,"72505394728,KJFK,KLGA,74486094789,F8726,KNYC,72503014732"
New york,2025-06-17T06:00:00,62.8,62.8,61,93.98,0.008,100,rain,0,0,8.3,5.7,69,1017.3,100,1.9,13,0,0,,"Rain, Overcast",rain,"72505394728,KJFK,KLGA,74486094789,F8726,KNYC,72503014732"
New york,2025-06-17T07:00:00,62.8,62.8,60.9,93.48,0.005,100,rain,0,0,10.3,6.9,63,1017.8,100,1.9,21,0.1,0,,"Rain, Overcast",rain,"72505394728,KJFK,KLGA,F8726,KNYC,72503014732"
New york,2025-06-17T08:00:00,62.5,62.5,60.6,93.5,0,0,,0,0,11.2,8.7,50,1017.9,100,0.4,64,0.2,1,,Overcast,fog,"72505394728,KLGA,F8726,KNYC,72503014732"
New york,2025-06-17T09:00:00,63,63,61.3,94.15,0,0,,0,0,11.2,7.7,63,1017.9,100,0.5,138,0.5,1,,Overcast,fog,"72505394728,KJFK,KLGA,74486094789,F8726,KNYC,72503014732"
New york,2025-06-17T10:00:00,63.7,63.7,61.7,93.27,0,0,,0,0,11.6,6.5,67,1017.8,100,1.2,142,0.5,1,,Overcast,cloudy,"72505394728,KJFK,KLGA,F8726,KNYC,72503014732"
New york,2025-06-17T11:00:00,64.3,64.3,61.8,91.6,0,0,,0,0,12.5,7.5,61,1017.9,100,1.2,170,0.6,2,,Overcast,cloudy,"72505394728,KJFK,KLGA,F8726,KNYC,72503014732"
New york,2025-06-17T12:00:00,64.9,64.9,62.3,91.47,0,0,,0,0,12.5,3.7,46,1018,100,1.6,212,0.8,2,,Overcast,cloudy,"72505394728,KJFK,KLGA,F8726,KNYC,72503014732"
New york,2025-06-17T13:00:00,65.5,65.5,62.8,90.87,0,0,,0,0,12.3,4.2,55,1017.5,100,2.4,216,0.8,2,,Overcast,cloudy,"72505394728,KJFK,KLGA,74486094789,F8726,KNYC,72503014732"
New york,2025-06-17T14:00:00,65.9,65.9,63.4,91.43,0,0,,0,0,11.6,4.2,49,1017.3,100,2.6,193,0.7,2,,Overcast,cloudy,"72505394728,KJFK,KLGA,74486094789,F8726,KNYC,72503014732"
New york,2025-06-17T15:00:00,66.3,66.3,63.4,90.23,0,0,,0,0,11,4.3,98,1017.1,100,1.9,90,0.3,1,,Overcast,cloudy,"72505394728,KJFK,KLGA,74486094789,F8726,KNYC,72503014732"
New york,2025-06-17T16:00:00,65.9,65.9,63.7,92.64,0.001,100,rain,0,0,10.5,4.4,108,1017,100,1.9,193,0.7,2,,"Rain, Overcast",rain,"KJFK,KLGA,74486094789,F8726,KNYC,72503014732"
New york,2025-06-17T17:00:00,66.3,66.3,64,92.2,0.001,100,rain,0,0,10.5,5.7,129,1016.3,100,3.5,117,0.4,1,,"Rain, Overcast",rain,"72505394728,KJFK,KLGA,74486094789,F8726,KNYC,72503014732"
New york,2025-06-17T18:00:00,66.3,66.3,63.7,91.18,0,0,,0,0,10.3,4.9,130,1016.3,100,3.7,134,0.5,1,,Overcast,cloudy,"72505394728,KJFK,KLGA,F8726,KNYC,72503014732"
New york,2025-06-17T19:00:00,65.9,65.9,63.4,91.76,0,0,,0,0,9.8,4.3,32,1015.9,100,4.6,66,0.2,1,,Overcast,cloudy,"72505394728,KJFK,KLGA,74486094789,F8726,KNYC,72503014732"
New york,2025-06-17T20:00:00,66.5,66.5,63.6,90.55,0,0,,0,0,7.8,6.2,123,1015.7,100,2.8,5,0,0,,Overcast,cloudy,"72505394728,KJFK,KLGA,74486094789,F8726,KNYC,72503014732"
New york,2025-06-17T21:00:00,66.1,66.1,63.6,91.64,0,0,,0,0,8.1,3.8,75,1015.5,100,2.1,0,0,0,,Overcast,cloudy,"72505394728,KJFK,KLGA,74486094789,F8726,KNYC,72503014732"
New york,2025-06-17T22:00:00,65.6,65.6,63.3,92.18,0,0,,0,0,10.1,4.4,168,1015.8,100,3.7,0,0,0,,Overcast,cloudy,"72505394728,KJFK,KLGA,74486094789,F8726,KNYC,72503014732"
New york,2025-06-17T23:00:00,65.8,65.8,62.8,90.2,0,0,,0,0,10.3,6.3,140,1015.5,100,3.7,0,0,0,,Overcast,cloudy,"72505394728,KJFK,KLGA,74486094789,F8726,KNYC,72503014732"
New york,2025-06-18T00:00:00,64.9,64.9,62.7,92.46,0,0,,0,0,9.6,4.5,140,1015.6,100,1.8,0,0,0,,Overcast,cloudy,"72505394728,KJFK,KLGA,F8726,KNYC,72503014732"
New york,2025-06-18T01:00:00,64.6,64.6,62.8,93.76,0,0,,0,0,8.3,2.9,108,1015.5,100,1,0,0,0,,Overcast,cloudy,"72505394728,KJFK,KLGA,74486094789,F8726,KNYC,72503014732"
New york,2025-06-18T02:00:00,64.6,64.6,62.8,93.76,0,0,,0,0,7.4,3.8,108,1015,100,0.7,0,0,0,,Overcast,cloudy,"72505394728,KJFK,KLGA,74486094789,F8726,KNYC,72503014732"
New york,2025-06-18T03:00:00,65,65,63,93.08,0,0,,0,0,10.1,4.2,134,1014.4,100,0.7,0,0,0,,Overcast,cloudy,"72505394728,KJFK,KLGA,74486094789,F8726,KNYC,72503014732"
New york,2025-06-18T04:00:00,65.5,65.5,64,94.69,0,0,,0,0,10.3,3.1,131,1014.3,100,0.7,0,0,0,,Overcast,cloudy,"72505394728,KJFK,KLGA,74486094789,F8726,KNYC,72503014732"
New york,2025-06-18T05:00:00,65.5,65.5,63.8,94.12,0.02,100,rain,0,0,11,3,110,1014,100,1.2,0,0,0,,"Rain, Overcast",rain,"72505394728,KJFK,KLGA,74486094789,F8726,KNYC,72503014732"
New york,2025-06-18T06:00:00,65.9,65.9,64,93.43,0.065,100,rain,0,0,11,2.6,110,1014,100,2.5,14,0.1,0,,"Rain, Overcast",rain,"72505394728,KJFK,KLGA,74486094789,F8726,KNYC,72503014732"
New york,2025-06-18T07:00:00,65.9,65.9,64,93.43,0,0,,0,0,11,3.8,126,1013.8,100,1.5,43,0.2,0,,Overcast,cloudy,"72505394728,KJFK,KLGA,74486094789,F8726,KNYC,72503014732"
New york,2025-06-18T08:00:00,66.5,66.5,64.5,93.24,0,0,,0,0,11,7.5,170,1014,100,1.5,155,0.6,2,,Overcast,cloudy,"72505394728,KJFK,KLGA,74486094789,F8726,KNYC,72503014732"
New york,2025-06-18T09:00:00,66.8,66.8,64.8,93.25,0,0,,0,0,11.6,5.9,235,1014.5,100,2,273,1,3,,Overcast,cloudy,"72505394728,KJFK,KLGA,74486094789,F8726,KNYC,72503014732"
New york,2025-06-18T10:00:00,69.6,69.6,66.1,88.76,0,0,,0,0,12.3,3.1,116,1014.4,100,3.7,350,1.3,4,,Overcast,cloudy,"72505394728,KLGA,F8726,KNYC,72503014732"
New york,2025-06-18T11:00:00,70.8,70.8,65.6,83.84,0,0,,0,0,12.1,4,92,1014.3,100,4.6,417,1.5,4,,Overcast,cloudy,"72505394728,KJFK,KLGA,F8726,KNYC,72503014732"
New york,2025-06-18T12:00:00,73.1,73.1,66.4,79.73,0,0,,0,0,9.4,5.5,183,1013.9,100,5.7,615,2.2,6,,Overcast,cloudy,"72505394728,KJFK,KLGA,74486094789,F8726,KNYC,72503014732"
New york,2025-06-18T13:00:00,75.7,75.7,66.9,74.28,0,0,,0,0,8.7,3.4,357,1013.4,88.9,8,751,2.7,8,,Partially cloudy,partly-cloudy-day,"72505394728,KJFK,KLGA,74486094789,F8726,KNYC,72503014732"
New york,2025-06-18T14:00:00,79.1,79.1,68.1,69.17,0,0,,0,0,8.9,3.3,287,1012.7,62,8.5,743,2.7,7,,Partially cloudy,partly-cloudy-day,"72505394728,KJFK,KLGA,74486094789,F8726,KNYC,72503014732"
New york,2025-06-18T15:00:00,81.5,84.9,69.5,67.14,0,0,,0,0,9.8,4.1,210,1011.7,44.3,8.8,758,2.7,8,,Partially cloudy,partly-cloudy-day,"72505394728,KJFK,KLGA,74486094789,F8726,KNYC,72503014732"
New york,2025-06-18T16:00:00,82.3,85.7,69.1,64.33,0,0,,0,0,9.2,6.4,263,1010.9,51.5,9.2,655,2.4,7,,Partially cloudy,partly-cloudy-day,"72505394728,KJFK,KLGA,74486094789,F8726,KNYC,72503014732"
New york,2025-06-18T17:00:00,83,86.9,69.5,63.84,0,0,,0,0,8.5,4.5,150,1010.7,65.3,9.5,405,1.5,4,,Partially cloudy,partly-cloudy-day,"72505394728,KJFK,KLGA,74486094789,F8726,KNYC,72503014732"
New york,2025-06-18T18:00:00,79.4,79.4,68.5,69.34,0,0,,0,0,21.9,9.5,190,1011.1,88.9,9.5,196,0.7,2,,Partially cloudy,partly-cloudy-day,"72505394728,KJFK,KLGA,74486094789,F8726,KNYC,72503014732"
New york,2025-06-18T19:00:00,77.3,77.3,67.6,71.91,0,0,,0,0,8.5,7.8,184,1010.7,54.9,9.9,40,0.1,0,,Partially cloudy,partly-cloudy-day,"72505394728,KJFK,KLGA,74486094789,F8726,KNYC,72503014732"
New york,2025-06-18T20:00:00,76.1,76.1,67.7,75.34,0,0,,0,0,8.1,4.5,98,1010.9,54.9,9.9,18,0.1,0,,Partially cloudy,partly-cloudy-day,"72505394728,KJFK,KLGA,74486094789,F8726,KNYC,72503014732"
New york,2025-06-18T21:00:00,74,74,67.3,79.67,0,0,,0,0,6.7,3.9,120,1011.2,88.9,9.9,0,0,0,,Partially cloudy,partly-cloudy-night,"72505394728,KJFK,KLGA,74486094789,F8726,KNYC,72503014732"
New york,2025-06-18T22:00:00,73.9,73.9,67.3,80.11,0,0,,0,0,6.5,3,58,1011.4,95.2,9.9,0,0,0,,Overcast,cloudy,"72505394728,KJFK,KLGA,74486094789,F8726,KNYC,72503014732"
New york,2025-06-18T23:00:00,73.1,73.1,68,83.92,0,0,,0,0,6.3,3.6,68,1011.1,67.5,8,0,0,0,,Partially cloudy,partly-cloudy-night,"72505394728,KJFK,KLGA,74486094789,F8726,KNYC,72503014732"
New york,2025-06-19T00:00:00,71.9,71.9,67.7,86.77,0,0,,0,0,6.3,0.6,318,1011.2,35,7.6,0,0,0,,Partially cloudy,partly-cloudy-night,"72505394728,KJFK,KLGA,74486094789,F8726,KNYC,72503014732"
New york,2025-06-19T01:00:00,71.9,71.9,67.5,86.1,0,0,,0,0,6,2.9,133,1010.5,24.3,7.3,0,0,0,,Partially cloudy,partly-cloudy-night,"72505394728,KJFK,KLGA,74486094789,F8726,KNYC,72503014732"
New york,2025-06-19T02:00:00,70.2,70.2,66.5,88.03,0,0,,0,0,7.4,0.4,21,1009.9,22.9,6.7,0,0,0,,Partially cloudy,partly-cloudy-night,"72505394728,KJFK,KLGA,F8726,KNYC,72503014732"
New york,2025-06-19T03:00:00,70,70,66.7,89.33,0,0,,0,0,8.3,0,0,1010.5,49.8,5.7,0,0,0,,Partially cloudy,partly-cloudy-night,"72505394728,KJFK,KLGA,74486094789,F8726,KNYC,72503014732"
New york,2025-06-19T04:00:00,71.8,71.8,68,87.84,0,0,,0,0,10.1,3.3,332,1010.3,82.4,6.2,0,0,0,,Partially cloudy,partly-cloudy-night,"72505394728,KJFK,KLGA,F8726,KNYC,72503014732"
New york,2025-06-19T05:00:00,72.4,72.4,69.9,91.93,0,0,,0,0,11.9,2.9,276,1010.3,24.3,5.6,0,0,0,,Partially cloudy,partly-cloudy-night,"72505394728,KJFK,KLGA,74486094789,F8726,KNYC,72503014732"
New york,2025-06-19T06:00:00,73.1,73.1,70.1,90.18,0,0,,0,0,11.4,2.4,278,1010.5,24.3,5.3,36,0.1,0,,Partially cloudy,partly-cloudy-day,"72505394728,KJFK,KLGA,74486094789,F8726,KNYC,72503014732"
New york,2025-06-19T07:00:00,75.5,75.5,69.7,82.34,0,0,,0,0,8.9,6,226,1010.7,9.5,8,164,0.6,2,,Clear,clear-day,"72505394728,KJFK,KLGA,74486094789,F8726,KNYC,72503014732"
New york,2025-06-19T08:00:00,77.7,77.7,70.1,77.38,0,0,,0,0,11.9,6.7,230,1010.7,9.5,8.8,361,1.3,4,,Clear,clear-day,"72505394728,KJFK,KLGA,74486094789,F8726,KNYC,72503014732"
New york,2025-06-19T09:00:00,79.5,79.5,70.4,73.8,0,0,,0,0,14.3,7.6,226,1010.6,5.2,9.9,560,2,6,,Clear,clear-day,"72505394728,KJFK,KLGA,74486094789,F8726,KNYC,72503014732"
New york,2025-06-19T10:00:00,82.6,87.1,70.8,67.62,0,0,,0,0,16.3,6.5,223,1009.9,0,9.9,721,2.6,7,,Clear,clear-day,"72505394728,KJFK,KLGA,74486094789,F8726,KNYC,72503014732"
New york,2025-06-19T11:00:00,84.5,89.7,71.2,64.55,0,0,,0,0,17.7,6.7,195,1009.6,16.8,9.9,868,3.1,9,,Clear,clear-day,"72505394728,KJFK,KLGA,74486094789,F8726,KNYC,72503014732"
New york,2025-06-19T12:00:00,85.9,91.7,71.4,61.97,0,0,,0,0,18.3,8.8,219,1009.1,40.2,9.9,1001,3.6,10,,Partially cloudy,partly-cloudy-day,"72505394728,KJFK,KLGA,74486094789,F8726,KNYC,72503014732"
New york,2025-06-19T13:00:00,86.6,92.3,71.2,60.3,0,0,,0,0,24.2,11.7,173,1008.5,41.3,9.9,691,2.5,7,,Partially cloudy,partly-cloudy-day,"72505394728,KJFK,KLGA,74486094789,F8726,KNYC,72503014732"
New york,2025-06-19T14:00:00,79.7,79.7,70.5,73.75,0.092,100,rain,0,0,19.7,5.9,250,1008.1,81.5,5.4,294,1.1,3,,"Rain, Partially cloudy",rain,"72505394728,KJFK,KLGA,74486094789,F8726,KNYC,72503014732"
New york,2025-06-19T15:00:00,85,91.5,72.7,66.89,0.017,100,rain,0,0,19.7,12,166,1007,40.3,9.9,849,3.1,8,,"Rain, Partially cloudy",rain,"72505394728,KJFK,KLGA,74486094789,F8726,KNYC,72503014732"
New york,2025-06-19T16:00:00,81,84.6,70.1,69.58,0.032,100,rain,0,0,30,8.9,182,1006.5,81.1,6.1,425,1.5,4,,"Rain, Partially cloudy",rain,"72505394728,KJFK,KLGA,F8726,KNYC,72503014732"
New york,2025-06-19T17:00:00,75,75,68.6,80.3,0.304,100,rain,0,0,46.8,13,270,1006.8,94.2,1.8,615,2.2,6,,"Rain, Overcast",rain,"72505394728,KJFK,KLGA,F8726,KNYC,72503014732"
New york,2025-06-19T18:00:00,79.5,79.5,71,75.47,0.14,100,rain,0,0,37.8,5.8,72,1005.7,50.7,8.8,227,0.8,2,,"Rain, Partially cloudy",rain,"72505394728,KJFK,KLGA,74486094789,F8726,KNYC,72503014732"
New york,2025-06-19T19:00:00,79.1,79.1,70.4,74.73,0,0,,0,0,23.7,5.9,131,1005.3,47.7,8.8,5,0,0,,Partially cloudy,partly-cloudy-day,"72505394728,KJFK,KLGA,74486094789,F8726,KNYC,72503014732"
New york,2025-06-19T20:00:00,74.8,74.8,68.2,79.95,0.108,100,rain,0,0,30.4,12.1,233,1005.9,83,6.8,2,0,0,,"Rain, Partially cloudy",rain,"72505394728,KJFK,KLGA,74486094789,F8726,KNYC,72503014732"
New york,2025-06-19T21:00:00,73.1,73.1,68.3,85.16,0.022,100,rain,0,0,16.1,11,206,1006,65.3,8.8,0,0,0,,"Rain, Partially cloudy",rain,"72505394728,KJFK,KLGA,74486094789,F8726,KNYC,72503014732"
New york,2025-06-19T22:00:00,72.1,72.1,67.3,84.93,0,0,,0,0,18.3,10,218,1006.5,47.7,8.8,0,0,0,,Partially cloudy,partly-cloudy-night,"72505394728,KJFK,KLGA,74486094789,F8726,KNYC,72503014732"
New york,2025-06-19T23:00:00,71.7,71.7,66.9,84.73,0,0,,0,0,21.3,9.4,226,1005.9,54.9,9.9,0,0,0,,Partially cloudy,partly-cloudy-night,"72505394728,KJFK,KLGA,74486094789,F8726,KNYC,72503014732"
New york,2025-06-20T00:00:00,72.5,72.5,66.5,81.48,0,0,,0,0,26.4,12.4,247,1005.7,74,9.9,0,0,0,,Partially cloudy,partly-cloudy-night,"72505394728,KJFK,KLGA,74486094789,F8726,KNYC,72503014732"
New york,2025-06-20T01:00:00,71.2,71.2,66.2,84.01,0,0,,0,0,22.9,11.5,240,1005.4,65.3,9.9,0,0,0,,Partially cloudy,partly-cloudy-night,"72505394728,KJFK,KLGA,74486094789,F8726,KNYC,72503014732"
New york,2025-06-20T02:00:00,71.6,71.6,66.2,82.93,0,0,,0,0,23.3,11.9,232,1005.6,74,9.9,0,0,0,,Partially cloudy,partly-cloudy-night,"72505394728,KJFK,KLGA,74486094789,F8726,KNYC,72503014732"
New york,2025-06-20T03:00:00,71.7,71.7,64.6,78.24,0,0,,0,0,29.7,16.3,276,1006.6,97.9,9.9,0,0,0,,Overcast,cloudy,"72505394728,KJFK,KLGA,74486094789,F8726,KNYC,72503014732"
New york,2025-06-20T04:00:00,70.5,70.5,56.9,62.15,0,0,,0,0,29,13.7,293,1007.3,39,9.9,0,0,0,,Partially cloudy,partly-cloudy-night,"72505394728,KJFK,KLGA,74486094789,F8726,KNYC,72503014732"
New york,2025-06-20T05:00:00,69.3,69.3,55,60.4,0,0,,0,0,26.2,14,282,1008.2,37,9.9,0,0,0,,Partially cloudy,partly-cloudy-night,"72505394728,KJFK,KLGA,74486094789,F8726,KNYC,72503014732"
New york,2025-06-20T06:00:00,68.3,68.3,54.8,62.03,0,0,,0,0,27.9,13.9,266,1009.1,21.1,9.9,36,0.1,0,,Partially cloudy,partly-cloudy-day,"72505394728,KJFK,KLGA,74486094789,F8726,KNYC,72503014732"
New york,2025-06-20T07:00:00,69.5,69.5,53.2,56.24,0,0,,0,0,29,15.2,286,1010.1,21.1,9.9,188,0.7,2,,Partially cloudy,partly-cloudy-day,"72505394728,KJFK,KLGA,74486094789,F8726,KNYC,72503014732"
New york,2025-06-20T08:00:00,70.7,70.7,52.7,52.77,0.043,100,rain,0,0,29.2,15.2,288,1010.8,16.8,9.9,367,1.3,4,,Rain,rain,"72505394728,KJFK,KLGA,74486094789,F8726,KNYC,72503014732"
New york,2025-06-20T09:00:00,72.2,72.2,53.6,52.08,0,0,,0,0,28.6,14.1,297,1011.1,16.8,9.9,571,2.1,6,,Clear,clear-day,"72505394728,KJFK,KLGA,74486094789,F8726,KNYC,72503014732"
New york,2025-06-20T10:00:00,73.8,73.8,54.6,51.08,0,0,,0,0,28.7,13.2,280,1011.8,5.2,9.9,751,2.7,8,,Clear,clear-day,"72505394728,KJFK,KLGA,74486094789,F8726,KNYC,72503014732"
New york,2025-06-20T11:00:00,76.6,76.6,54.2,45.82,0,0,,0,0,27.3,15,281,1012.5,16.8,9.9,855,3.1,9,,Clear,clear-day,"72505394728,KJFK,KLGA,74486094789,F8726,KNYC,72503014732"
New york,2025-06-20T12:00:00,78.9,78.9,54.3,42.76,0,0,,0,0,25.7,14.1,280,1012.6,16.8,9.9,1009,3.6,10,,Clear,clear-day,"72505394728,KJFK,KLGA,74486094789,F8726,KNYC,72503014732"
New york,2025-06-20T13:00:00,79.5,79.5,54.7,42.49,0,0,,0,0,29.5,18,294,1012.8,50,9.9,617,2.2,6,,Partially cloudy,partly-cloudy-day,"72505394728,KJFK,KLGA,74486094789,F8726,KNYC,72503014732"
New york,2025-06-20T14:00:00,81.9,81.2,54.3,38.8,0,0,,0,0,29.4,15.9,293,1012.5,41.3,9.9,1015,3.7,10,,Partially cloudy,partly-cloudy-day,"72505394728,KJFK,KLGA,74486094789,F8726,KNYC,72503014732"
New york,2025-06-20T15:00:00,83,82,54.8,38.01,0,0,,0,0,23.1,13.5,282,1012.6,50,9.9,713,2.6,7,,Partially cloudy,partly-cloudy-day,"72505394728,KJFK,KLGA,74486094789,F8726,KNYC,72503014732"
New york,2025-06-20T16:00:00,82.5,82,56.7,41.38,0,0,,0,0,21.4,11.2,247,1013,81.5,9.9,687,2.5,7,,Partially cloudy,partly-cloudy-day,"72505394728,KJFK,KLGA,74486094789,F8726,KNYC,72503014732"
New york,2025-06-20T17:00:00,82.5,82.1,57.3,42.39,0,0,,0,0,23,14.2,236,1013.1,57.9,9.9,384,1.4,4,,Partially cloudy,partly-cloudy-day,"72505394728,KJFK,KLGA,74486094789,F8726,KNYC,72503014732"
New york,2025-06-20T18:00:00,81.7,81.6,57.3,43.4,0,0,,0,0,25.3,11.9,261,1013.2,65.3,9.9,255,0.9,3,,Partially cloudy,partly-cloudy-day,"72505394728,KJFK,KLGA,74486094789,F8726,KNYC,72503014732"
New york,2025-06-20T19:00:00,81.7,81.7,57.7,44.12,0,0,,0,0,23.4,8.8,263,1013.5,54.9,9.9,88,0.3,1,,Partially cloudy,partly-cloudy-day,"72505394728,KJFK,KLGA,74486094789,F8726,KNYC,72503014732"
New york,2025-06-20T20:00:00,81.5,81.4,57,43.18,0,0,,0,0,14.3,15.4,250,1014.3,47.7,9.9,12,0,0,,Partially cloudy,partly-cloudy-day,"72505394728,KJFK,KLGA,74486094789,F8726,KNYC,72503014732"
New york,2025-06-20T21:00:00,80.6,80.8,57.3,45.07,0,0,,0,0,23,9.9,257,1014.6,54.9,9.9,0,0,0,,Partially cloudy,partly-cloudy-night,"72505394728,KJFK,KLGA,74486094789,F8726,KNYC,72503014732"
New york,2025-06-20T22:00:00,79.1,79.1,58.3,48.86,0,0,,0,0,20.8,11.8,254,1015.4,54.9,9.9,0,0,0,,Partially cloudy,partly-cloudy-night,"72505394728,KJFK,KLGA,74486094789,F8726,KNYC,72503014732"
New york,2025-06-20T23:00:00,78.7,78.7,57.5,48.31,0,0,,0,0,12.5,7.8,245,1015.9,54.9,9.9,0,0,0,,Partially cloudy,partly-cloudy-night,"72505394728,KJFK,KLGA,74486094789,F8726,KNYC,72503014732"
New york,2025-06-21T00:00:00,77.3,77.3,58.8,52.93,0,0,,0,0,12.3,7.2,243,1016,28.5,9.9,0,0,0,,Partially cloudy,partly-cloudy-night,"72505394728,KJFK,KLGA,74486094789,F8726,KNYC,72503014732"
New york,2025-06-21T01:00:00,76.3,76.3,58.4,53.99,0,0,,0,0,12.3,8,235,1016,30.9,9.9,0,0,0,,Partially cloudy,partly-cloudy-night,"72505394728,KJFK,KLGA,74486094789,F8726,KNYC,72503014732"
New york,2025-06-21T02:00:00,75.8,75.8,58,54.14,0,0,,0,0,11.6,7.4,267,1016.3,30.9,9.9,0,0,0,,Partially cloudy,partly-cloudy-night,"72505394728,KJFK,KLGA,74486094789,F8726,KNYC,72503014732"
New york,2025-06-21T03:00:00,74.4,74.4,57.9,56.47,0,0,,0,0,12.8,7,268,1016.5,54.9,9.9,0,0,0,,Partially cloudy,partly-cloudy-night,"72505394728,KJFK,KLGA,74486094789,F8726,KNYC,72503014732"
New york,2025-06-21T04:00:00,73.5,73.5,58.5,59.45,0,0,,0,0,12.3,5.6,288,1016.9,54.9,9.9,0,0,0,,Partially cloudy,partly-cloudy-night,"72505394728,KJFK,KLGA,74486094789,F8726,KNYC,72503014732"
New york,2025-06-21T05:00:00,72.8,72.8,58.5,60.7,0,0,,0,0,11.2,4.3,305,1017.7,38.3,9.9,0,0,0,,Partially cloudy,partly-cloudy-night,"72505394728,KJFK,KLGA,74486094789,F8726,KNYC,72503014732"
New york,2025-06-21T06:00:00,72.3,72.3,58.3,61.47,0,0,,0,0,10.7,0,0,1018.5,54.9,9.9,31,0.1,0,,Partially cloudy,partly-cloudy-day,"72505394728,KJFK,KLGA,74486094789,F8726,KNYC,72503014732"
New york,2025-06-21T07:00:00,73.7,73.7,60.3,63.01,0,0,,0,0,10.1,0.9,324,1019.3,74,9.9,163,0.6,2,,Partially cloudy,partly-cloudy-day,"72505394728,KJFK,KLGA,74486094789,F8726,KNYC,72503014732"
New york,2025-06-21T08:00:00,76.4,76.4,58.7,54.3,0,0,,0,0,9.2,2.5,319,1019.7,47.4,9.9,351,1.3,4,,Partially cloudy,partly-cloudy-day,"72505394728,KJFK,KLGA,74486094789,F8726,KNYC,72503014732"
New york,2025-06-21T09:00:00,77.1,77.1,58.3,52.19,0,0,,0,0,8.5,4.7,332,1020.2,41.3,9.9,603,2.2,6,,Partially cloudy,partly-cloudy-day,"72505394728,KJFK,KLGA,74486094789,F8726,KNYC,72503014732"
New york,2025-06-21T10:00:00,79.3,79.3,59.1,50.04,0,0,,0,0,8.1,3.6,38,1019.7,26.5,9.9,762,2.7,8,,Partially cloudy,partly-cloudy-day,"72505394728,KJFK,KLGA,74486094789,F8726,KNYC,72503014732"
New york,2025-06-21T11:00:00,81,81.3,58.4,46.28,0,0,,0,0,6,5.1,99,1019.3,54.9,9.9,897,3.2,9,,Partially cloudy,partly-cloudy-day,"72505394728,KJFK,KLGA,74486094789,F8726,KNYC,72503014732"
New york,2025-06-21T12:00:00,83,83.1,59.5,44.96,0,0,,0,0,6.7,2.2,312,1019.7,54.9,9.9,480,1.7,5,,Partially cloudy,partly-cloudy-day,"72505394728,KJFK,KLGA,74486094789,F8726,KNYC,72503014732"
New york,2025-06-21T13:00:00,84.3,84.3,59.9,43.83,0,0,,0,0,14.5,4.2,307,1019.8,47.4,9.9,1022,3.7,10,,Partially cloudy,partly-cloudy-day,"72505394728,KJFK,KLGA,74486094789,F8726,KNYC,72503014732"
New york,2025-06-21T14:00:00,86,85.5,58.9,39.93,0,0,,0,0,12.1,8.3,203,1019.3,54.9,9.9,946,3.4,9,,Partially cloudy,partly-cloudy-day,"72505394728,KJFK,KLGA,74486094789,F8726,KNYC,72503014732"
New york,2025-06-21T15:00:00,85.7,86.1,61.7,44.58,0,0,,0,0,19.7,6.2,200,1018.8,65.3,9.9,849,3.1,8,,Partially cloudy,partly-cloudy-day,"72505394728,KJFK,KLGA,74486094789,F8726,KNYC,72503014732"
New york,2025-06-21T16:00:00,86.3,86.8,61.9,44.14,0,0,,0,0,20.8,8.7,232,1018.4,65.3,9.9,565,2,6,,Partially cloudy,partly-cloudy-day,"72505394728,KJFK,KLGA,74486094789,F8726,KNYC,72503014732"
New york,2025-06-21T17:00:00,82.5,82.8,60,46.66,0,0,,0,0,26.4,11.1,183,1018.3,88.9,9.9,142,0.5,1,,Partially cloudy,partly-cloudy-day,"72505394728,KJFK,KLGA,74486094789,F8726,KNYC,72503014732"
New york,2025-06-21T18:00:00,81.3,82.1,61.3,50.77,0,0,,0,0,12.3,8.8,131,1018.3,54.9,9.9,124,0.4,1,,Partially cloudy,partly-cloudy-day,"72505394728,KJFK,KLGA,74486094789,F8726,KNYC,72503014732"
New york,2025-06-21T19:00:00,80.4,81.2,60.1,49.92,0,0,,0,0,25.3,8.4,227,1018.2,81.7,9.9,76,0.3,1,,Partially cloudy,partly-cloudy-day,"72505394728,KJFK,KLGA,74486094789,F8726,KNYC,72503014732"
New york,2025-06-21T20:00:00,80,80,61.8,53.93,0,0,,0,0,8.1,8.3,174,1018.1,74,9.9,16,0.1,0,,Partially cloudy,partly-cloudy-day,"72505394728,KJFK,KLGA,74486094789,F8726,KNYC,72503014732"
New york,2025-06-21T21:00:00,78.9,78.9,62.7,57.66,0,0,,0,0,7.6,6.3,51,1018,54.9,9.9,0,0,0,,Partially cloudy,partly-cloudy-night,"72505394728,KJFK,KLGA,74486094789,F8726,KNYC,72503014732"
New york,2025-06-21T22:00:00,79.3,79.3,64.2,59.87,0,0,,0,0,11.6,6.3,210,1019.1,54.9,9.9,0,0,0,,Partially cloudy,partly-cloudy-night,"72505394728,KJFK,KLGA,74486094789,F8726,KNYC,72503014732"
New york,2025-06-21T23:00:00,80.6,82.1,63.9,56.96,0,0,,0,0,14.5,10.3,207,1018.4,54.9,9.9,0,0,0,,Partially cloudy,partly-cloudy-night,"72505394728,KJFK,KLGA,74486094789,F8726,KNYC,72503014732"
New york,2025-06-22T00:00:00,80.9,82.1,62.6,53.66,0,0,,0,0,20.8,8.9,220,1018.6,54.9,9.9,0,0,0,,Partially cloudy,partly-cloudy-night,"72505394728,KJFK,KLGA,74486094789,F8726,KNYC,72503014732"
New york,2025-06-22T01:00:00,80.5,81.6,62.2,53.73,0,0,,0,0,14.8,4.5,252,1018.5,54.9,9.9,0,0,0,,Partially cloudy,partly-cloudy-night,"72505394728,KJFK,KLGA,74486094789,F8726,KNYC,72503014732"
New york,2025-06-22T02:00:00,79.3,79.3,62.6,56.66,0,0,,0,0,14.5,7.7,212,1017.8,54.9,9.9,0,0,0,,Partially cloudy,partly-cloudy-night,"72505394728,KJFK,KLGA,74486094789,F8726,KNYC,72503014732"
New york,2025-06-22T03:00:00,78.4,78.4,63.3,59.97,0,0,,0,0,18.3,7.9,212,1017.7,33.1,9.9,0,0,0,,Partially cloudy,partly-cloudy-night,"72505394728,KJFK,KLGA,74486094789,F8726,KNYC,72503014732"
New york,2025-06-22T04:00:00,77.6,77.6,63.8,62.53,0,0,,0,0,18.1,8.3,203,1017.1,54.9,9.9,0,0,0,,Partially cloudy,partly-cloudy-night,"72505394728,KJFK,KLGA,74486094789,F8726,KNYC,72503014732"
New york,2025-06-22T05:00:00,76.9,76.9,64.5,65.52,0,0,,0,0,21.9,10.3,230,1017.1,54.9,9.9,0,0,0,,Partially cloudy,partly-cloudy-night,"72505394728,KJFK,KLGA,74486094789,F8726,KNYC,72503014732"
New york,2025-06-22T06:00:00,76.5,76.5,64.7,67.01,0,0,,0,0,18.8,8.2,217,1017.7,54.9,9.9,24,0.1,0,,Partially cloudy,partly-cloudy-day,"72505394728,KJFK,KLGA,74486094789,F8726,KNYC,72503014732"
New york,2025-06-22T07:00:00,76.2,76.2,65.6,69.76,0,0,,0,0,18.1,6.5,220,1018.6,54.9,9.9,22,0.1,0,,Partially cloudy,partly-cloudy-day,"72505394728,KJFK,KLGA,74486094789,F8726,KNYC,72503014732"
New york,2025-06-22T08:00:00,75.8,75.8,65.9,71.51,0,0,,0,0,16.8,6.3,212,1018.8,59.4,9.9,22,0.1,0,,Partially cloudy,partly-cloudy-day,"72505394728,KJFK,KLGA,74486094789,F8726,KNYC,72503014732"
New york,2025-06-22T09:00:00,74.5,74.5,67.3,78.52,0.005,100,rain,0,0,17,6,224,1019.4,79.1,9.9,18,0.1,0,,"Rain, Partially cloudy",rain,"72505394728,KJFK,KLGA,74486094789,F8726,KNYC,72503014732"
New york,2025-06-22T10:00:00,73.5,73.5,68.3,84.06,0.037,100,rain,0,0,21.9,9,210,1018.9,86.8,5.3,14,0.1,0,,"Rain, Partially cloudy",rain,"72505394728,KJFK,KLGA,74486094789,F8726,KNYC,72503014732"
New york,2025-06-22T11:00:00,72.9,72.9,68.3,85.65,0.046,100,rain,0,0,29.2,13,226,1017.2,77,6.2,66,0.2,1,,"Rain, Partially cloudy",rain,"72505394728,KJFK,KLGA,74486094789,F8726,KNYC,72503014732"
New york,2025-06-22T12:00:00,76,76,69.2,79.45,0,0,,0,0,24.2,10.6,240,1016.2,70.1,9.2,474,1.7,5,,Partially cloudy,partly-cloudy-day,"72505394728,KJFK,KLGA,74486094789,F8726,KNYC,72503014732"
New york,2025-06-22T13:00:00,80.6,83.4,68.3,66.11,0,0,,0,0,23.1,10,260,1016.5,54.8,9.9,457,1.6,5,,Partially cloudy,partly-cloudy-day,"72505394728,KJFK,KLGA,74486094789,F8726,KNYC,72503014732"
New york,2025-06-22T14:00:00,82.2,85.4,68.5,63.31,0,0,,0,0,28.1,11.4,266,1016.3,65.3,9.9,661,2.4,7,,Partially cloudy,partly-cloudy-day,"72505394728,KJFK,KLGA,74486094789,F8726,KNYC,72503014732"
New york,2025-06-22T15:00:00,83.6,88,70.3,64.34,0,0,,0,0,21.9,12.2,277,1015.9,54.9,9.9,582,2.1,6,,Partially cloudy,partly-cloudy-day,"72505394728,KJFK,KLGA,74486094789,F8726,KNYC,72503014732"
New york,2025-06-22T16:00:00,86.5,91.4,70.1,58.36,0,0,,0,0,28.7,14.6,272,1015.3,54.9,9.9,518,1.9,5,,Partially cloudy,partly-cloudy-day,"72505394728,KJFK,KLGA,74486094789,F8726,KNYC,72503014732"
New york,2025-06-22T17:00:00,88.5,93.7,69.9,54.33,0,0,,0,0,32.8,14.5,284,1014.9,54.9,9.9,338,1.2,3,,Partially cloudy,partly-cloudy-day,"72505394728,KJFK,KLGA,74486094789,F8726,KNYC,72503014732"
New york,2025-06-22T18:00:00,88.3,93.8,70.4,55.64,0,0,,0,0,28.5,10.5,294,1014.9,54.9,9.9,247,0.9,2,,Partially cloudy,partly-cloudy-day,"72505394728,KJFK,KLGA,74486094789,F8726,KNYC,72503014732"
New york,2025-06-22T19:00:00,87.2,93.1,71.2,59.08,0,0,,0,0,15.9,7.6,284,1015.1,54.9,9.9,94,0.3,1,,Partially cloudy,partly-cloudy-day,"72505394728,KJFK,KLGA,74486094789,F8726,KNYC,72503014732"
New york,2025-06-22T20:00:00,87.1,93.6,72,60.94,0,0,,0,0,13.2,6.5,250,1015.4,54.9,9.9,23,0.1,0,,Partially cloudy,partly-cloudy-day,"72505394728,KJFK,KLGA,74486094789,F8726,KNYC,72503014732"
New york,2025-06-22T21:00:00,86,92.3,72,63,0,0,,0,0,11,9.5,257,1015.4,54.9,9.9,0,0,0,,Partially cloudy,partly-cloudy-night,"72505394728,KJFK,KLGA,74486094789,F8726,KNYC,72503014732"
New york,2025-06-22T22:00:00,85.7,92.3,72.6,65.12,0,0,,0,0,10.3,5.5,287,1015.7,54.9,9.9,0,0,0,,Partially cloudy,partly-cloudy-night,"72505394728,KJFK,KLGA,74486094789,F8726,KNYC,72503014732"
New york,2025-06-22T23:00:00,83.2,88.7,72.3,69.67,0,0,,0,0,8.9,5.1,271,1016.3,54.9,9.9,0,0,0,,Partially cloudy,partly-cloudy-night,"72505394728,KJFK,KLGA,74486094789,F8726,KNYC,72503014732"
New york,2025-06-23T00:00:00,83.7,89.9,72.8,69.73,0,0,,0,0,6.9,2.2,255,1016.7,88.9,9.9,0,0,0,,Partially cloudy,partly-cloudy-night,"72505394728,KJFK,KLGA,74486094789,F8726,KNYC,72503014732"
New york,2025-06-23T01:00:00,83.6,89.6,72.8,70.16,0,0,,0,0,6.3,0.9,51,1016.6,88.9,9.9,0,0,0,,Partially cloudy,partly-cloudy-night,"72505394728,KJFK,KLGA,74486094789,F8726,KNYC,72503014732"
New york,2025-06-23T02:00:00,81.8,86.7,72.3,72.8,0,0,,0,0,7.2,3.4,29,1016.7,74,9.9,0,0,0,,Partially cloudy,partly-cloudy-night,"72505394728,KJFK,KLGA,74486094789,F8726,KNYC,72503014732"
New york,2025-06-23T03:00:00,79.9,79.9,72.3,77.48,0,0,,0,0,4.3,3.4,78,1016.9,88.9,9.9,0,0,0,,Partially cloudy,partly-cloudy-night,"72505394728,KJFK,KLGA,74486094789,F8726,KNYC,72503014732"
New york,2025-06-23T04:00:00,79,79,72.3,79.84,0,0,,0,0,3.4,2.7,58,1017.1,54.9,9.5,0,0,0,,Partially cloudy,partly-cloudy-night,"72505394728,KJFK,KLGA,74486094789,F8726,KNYC,72503014732"
New york,2025-06-23T05:00:00,79.9,79.9,72.8,79.02,0,0,,0,0,3.8,0.6,360,1017.3,54.9,9.5,0,0,0,,Partially cloudy,partly-cloudy-night,"72505394728,KJFK,KLGA,74486094789,F8726,KNYC,72503014732"
New york,2025-06-23T06:00:00,78.4,78.4,72.3,81.67,0,0,,0,0,4.9,1.3,318,1017.8,93.1,8.2,41,0.1,0,,Overcast,cloudy,"72505394728,KJFK,KLGA,74486094789,F8726,KNYC,72503014732"
New york,2025-06-23T07:00:00,82.1,88.5,74.4,77.45,0,0,,0,0,5.1,0,0,1018.3,37,8.9,174,0.6,2,,Partially cloudy,partly-cloudy-day,"72505394728,KJFK,KLGA,74486094789,F8726,KNYC,72503014732"
New york,2025-06-23T08:00:00,85.1,93.8,75.2,72.25,0,0,,0,0,4,3.4,48,1018.3,21.1,9.2,345,1.2,3,,Partially cloudy,partly-cloudy-day,"72505394728,KJFK,KLGA,74486094789,F8726,KNYC,72503014732"
New york,2025-06-23T09:00:00,87.6,97.5,75.2,66.64,0,0,,0,0,4.5,5.3,70,1018.7,16.8,8.6,559,2,6,,Clear,clear-day,"72505394728,KJFK,KLGA,74486094789,F8726,KNYC,72503014732"
New york,2025-06-23T10:00:00,89.2,98.9,74.5,61.9,0,0,,0,0,5.8,3.8,359,1018.6,21.1,9.5,717,2.6,7,,Partially cloudy,partly-cloudy-day,"72505394728,KJFK,KLGA,74486094789,F8726,KNYC,72503014732"
New york,2025-06-23T11:00:00,90.7,100,73.6,57.45,0,0,,0,0,6.7,5,74,1018.6,16.8,9.9,840,3,8,,Clear,clear-day,"72505394728,KJFK,KLGA,74486094789,F8726,KNYC,72503014732"
New york,2025-06-23T12:00:00,92.4,102.6,74.1,55.36,0,0,,0,0,6.7,5.7,297,1018.4,21.1,9.9,885,3.2,9,,Partially cloudy,partly-cloudy-day,"72505394728,KJFK,KLGA,74486094789,F8726,KNYC,72503014732"
New york,2025-06-23T13:00:00,92.2,102.3,74,55.61,0,0,,0,0,7.2,6.2,170,1018.4,31.6,9.9,895,3.2,9,,Partially cloudy,partly-cloudy-day,"72505394728,KJFK,KLGA,74486094789,F8726,KNYC,72503014732"
New york,2025-06-23T14:00:00,93,103.4,74.1,54.37,0,0,,0,0,7.4,5.9,115,1018,57.4,9.9,818,2.9,8,,Partially cloudy,partly-cloudy-day,"72505394728,KJFK,KLGA,74486094789,F8726,KNYC,72503014732"
New york,2025-06-23T15:00:00,92.2,102.6,74.3,56.21,0,0,,0,0,6.9,11.2,155,1017.7,38.3,9.2,784,2.8,8,,Partially cloudy,partly-cloudy-day,"72505394728,KJFK,KLGA,74486094789,F8726,KNYC,72503014732"
New york,2025-06-23T16:00:00,89.2,98.3,74,60.97,0,0,,0,0,6.9,11.5,166,1017.5,54.9,9.2,645,2.3,6,,Partially cloudy,partly-cloudy-day,"72505394728,KJFK,KLGA,74486094789,F8726,KNYC,72503014732"
New york,2025-06-23T17:00:00,88.4,96.6,73.3,61.11,0,0,,0,0,6.9,10.1,169,1017.4,54.9,9.2,427,1.5,4,,Partially cloudy,partly-cloudy-day,"72505394728,KJFK,KLGA,74486094789,F8726,KNYC,72503014732"
New york,2025-06-23T18:00:00,86.7,93.8,72.8,63.34,0,0,,0,0,6.7,14.7,177,1017.2,54.9,9.2,206,0.7,2,,Partially cloudy,partly-cloudy-day,"72505394728,KJFK,KLGA,74486094789,F8726,KNYC,72503014732"
New york,2025-06-23T19:00:00,84.6,90.8,72.4,66.92,0,0,,0,0,6.5,6.6,136,1017.3,54.9,9.2,86,0.3,1,,Partially cloudy,partly-cloudy-day,"72505394728,KJFK,KLGA,74486094789,F8726,KNYC,72503014732"
New york,2025-06-23T20:00:00,83.6,89.2,72.3,68.86,0,0,,0,0,7.2,4.8,122,1017.3,54.9,8.9,16,0.1,0,,Partially cloudy,partly-cloudy-day,"72505394728,KJFK,KLGA,74486094789,F8726,KNYC,72503014732"
New york,2025-06-23T21:00:00,83.6,89.5,72.6,69.53,0,0,,0,0,9.8,4.6,116,1016.8,54.9,9.2,0,0,0,,Partially cloudy,partly-cloudy-night,"72505394728,KJFK,KLGA,74486094789,F8726,KNYC,72503014732"
New york,2025-06-23T22:00:00,84.3,90.7,73,68.97,0,0,,0,0,10.1,5.1,234,1017.4,54.9,9,0,0,0,,Partially cloudy,partly-cloudy-night,"72505394728,KJFK,KLGA,74486094789,F8726,KNYC,72503014732"
New york,2025-06-23T23:00:00,84.6,91.8,73.8,70.29,0,0,,0,0,9.2,3.4,231,1017.5,54.9,9.1,0,0,0,,Partially cloudy,partly-cloudy-night,"72505394728,KJFK,KLGA,74486094789,F8726,KNYC,72503014732"
New york,2025-06-24T00:00:00,83.6,90.1,73.5,71.75,0,0,,0,0,8.3,0.6,309,1017.5,54.9,9.1,0,0,0,,Partially cloudy,partly-cloudy-night,"72505394728,KJFK,KLGA,74486094789,F8726,KNYC,72503014732"
New york,2025-06-24T01:00:00,82.6,88.1,72.6,71.89,0,0,,0,0,8.3,1.9,290,1017.5,38.3,9.7,0,0,0,,Partially cloudy,partly-cloudy-night,"72505394728,KJFK,KLGA,74486094789,F8726,KNYC,72503014732"
New york,2025-06-24T02:00:00,82,87,72.4,72.9,0,0,,0,0,10.7,4.9,326,1017.7,54.9,9.7,0,0,0,,Partially cloudy,partly-cloudy-night,"72505394728,KJFK,KLGA,74486094789,F8726,KNYC,72503014732"
New york,2025-06-24T03:00:00,81.1,85.8,72.6,75.44,0,0,,0,0,10.7,0.6,318,1017.7,54.9,9.1,0,0,0,,Partially cloudy,partly-cloudy-night,"72505394728,KJFK,KLGA,74486094789,F8726,KNYC,72503014732"
New york,2025-06-24T04:00:00,80.5,84.9,72.6,76.85,0,0,,0,0,11.9,3.9,326,1018,54.9,9.2,0,0,0,,Partially cloudy,partly-cloudy-night,"72505394728,KJFK,KLGA,74486094789,F8726,KNYC,72503014732"
New york,2025-06-24T05:00:00,81.4,86.2,72.5,74.61,0,0,,0,0,12.8,0,0,1018.1,38.3,8.9,0,0,0,,Partially cloudy,partly-cloudy-night,"72505394728,KJFK,KLGA,74486094789,F8726,KNYC,72503014732"
New york,2025-06-24T06:00:00,81,84.8,70.8,71.15,0,0,,0,0,13.4,3.9,331,1018.8,28.5,9.3,34,0.1,0,,Partially cloudy,partly-cloudy-day,"72505394728,KJFK,KLGA,74486094789,F8726,KNYC,72503014732"
New york,2025-06-24T07:00:00,83.6,87.7,69.8,63.2,0,0,,0,0,13.4,5,327,1019,16.8,9.9,191,0.7,2,,Clear,clear-day,"72505394728,KJFK,KLGA,74486094789,F8726,KNYC,72503014732"
New york,2025-06-24T08:00:00,86.3,90.5,69.2,56.84,0,0,,0,0,13.2,6.4,327,1019.5,16.8,9.9,378,1.4,4,,Clear,clear-day,"72505394728,KJFK,KLGA,74486094789,F8726,KNYC,72503014732"
New york,2025-06-24T09:00:00,89,93.3,68.7,51.31,0,0,,0,0,18.3,6.8,337,1019.2,26.5,9.9,583,2.1,6,,Partially cloudy,partly-cloudy-day,"72505394728,KJFK,KLGA,74486094789,F8726,KNYC,72503014732"
New york,2025-06-24T10:00:00,90,93.8,67.8,48.24,0,0,,0,0,12.1,7.9,316,1019.1,26.5,9.9,764,2.8,8,,Partially cloudy,partly-cloudy-day,"72505394728,KJFK,KLGA,74486094789,F8726,KNYC,72503014732"
New york,2025-06-24T11:00:00,92.1,96.3,67.9,45.25,0,0,,0,0,12.1,5.2,332,1018.8,26.5,9.9,907,3.3,9,,Partially cloudy,partly-cloudy-day,"72505394728,KJFK,KLGA,74486094789,F8726,KNYC,72503014732"
New york,2025-06-24T12:00:00,94.3,98.6,67.6,41.89,0,0,,0,0,17.2,7.4,315,1018.8,26.5,9.9,972,3.5,10,,Partially cloudy,partly-cloudy-day,"72505394728,KJFK,KLGA,74486094789,F8726,KNYC,72503014732"
New york,2025-06-24T13:00:00,97.1,100.7,65.8,36.09,0,0,,0,0,10.3,7.2,346,1018.4,26.5,9.9,991,3.6,10,,Partially cloudy,partly-cloudy-day,"72505394728,KJFK,KLGA,74486094789,F8726,KNYC,72503014732"
New york,2025-06-24T14:00:00,97.1,100.7,65.8,36.09,0,0,,0,0,10.1,9,276,1017.8,26.5,9.9,942,3.4,9,,Partially cloudy,partly-cloudy-day,"72505394728,KJFK,KLGA,74486094789,F8726,KNYC,72503014732"
New york,2025-06-24T15:00:00,97.9,101,65,34.27,0,0,,0,0,13,6.3,301,1017.1,26.5,9.9,815,2.9,8,,Partially cloudy,partly-cloudy-day,"72505394728,KJFK,KLGA,74486094789,F8726,KNYC,72503014732"
New york,2025-06-24T16:00:00,97.6,99.5,63,32.19,0,0,,0,0,20.8,14.7,272,1016.7,26.5,9.9,646,2.3,6,,Partially cloudy,partly-cloudy-day,"72505394728,KJFK,KLGA,74486094789,F8726,KNYC,72503014732"
New york,2025-06-24T17:00:00,98.5,99.4,61,29.27,0,0,,0,0,23.5,10.7,292,1016.4,27.2,9.9,484,1.7,5,,Partially cloudy,partly-cloudy-day,"72505394728,KJFK,KLGA,74486094789,F8726,KNYC,72503014732"
New york,2025-06-24T18:00:00,97.2,98,61,30.42,0,0,,0,0,25.3,12.5,262,1015.7,16.8,9.9,266,1,3,,Clear,clear-day,"72505394728,KJFK,KLGA,74486094789,F8726,KNYC,72503014732"
New york,2025-06-24T19:00:00,95.6,95.5,59.8,30.54,0,0,,0,0,23,10.7,265,1015.8,16.8,9.9,111,0.4,1,,Clear,clear-day,"72505394728,KJFK,KLGA,74486094789,F8726,KNYC,72503014732"
New york,2025-06-24T20:00:00,92.6,92.3,60,33.83,0,0,,0,0,7.6,8.8,279,1016,16.8,9.9,21,0.1,0,,Clear,clear-day,"72505394728,KJFK,KLGA,74486094789,F8726,KNYC,72503014732"
New york,2025-06-24T21:00:00,90.7,90.8,61.1,37.37,0,0,,0,0,7.6,5,307,1016.1,16.8,9.9,0,0,0,,Clear,clear-night,"72505394728,KJFK,KLGA,74486094789,F8726,KNYC,72503014732"
New york,2025-06-24T22:00:00,90.1,90.6,61.9,39.04,0,0,,0,0,8.5,4.7,328,1016.6,16.8,9.9,0,0,0,,Clear,clear-night,"72505394728,KJFK,KLGA,74486094789,F8726,KNYC,72503014732"
New york,2025-06-24T23:00:00,89.3,89.8,62.2,40.63,0,0,,0,0,9.2,4.5,307,1016.6,16.8,9.9,0,0,0,,Clear,clear-night,"72505394728,KJFK,KLGA,74486094789,F8726,KNYC,72503014732"
New york,2025-06-25T00:00:00,88.5,89.4,63.2,43.13,0,0,,0,0,10.5,5.2,316,1016.6,16.8,9.9,0,0,0,,Clear,clear-night,"72505394728,KJFK,KLGA,74486094789,F8726,KNYC,72503014732"
New york,2025-06-25T01:00:00,87.5,88.7,63.5,44.91,0,0,,0,0,10.7,5.6,297,1016.5,16.8,9.9,0,0,0,,Clear,clear-night,"72505394728,KJFK,KLGA,74486094789,F8726,KNYC,72503014732"
New york,2025-06-25T02:00:00,84.6,86.5,65.4,52.56,0,0,,0,0,11,4.1,308,1016.5,27.2,9.9,0,0,0,,Partially cloudy,partly-cloudy-night,"72505394728,KJFK,KLGA,74486094789,F8726,KNYC,72503014732"
New york,2025-06-25T03:00:00,84.3,86.2,65.2,52.82,0,0,,0,0,8.9,6.5,300,1016.3,26.5,9.9,0,0,0,,Partially cloudy,partly-cloudy-night,"72505394728,KJFK,KLGA,74486094789,F8726,KNYC,72503014732"
New york,2025-06-25T04:00:00,83.6,85.6,65.6,54.82,0,0,,0,0,9.6,4.5,327,1016.2,21.1,9.9,0,0,0,,Partially cloudy,partly-cloudy-night,"72505394728,KJFK,KLGA,74486094789,F8726,KNYC,72503014732"
New york,2025-06-25T05:00:00,83.9,86.2,66.2,55.23,0,0,,0,0,12.1,5,332,1016.4,5.2,9.9,0,0,0,,Clear,clear-night,"72505394728,KJFK,KLGA,74486094789,F8726,KNYC,72503014732"
New york,2025-06-25T06:00:00,82.6,85.2,66.9,59.05,0,0,,0,0,13.6,5,329,1016.8,5.2,9.9,36,0.1,0,,Clear,clear-day,"72505394728,KJFK,KLGA,74486094789,F8726,KNYC,72503014732"
New york,2025-06-25T07:00:00,83.9,86.9,67.7,58.39,0,0,,0,0,13.6,3.4,340,1017,5.2,9.9,192,0.7,2,,Clear,clear-day,"72505394728,KJFK,KLGA,74486094789,F8726,KNYC,72503014732"
New york,2025-06-25T08:00:00,84.6,88.2,68.7,59.08,0,0,,0,0,13,7,327,1017.1,16.8,9.9,377,1.4,4,,Clear,clear-day,"72505394728,KJFK,KLGA,74486094789,F8726,KNYC,72503014732"
New york,2025-06-25T09:00:00,87.6,92.2,69.4,54.97,0,0,,0,0,13.4,4.1,319,1017,16.8,9.9,586,2.1,6,,Clear,clear-day,"72505394728,KJFK,KLGA,74486094789,F8726,KNYC,72503014732"
New york,2025-06-25T10:00:00,89.2,93.7,68.9,51.42,0,0,,0,0,13,6,320,1017.1,16.8,9.9,768,2.8,8,,Clear,clear-day,"72505394728,KJFK,KLGA,74486094789,F8726,KNYC,72503014732"
New york,2025-06-25T11:00:00,92.4,96.8,68,45.02,0,0,,0,0,13,10.4,338,1016.9,16.8,9.9,901,3.2,9,,Clear,clear-day,"72505394728,KJFK,KLGA,74486094789,F8726,KNYC,72503014732"
New york,2025-06-25T12:00:00,93.3,97.3,67.3,42.62,0,0,,0,0,14.5,6.9,353,1016.8,16.8,9.9,987,3.6,10,,Clear,clear-day,"72505394728,KJFK,KLGA,74486094789,F8726,KNYC,72503014732"
New york,2025-06-25T13:00:00,94.5,98.2,66.7,40.37,0,0,,0,0,19.7,7.2,337,1016.3,27.2,9.9,997,3.6,10,,Partially cloudy,partly-cloudy-day,"72505394728,KJFK,KLGA,74486094789,F8726,KNYC,72503014732"
New york,2025-06-25T14:00:00,94.6,98.4,66.7,40.13,0,0,,0,0,12.8,7.9,329,1015.9,37,9.9,956,3.4,10,,Partially cloudy,partly-cloudy-day,"72505394728,KJFK,KLGA,74486094789,F8726,KNYC,72503014732"
New york,2025-06-25T15:00:00,95.6,99.7,66.9,39.18,0,0,,0,0,17.2,6.2,320,1015.3,30.9,9.9,843,3,8,,Partially cloudy,partly-cloudy-day,"72505394728,KJFK,KLGA,74486094789,F8726,KNYC,72503014732"
New york,2025-06-25T16:00:00,96.4,100.4,66.5,37.8,0,0,,0,0,21.9,8.8,332,1014.6,50,9.9,713,2.6,7,,Partially cloudy,partly-cloudy-day,"72505394728,KJFK,KLGA,74486094789,F8726,KNYC,72503014732"
New york,2025-06-25T17:00:00,95.7,99.6,66.7,38.92,0,0,,0,0,10.5,5.8,290,1014.3,41.3,9.9,500,1.8,5,,Partially cloudy,partly-cloudy-day,"72505394728,KJFK,KLGA,74486094789,F8726,KNYC,72503014732"
New york,2025-06-25T18:00:00,94.2,97.8,66.6,40.52,0,0,,0,0,10.1,4.5,281,1013.9,41.3,9.9,104,0.4,1,,Partially cloudy,partly-cloudy-day,"72505394728,KJFK,KLGA,74486094789,F8726,KNYC,72503014732"
New york,2025-06-25T19:00:00,92.6,95.5,66,41.82,0,0,,0,0,8.7,8.7,83,1014.1,47.7,9.9,58,0.2,1,,Partially cloudy,partly-cloudy-day,"72505394728,KJFK,KLGA,74486094789,F8726,KNYC,72503014732"
New york,2025-06-25T20:00:00,88.4,91.8,67.4,50.02,0.011,100,rain,0,0,8.5,7,71,1014.7,54.9,9.9,11,0,0,,"Rain, Partially cloudy",rain,"72505394728,KJFK,KLGA,74486094789,F8726,KNYC,72503014732"
New york,2025-06-25T21:00:00,85.2,88.6,68.1,56.67,0,0,,0,0,8.3,7.7,82,1014.9,51.5,9.9,0,0,0,,Partially cloudy,partly-cloudy-night,"72505394728,KJFK,KLGA,74486094789,F8726,KNYC,72503014732"
New york,2025-06-25T22:00:00,84.2,87.6,68.3,58.92,0,0,,0,0,7.6,6.5,61,1015.5,58.2,9.9,0,0,0,,Partially cloudy,partly-cloudy-night,"72505394728,KJFK,KLGA,74486094789,F8726,KNYC,72503014732"
New york,2025-06-25T23:00:00,84.8,88.5,68.7,58.63,0,0,,0,0,7.8,3.9,62,1015.8,54.9,9.9,0,0,0,,Partially cloudy,partly-cloudy-night,"72505394728,KJFK,KLGA,74486094789,F8726,KNYC,72503014732"
New york,2025-06-26T00:00:00,85.1,89.5,69.8,60.24,0,0,,0,0,9.2,3.8,61,1015.7,54.9,9.9,0,0,0,,Partially cloudy,partly-cloudy-night,"72505394728,KJFK,KLGA,74486094789,F8726,KNYC,72503014732"
New york,2025-06-26T01:00:00,82.5,86.1,69.2,64.23,0,0,,0,0,9.8,5.2,35,1015.4,65.3,9.9,0,0,0,,Partially cloudy,partly-cloudy-night,"72505394728,KJFK,KLGA,74486094789,F8726,KNYC,72503014732"
New york,2025-06-26T02:00:00,82,85.7,69.8,66.59,0,0,,0,0,10.5,4.3,33,1015.3,93.1,9.9,0,0,0,,Overcast,cloudy,"72505394728,KJFK,KLGA,74486094789,F8726,KNYC,72503014732"
New york,2025-06-26T03:00:00,82.7,86,68.8,62.9,0,0,,0,0,11.4,7.8,41,1015.1,74,9.9,0,0,0,,Partially cloudy,partly-cloudy-night,"72505394728,KJFK,KLGA,74486094789,F8726,KNYC,72503014732"
New york,2025-06-26T04:00:00,82.5,85.3,67.6,60.93,0,0,,0,0,15.2,8.8,33,1015,88.9,9.9,0,0,0,,Partially cloudy,partly-cloudy-night,"72505394728,KJFK,KLGA,74486094789,F8726,KNYC,72503014732"
New york,2025-06-26T05:00:00,80.6,83.3,67.9,65.26,0.015,100,rain,0,0,17.7,8.4,47,1015.5,74,9.9,0,0,0,,"Rain, Partially cloudy",rain,"72505394728,KJFK,KLGA,74486094789,F8726,KNYC,72503014732"
New york,2025-06-26T06:00:00,79.5,79.5,67.4,66.75,0,0,,0,0,18.6,11,34,1016.2,88.9,9.9,38,0.1,0,,Partially cloudy,partly-cloudy-day,"72505394728,KJFK,KLGA,74486094789,F8726,KNYC,72503014732"
New york,2025-06-26T07:00:00,78,78,67.3,69.58,0,0,,0,0,24.5,12.6,50,1016.4,85.5,9.9,129,0.5,1,,Partially cloudy,partly-cloudy-day,"72505394728,KJFK,KLGA,74486094789,F8726,KNYC,72503014732"
New york,2025-06-26T08:00:00,76.5,76.5,66.2,70.48,0,0,,0,0,24.8,15.1,54,1017.3,97.9,9.9,222,0.8,2,,Overcast,cloudy,"72505394728,KJFK,KLGA,74486094789,F8726,KNYC,72503014732"
New york,2025-06-26T09:00:00,74.7,74.7,66.9,76.64,0,0,,0,0,26.4,14,55,1017.6,98.6,9.2,126,0.5,1,,Overcast,cloudy,"72505394728,KJFK,KLGA,F8726,KNYC,72503014732"
New york,2025-06-26T10:00:00,71,71,60.1,68.36,0,0,,0,0,33.8,18.6,56,1018.5,97.9,9.5,89,0.3,1,,Overcast,cloudy,"72505394728,KJFK,KLGA,74486094789,F8726,KNYC,72503014732"
New york,2025-06-26T11:00:00,70.3,70.3,58.5,66.14,0,0,,0,0,30.6,16.4,62,1019.1,100,9.9,224,0.8,2,,Overcast,cloudy,"72505394728,KJFK,KLGA,74486094789,F8726,KNYC,72503014732"
New york,2025-06-26T12:00:00,69.9,69.9,57.5,64.77,0,0,,0,0,28.9,16.3,51,1019.3,100,9.9,420,1.5,4,,Overcast,cloudy,"72505394728,KJFK,KLGA,74486094789,F8726,KNYC,72503014732"
New york,2025-06-26T13:00:00,70.3,70.3,57.9,64.91,0,0,,0,0,24.2,14.1,55,1019.1,100,9.9,796,2.9,8,,Overcast,cloudy,"72505394728,KJFK,KLGA,74486094789,F8726,KNYC,72503014732"
New york,2025-06-26T14:00:00,71.4,71.4,57.7,62,0,0,,0,0,18.3,12.1,45,1018.9,97.9,9.9,556,2,6,,Overcast,cloudy,"72505394728,KJFK,KLGA,74486094789,F8726,KNYC,72503014732"
New york,2025-06-26T15:00:00,71.6,71.6,56.2,58.25,0,0,,0,0,24.2,14.3,52,1018.6,100,9.9,529,1.9,5,,Overcast,cloudy,"72505394728,KJFK,KLGA,74486094789,F8726,KNYC,72503014732"
New york,2025-06-26T16:00:00,71.4,71.4,55,56.13,0,0,,0,0,26.4,15.3,54,1018.7,100,9.9,328,1.2,3,,Overcast,cloudy,"72505394728,KJFK,KLGA,74486094789,F8726,KNYC,72503014732"
New york,2025-06-26T17:00:00,70.7,70.7,54.7,57.05,0,0,,0,0,22.7,12.8,68,1018.8,100,9.9,201,0.7,2,,Overcast,cloudy,"72505394728,KJFK,KLGA,74486094789,F8726,KNYC,72503014732"
New york,2025-06-26T18:00:00,70.1,70.1,54.2,57.03,0,0,,0,0,23.4,12.3,70,1019.2,100,8.8,124,0.4,1,,Overcast,cloudy,"72505394728,KJFK,KLGA,74486094789,F8726,KNYC,72503014732"
New york,2025-06-26T19:00:00,68.9,68.9,54.2,59.37,0,0,,0,0,23,15.4,71,1019.3,100,9.9,42,0.2,0,,Overcast,cloudy,"72505394728,KJFK,KLGA,74486094789,F8726,KNYC,72503014732"
New york,2025-06-26T20:00:00,68.9,68.9,54.2,59.37,0,0,,0,0,23.3,12.4,60,1020,100,9.9,9,0,0,,Overcast,cloudy,"72505394728,KJFK,KLGA,74486094789,F8726,KNYC,72503014732"
New york,2025-06-26T21:00:00,68.2,68.2,55,62.63,0,0,,0,0,17.2,10.9,67,1020.6,100,9.9,0,0,0,,Overcast,cloudy,"72505394728,KJFK,KLGA,74486094789,F8726,KNYC,72503014732"
New york,2025-06-26T22:00:00,68.2,68.2,54.8,62.24,0,0,,0,0,17.2,9.9,88,1021.1,100,8.5,0,0,0,,Overcast,cloudy,"72505394728,KJFK,KLGA,74486094789,F8726,KNYC,72503014732"
New york,2025-06-26T23:00:00,67.3,67.3,55.5,65.86,0,0,,0,0,19.9,9.7,55,1021.3,100,9.9,0,0,0,,Overcast,cloudy,"72505394728,KJFK,KLGA,74486094789,F8726,KNYC,72503014732"
New york,2025-06-27T00:00:00,67.1,67.1,56.4,68.57,0,0,,0,0,18.3,11,65,1021.4,100,9.9,0,0,0,,Overcast,cloudy,"72505394728,KJFK,KLGA,74486094789,F8726,KNYC,72503014732"
New york,2025-06-27T01:00:00,66.3,66.3,55.6,68.49,0,0,,0,0,18.3,10.5,52,1021.8,100,9.9,0,0,0,,Overcast,cloudy,"72505394728,KJFK,KLGA,74486094789,F8726,KNYC,72503014732"
New york,2025-06-27T02:00:00,66.3,66.3,55.7,68.59,0,0,,0,0,18.3,13.7,54,1021.9,100,9.9,0,0,0,,Overcast,cloudy,"72505394728,KJFK,KLGA,74486094789,F8726,KNYC,72503014732"
New york,2025-06-27T03:00:00,65.4,65.4,56.6,73.26,0.005,100,rain,0,0,17.4,9.4,56,1021.8,100,9.9,0,0,0,,"Rain, Overcast",rain,"72505394728,KJFK,KLGA,74486094789,F8726,KNYC,72503014732"
New york,2025-06-27T04:00:00,64.2,64.2,57.7,79.37,0.057,100,rain,0,0,18.6,11.3,53,1021.7,100,9.5,0,0,0,,"Rain, Overcast",rain,"72505394728,KJFK,KLGA,74486094789,F8726,KNYC,72503014732"
New york,2025-06-27T05:00:00,64.2,64.2,58.3,81.15,0,0,,0,0,19,7.8,60,1022.1,100,9.9,0,0,0,,Overcast,cloudy,"72505394728,KJFK,KLGA,74486094789,F8726,KNYC,72503014732"
New york,2025-06-27T06:00:00,64.9,64.9,57.5,77.09,0,0,,0,0,17.2,9.4,54,1023,100,9.9,15,0.1,0,,Overcast,cloudy,"72505394728,KJFK,KLGA,74486094789,F8726,KNYC,72503014732"
New york,2025-06-27T07:00:00,64.9,64.9,56.2,73.56,0,0,,0,0,20.6,10.7,62,1023.4,100,9.9,60,0.2,1,,Overcast,cloudy,"72505394728,KJFK,KLGA,74486094789,F8726,KNYC,72503014732"
New york,2025-06-27T08:00:00,65.8,65.8,56.2,71.3,0,0,,0,0,20.8,9.9,67,1023.2,100,9.9,94,0.3,1,,Overcast,cloudy,"72505394728,KJFK,KLGA,74486094789,F8726,KNYC,72503014732"
New york,2025-06-27T09:00:00,66.3,66.3,56.3,70.22,0,0,,0,0,20.8,11.1,68,1023.9,100,9.9,131,0.5,1,,Overcast,cloudy,"72505394728,KJFK,KLGA,74486094789,F8726,KNYC,72503014732"
New york,2025-06-27T10:00:00,67.8,67.8,55.2,64,0,0,,0,0,19.1,10.8,81,1024.4,100,9.9,240,0.9,2,,Overcast,cloudy,"72505394728,KJFK,KLGA,74486094789,F8726,KNYC,72503014732"
New york,2025-06-27T11:00:00,68.4,68.4,52.5,56.73,0,0,,0,0,23,11.2,96,1024.5,100,9.9,279,1,3,,Overcast,cloudy,"72505394728,KJFK,KLGA,74486094789,F8726,KNYC,72503014732"
New york,2025-06-27T12:00:00,70.2,70.2,46.9,43.43,0,0,,0,0,25.3,12.3,86,1024.6,100,9.9,542,2,5,,Overcast,cloudy,"72505394728,KJFK,KLGA,74486094789,F8726,KNYC,72503014732"
New york,2025-06-27T13:00:00,72.5,72.5,46.1,38.93,0,0,,0,0,20.9,12.1,124,1024.4,97.9,9.9,467,1.7,5,,Overcast,cloudy,"72505394728,KJFK,KLGA,74486094789,F8726,KNYC,72503014732"
New york,2025-06-27T14:00:00,71.6,71.6,45.3,39.03,0,0,,0,0,24.2,12.9,114,1024.5,97.9,9.9,283,1,3,,Overcast,cloudy,"72505394728,KJFK,KLGA,74486094789,F8726,KNYC,72503014732"
New york,2025-06-27T15:00:00,70.9,70.9,45.7,40.49,0,0,,0,0,19.7,14.6,110,1024.4,100,9.9,448,1.6,4,,Overcast,cloudy,"72505394728,KJFK,KLGA,74486094789,F8726,KNYC,72503014732"
New york,2025-06-27T16:00:00,71.2,71.2,42.1,34.88,0,0,,0,0,24.2,11.3,107,1023.9,100,9.9,357,1.3,4,,Overcast,cloudy,"72505394728,KJFK,KLGA,74486094789,F8726,KNYC,72503014732"
New york,2025-06-27T17:00:00,70.9,70.9,42.1,35.26,0,0,,0,0,18.3,9.9,111,1023.6,100,9.9,209,0.8,2,,Overcast,cloudy,"72505394728,KJFK,KLGA,74486094789,F8726,KNYC,72503014732"
New york,2025-06-27T18:00:00,69.3,69.3,43,38.58,0,0,,0,0,19.9,10.1,100,1023.5,100,9.9,76,0.3,1,,Overcast,cloudy,"72505394728,KJFK,KLGA,74486094789,F8726,KNYC,72503014732"
New york,2025-06-27T19:00:00,69.5,69.5,44.1,39.86,0,0,,0,0,19.4,12.2,121,1023.2,100,9.9,44,0.2,0,,Overcast,cloudy,"72505394728,KJFK,KLGA,74486094789,F8726,KNYC,72503014732"
New york,2025-06-27T20:00:00,67.8,67.8,45.8,45.09,0,0,,0,0,19.7,9.8,103,1023.1,100,9.9,5,0,0,,Overcast,cloudy,"72505394728,KJFK,KLGA,74486094789,F8726,KNYC,72503014732"
New york,2025-06-27T21:00:00,67.2,67.2,46.8,47.9,0,0,,0,0,19,8.1,124,1023.2,100,9.9,0,0,0,,Overcast,cloudy,"72505394728,KJFK,KLGA,74486094789,F8726,KNYC,72503014732"
New york,2025-06-27T22:00:00,66.7,66.7,49.3,53.55,0,0,,0,0,18.1,8.6,120,1023.4,100,9.9,0,0,0,,Overcast,cloudy,"72505394728,KJFK,KLGA,74486094789,F8726,KNYC,72503014732"
New york,2025-06-27T23:00:00,65.9,65.9,52.1,61.02,0,0,,0,0,16.6,9,124,1022.8,100,9.9,0,0,0,,Overcast,cloudy,"72505394728,KJFK,KLGA,74486094789,F8726,KNYC,72503014732"
New york,2025-06-28T00:00:00,65.9,65.9,54.3,66.17,0,0,,0,0,19.7,7.2,110,1022.5,100,9.9,0,0,0,,Overcast,cloudy,"72505394728,KJFK,KLGA,74486094789,F8726,KNYC,72503014732"
New york,2025-06-28T01:00:00,65.2,65.2,56.2,72.69,0,0,,0,0,15.2,3.8,96,1022.2,100,9.3,0,0,0,,Overcast,cloudy,"72505394728,KJFK,KLGA,74486094789,F8726,KNYC,72503014732"
New york,2025-06-28T02:00:00,64.3,64.3,57.7,79.09,0,0,,0,0,13.4,4.7,106,1021.9,100,5.8,0,0,0,,Overcast,cloudy,"72505394728,KJFK,KLGA,74486094789,F8726,KNYC,72503014732"
New york,2025-06-28T03:00:00,63.2,63.2,59.7,88.41,0.002,100,rain,0,0,8.5,5.9,87,1020.9,100,5.2,0,0,0,,"Rain, Overcast",rain,"72505394728,KJFK,KLGA,74486094789,F8726,KNYC,72503014732"
New york,2025-06-28T04:00:00,63.2,63.2,60.2,89.97,0.012,100,rain,0,0,8.3,3.8,75,1020,100,5.3,0,0,0,,"Rain, Overcast",rain,"72505394728,KJFK,KLGA,74486094789,F8726,KNYC,72503014732"
New york,2025-06-28T05:00:00,63.4,63.4,61.3,92.89,0.002,100,rain,0,0,8.1,3.1,42,1019.9,100,1.7,0,0,0,,"Rain, Overcast",rain,"72505394728,KJFK,KLGA,74486094789,F8726,KNYC,72503014732"
New york,2025-06-28T06:00:00,63.8,63.8,61.4,92.01,0.031,100,rain,0,0,7.6,2.1,39,1019.9,100,3,4,0,0,,"Rain, Overcast",rain,"72505394728,KJFK,KLGA,74486094789,F8726,KNYC,72503014732"
New york,2025-06-28T07:00:00,64.5,64.5,62.2,92.35,0.014,100,rain,0,0,6.7,1.4,23,1019.9,100,4.2,19,0.1,0,,"Rain, Overcast",rain,"72505394728,KJFK,KLGA,74486094789,F8726,KNYC,72503014732"
New york,2025-06-28T08:00:00,65,65,62.4,91.26,0.002,100,rain,0,0,6.3,1.4,46,1019.6,100,1.7,150,0.5,2,,"Rain, Overcast",rain,"72505394728,KJFK,KLGA,74486094789,F8726,KNYC,72503014732"
New york,2025-06-28T09:00:00,65.6,65.6,63.3,92.37,0,0,,0,0,8.1,2.1,57,1019.4,100,5,145,0.5,1,,Overcast,cloudy,"72505394728,KJFK,KLGA,74486094789,F8726,KNYC,72503014732"
New york,2025-06-28T10:00:00,67.1,67.1,64.4,91.08,0,0,,0,0,11.4,1.4,35,1018.9,100,6,244,0.9,2,,Overcast,cloudy,"72505394728,KJFK,KLGA,74486094789,F8726,KNYC,72503014732"
New york,2025-06-28T11:00:00,69.7,69.7,66,87.98,0,0,,0,0,13,2.2,23,1018.8,100,5.6,657,2.4,7,,Overcast,cloudy,"72505394728,KJFK,KLGA,F8726,KNYC,72503014732"
New york,2025-06-28T12:00:00,74.8,74.8,67.3,77.56,0,0,,0,0,13.9,3.1,306,1018.2,88.9,8.8,779,2.8,8,,Partially cloudy,partly-cloudy-day,"72505394728,KJFK,KLGA,74486094789,F8726,KNYC,72503014732"
New york,2025-06-28T13:00:00,76.4,76.4,67.1,72.99,0,0,,0,0,14.3,8.8,223,1017.8,93.1,8.5,523,1.9,5,,Overcast,cloudy,"72505394728,KJFK,KLGA,74486094789,F8726,KNYC,72503014732"
New york,2025-06-28T14:00:00,77.8,77.8,67.3,69.99,0,0,,0,0,15.4,8.3,240,1017.1,93.1,9.2,590,2.1,6,,Overcast,cloudy,"72505394728,KJFK,KLGA,74486094789,F8726,KNYC,72503014732"
New york,2025-06-28T15:00:00,80.2,82.9,68.1,66.52,0,0,,0,0,16.1,8.6,216,1016.4,57.9,9.9,752,2.7,8,,Partially cloudy,partly-cloudy-day,"72505394728,KJFK,KLGA,74486094789,F8726,KNYC,72503014732"
New york,2025-06-28T16:00:00,81.5,84.5,68.5,64.88,0,0,,0,0,18.3,9.5,204,1015.5,26.5,9.9,657,2.4,7,,Partially cloudy,partly-cloudy-day,"72505394728,KJFK,KLGA,74486094789,F8726,KNYC,72503014732"
New york,2025-06-28T17:00:00,82.7,86.5,69.5,64.57,0,0,,0,0,14.8,10.3,218,1014.8,26.5,9.9,445,1.6,4,,Partially cloudy,partly-cloudy-day,"72505394728,KJFK,KLGA,74486094789,F8726,KNYC,72503014732"
New york,2025-06-28T18:00:00,81.5,85.1,69.7,67.4,0,0,,0,0,14.1,7.2,180,1014.8,16.8,9.9,269,1,3,,Clear,clear-day,"72505394728,KJFK,KLGA,74486094789,F8726,KNYC,72503014732"
New york,2025-06-28T19:00:00,79.5,79.5,69.5,71.7,0,0,,0,0,12.5,5.7,121,1014.5,47.4,9.9,82,0.3,1,,Partially cloudy,partly-cloudy-day,"72505394728,KJFK,KLGA,74486094789,F8726,KNYC,72503014732"
New york,2025-06-28T20:00:00,78.8,78.8,69.9,74.09,0,0,,0,0,9.4,8.3,170,1014.2,54.9,9.5,14,0.1,0,,Partially cloudy,partly-cloudy-day,"72505394728,KJFK,KLGA,74486094789,F8726,KNYC,72503014732"
New york,2025-06-28T21:00:00,78.1,78.1,69.9,75.89,0,0,,0,0,8.5,4.9,236,1014.5,54.9,9.9,0,0,0,,Partially cloudy,partly-cloudy-night,"72505394728,KJFK,KLGA,74486094789,F8726,KNYC,72503014732"
New york,2025-06-28T22:00:00,78.9,78.9,69.9,73.88,0,0,,0,0,10.5,4.3,232,1014.7,47.7,9.7,0,0,0,,Partially cloudy,partly-cloudy-night,"72505394728,KJFK,KLGA,74486094789,F8726,KNYC,72503014732"
New york,2025-06-28T23:00:00,80,80,70.4,72.75,0,0,,0,0,11.9,5.8,210,1014.6,54.9,9.9,0,0,0,,Partially cloudy,partly-cloudy-night,"72505394728,KJFK,KLGA,74486094789,F8726,KNYC,72503014732"
New york,2025-06-29T00:00:00,80.3,83.9,70.8,72.87,0,0,,0,0,13,3.1,245,1014.5,54.9,9.7,0,0,0,,Partially cloudy,partly-cloudy-night,"72505394728,KJFK,KLGA,74486094789,F8726,KNYC,72503014732"
New york,2025-06-29T01:00:00,80,80,70.8,73.7,0,0,,0,0,13.2,5.6,228,1014.4,54.9,9.9,0,0,0,,Partially cloudy,partly-cloudy-night,"72505394728,KJFK,KLGA,74486094789,F8726,KNYC,72503014732"
New york,2025-06-29T02:00:00,79.3,79.3,71,75.98,0,0,,0,0,12.3,6.5,244,1014.5,48.8,9.5,0,0,0,,Partially cloudy,partly-cloudy-night,"72505394728,KJFK,KLGA,74486094789,F8726,KNYC,72503014732"
New york,2025-06-29T03:00:00,78.8,78.8,71.2,77.71,0,0,,0,0,13,4.9,262,1014.2,38.3,9.9,0,0,0,,Partially cloudy,partly-cloudy-night,"72505394728,KJFK,KLGA,74486094789,F8726,KNYC,72503014732"
New york,2025-06-29T04:00:00,78.1,78.1,70.8,78.36,0,0,,0,0,12.3,4.3,269,1014,54.9,9.9,0,0,0,,Partially cloudy,partly-cloudy-night,"72505394728,KJFK,KLGA,74486094789,F8726,KNYC,72503014732"
New york,2025-06-29T05:00:00,77.5,77.5,70.4,78.96,0,0,,0,0,11,6,271,1014.4,74,9.9,0,0,0,,Partially cloudy,partly-cloudy-night,"72505394728,KJFK,KLGA,74486094789,F8726,KNYC,72503014732"
New york,2025-06-29T06:00:00,77.5,77.5,69.9,77.58,0,0,,0,0,10.3,5.2,311,1014.7,65.3,9.5,30,0.1,0,,Partially cloudy,partly-cloudy-day,"72505394728,KJFK,KLGA,74486094789,F8726,KNYC,72503014732"
New york,2025-06-29T07:00:00,77.9,77.9,69.3,74.85,0,0,,0,0,9.6,5.7,313,1015.2,47.7,9.6,165,0.6,2,,Partially cloudy,partly-cloudy-day,"72505394728,KJFK,KLGA,74486094789,F8726,KNYC,72503014732"
New york,2025-06-29T08:00:00,79,79,68.3,69.63,0,0,,0,0,9.8,6.6,298,1015.5,44.3,9.9,358,1.3,4,,Partially cloudy,partly-cloudy-day,"72505394728,KJFK,KLGA,74486094789,F8726,KNYC,72503014732"
New york,2025-06-29T09:00:00,80.4,82.8,67.1,63.85,0,0,,0,0,11.4,7.7,316,1015.8,44.3,9.9,572,2.1,6,,Partially cloudy,partly-cloudy-day,"72505394728,KJFK,KLGA,74486094789,F8726,KNYC,72503014732"
New york,2025-06-29T10:00:00,82.1,84.6,67.1,60.51,0,0,,0,0,11.9,6.7,333,1015.5,47.7,9.9,750,2.7,8,,Partially cloudy,partly-cloudy-day,"72505394728,KJFK,KLGA,74486094789,F8726,KNYC,72503014732"
New york,2025-06-29T11:00:00,84,86,65.4,53.76,0,0,,0,0,11.6,8.8,309,1015.4,40.3,9.9,892,3.2,9,,Partially cloudy,partly-cloudy-day,"72505394728,KJFK,KLGA,74486094789,F8726,KNYC,72503014732"
New york,2025-06-29T12:00:00,86.6,88.4,65.1,48.9,0,0,,0,0,17.2,7.4,302,1015,30.9,9.9,992,3.6,10,,Partially cloudy,partly-cloudy-day,"72505394728,KJFK,KLGA,74486094789,F8726,KNYC,72503014732"
New york,2025-06-29T13:00:00,87.3,88.9,64.6,47,0,0,,0,0,17.2,11,293,1014.6,38.3,9.9,637,2.3,6,,Partially cloudy,partly-cloudy-day,"72505394728,KJFK,KLGA,74486094789,F8726,KNYC,72503014732"
New york,2025-06-29T14:00:00,85.5,86.7,63.7,48.26,0,0,,0,0,14.1,9.9,287,1014.4,54.9,9.9,827,3,8,,Partially cloudy,partly-cloudy-day,"72505394728,KJFK,KLGA,74486094789,F8726,KNYC,72503014732"
New york,2025-06-29T15:00:00,88.9,89,61.2,39.66,0,0,,0,0,16.6,10.1,284,1014.1,54.9,9.9,680,2.4,7,,Partially cloudy,partly-cloudy-day,"72505394728,KJFK,KLGA,74486094789,F8726,KNYC,72503014732"
New york,2025-06-29T16:00:00,88.1,88.8,62.7,42.85,0,0,,0,0,14.3,7.7,260,1014,54.9,9.9,737,2.7,7,,Partially cloudy,partly-cloudy-day,"72505394728,KJFK,KLGA,74486094789,F8726,KNYC,72503014732"
New york,2025-06-29T17:00:00,88.6,89.8,63.7,43.72,0,0,,0,0,17.2,9.7,260,1013.4,38.3,9.9,569,2,6,,Partially cloudy,partly-cloudy-day,"72505394728,KJFK,KLGA,74486094789,F8726,KNYC,72503014732"
New york,2025-06-29T18:00:00,88.2,89.6,63.9,44.55,0,0,,0,0,10.1,7.8,235,1013.2,41.3,9.9,273,1,3,,Partially cloudy,partly-cloudy-day,"72505394728,KJFK,KLGA,74486094789,F8726,KNYC,72503014732"
New york,2025-06-29T19:00:00,87.5,86.9,59,38.2,0,0,,0,0,6.7,6.9,280,1013.6,21.1,9.9,116,0.4,1,,Partially cloudy,partly-cloudy-day,"72505394728,KJFK,KLGA,74486094789,F8726,KNYC,72503014732"
New york,2025-06-29T20:00:00,85.8,87.1,63.9,48.06,0,0,,0,0,5.4,6.2,128,1013.6,21.1,9.9,18,0.1,0,,Partially cloudy,partly-cloudy-day,"72505394728,KJFK,KLGA,74486094789,F8726,KNYC,72503014732"
New york,2025-06-29T21:00:00,82.9,83.8,62.6,50.44,0,0,,0,0,6,5.8,80,1013.9,16.8,9.3,0,0,0,,Clear,clear-night,"72505394728,KJFK,KLGA,74486094789,F8726,KNYC,72503014732"
New york,2025-06-29T22:00:00,81.9,83.4,63.9,54.49,0,0,,0,0,6.5,3.6,83,1014.3,21.1,9.9,0,0,0,,Partially cloudy,partly-cloudy-night,"72505394728,KJFK,KLGA,74486094789,F8726,KNYC,72503014732"
New york,2025-06-29T23:00:00,80.2,82.2,65.6,61.1,0,0,,0,0,7.2,2.1,52,1014.6,38.3,9.7,0,0,0,,Partially cloudy,partly-cloudy-night,"72505394728,KJFK,KLGA,74486094789,F8726,KNYC,72503014732"
New york,2025-06-30T00:00:00,79.8,79.8,65.2,61.1,0,0,,0,0,9.2,2,29,1014.8,30.9,9.7,0,0,0,,Partially cloudy,partly-cloudy-night,"72505394728,KJFK,KLGA,74486094789,F8726,KNYC,72503014732"
New york,2025-06-30T01:00:00,76.9,76.9,65.4,67.61,0,0,,0,0,11,5.1,10,1015,21.1,9.1,0,0,0,,Partially cloudy,partly-cloudy-night,"72505394728,KJFK,KLGA,74486094789,F8726,KNYC,72503014732"
New york,2025-06-30T02:00:00,76.3,76.3,66.5,71.75,0,0,,0,0,12.5,4.8,38,1015.1,21.1,9.6,0,0,0,,Partially cloudy,partly-cloudy-night,"72505394728,KJFK,KLGA,74486094789,F8726,KNYC,72503014732"
New york,2025-06-30T03:00:00,75.1,75.1,65.2,71.4,0,0,,0,0,12.1,7,46,1015.5,21.1,9.3,0,0,0,,Partially cloudy,partly-cloudy-night,"72505394728,KJFK,KLGA,74486094789,F8726,KNYC,72503014732"
New york,2025-06-30T04:00:00,73.2,73.2,63.2,71.03,0,0,,0,0,12.3,6,72,1015.5,21.1,9.9,0,0,0,,Partially cloudy,partly-cloudy-night,"72505394728,KJFK,KLGA,74486094789,F8726,KNYC,72503014732"
New york,2025-06-30T05:00:00,72,72,61.9,70.64,0,0,,0,0,11.9,4.4,47,1015.7,30.9,9.9,0,0,0,,Partially cloudy,partly-cloudy-night,"72505394728,KJFK,KLGA,74486094789,F8726,KNYC,72503014732"
New york,2025-06-30T06:00:00,72,72,61.3,69.16,0,0,,0,0,11,4.6,61,1016.1,38.3,9.9,43,0.2,0,,Partially cloudy,partly-cloudy-day,"72505394728,KJFK,KLGA,74486094789,F8726,KNYC,72503014732"
New york,2025-06-30T07:00:00,73.5,73.5,61.8,66.95,0,0,,0,0,10.3,2.3,19,1016.4,54.9,9.9,160,0.6,2,,Partially cloudy,partly-cloudy-day,"72505394728,KJFK,KLGA,74486094789,F8726,KNYC,72503014732"
New york,2025-06-30T08:00:00,74.9,74.9,62,64.12,0,0,,0,0,9.8,3.1,44,1016.5,54.9,9.9,389,1.4,4,,Partially cloudy,partly-cloudy-day,"72505394728,KJFK,KLGA,74486094789,F8726,KNYC,72503014732"
New york,2025-06-30T09:00:00,77.9,77.9,64,62.31,0,0,,0,0,8.9,6.3,71,1016.2,54.9,9.9,610,2.2,6,,Partially cloudy,partly-cloudy-day,"72505394728,KJFK,KLGA,74486094789,F8726,KNYC,72503014732"
New york,2025-06-30T10:00:00,80.8,82.5,64.5,57.76,0,0,,0,0,8.3,6.3,51,1016.3,54.9,9.9,781,2.8,8,,Partially cloudy,partly-cloudy-day,"72505394728,KJFK,KLGA,74486094789,F8726,KNYC,72503014732"
New york,2025-06-30T11:00:00,83.2,85.2,65.6,55.54,0,0,,0,0,6.7,6.7,74,1016,54.9,9.9,982,3.5,10,,Partially cloudy,partly-cloudy-day,"72505394728,KJFK,KLGA,74486094789,F8726,KNYC,72503014732"
New york,2025-06-30T12:00:00,84.8,87.1,66.2,53.78,0,0,,0,0,7.2,7,81,1015.8,54.9,9.9,654,2.4,7,,Partially cloudy,partly-cloudy-day,"72505394728,KJFK,KLGA,74486094789,F8726,KNYC,72503014732"
New york,2025-06-30T13:00:00,86.7,88.7,65.5,49.36,0,0,,0,0,8.5,6.7,93,1015.2,54.9,9.9,1073,3.9,10,,Partially cloudy,partly-cloudy-day,"72505394728,KJFK,KLGA,74486094789,F8726,KNYC,72503014732"
New york,2025-06-30T14:00:00,87.9,90.7,66.7,49.65,0,0,,0,0,9.8,6.6,69,1014.5,54.9,9.9,841,3,8,,Partially cloudy,partly-cloudy-day,"72505394728,KJFK,KLGA,74486094789,F8726,KNYC,72503014732"
New york,2025-06-30T15:00:00,87.7,90,65.8,48.49,0,0,,0,0,13,8.6,81,1013.9,47.4,9.9,836,3,8,,Partially cloudy,partly-cloudy-day,"72505394728,KJFK,KLGA,74486094789,F8726,KNYC,72503014732"
New york,2025-06-30T16:00:00,89.6,91.3,64.6,43.65,0,0,,0,0,17.7,10.3,178,1013.8,30.9,9.9,344,1.2,3,,Partially cloudy,partly-cloudy-day,"72505394728,KJFK,KLGA,74486094789,F8726,KNYC,72503014732"
New york,2025-06-30T17:00:00,84.8,88.1,68,57.29,0,0,,0,0,24.2,12.9,166,1014.2,51.5,9.9,421,1.5,4,,Partially cloudy,partly-cloudy-day,"72505394728,KJFK,KLGA,74486094789,F8726,KNYC,72503014732"
New york,2025-06-30T18:00:00,83.2,87.1,69.4,63.2,0,0,,0,0,17.9,13.1,180,1013.8,54.9,9.9,69,0.2,1,,Partially cloudy,partly-cloudy-day,"72505394728,KJFK,KLGA,74486094789,F8726,KNYC,72503014732"
New york,2025-06-30T19:00:00,82.3,86,69.8,66.01,0,0,,0,0,14.3,5,250,1012.7,51.5,9.9,40,0.1,0,,Partially cloudy,partly-cloudy-day,"72505394728,KJFK,KLGA,74486094789,F8726,KNYC,72503014732"
New york,2025-06-30T20:00:00,81.1,84.6,69.8,68.47,0,0,,0,0,13.4,6.7,213,1012.6,54.9,9.9,18,0.1,0,,Partially cloudy,partly-cloudy-day,"72505394728,KJFK,KLGA,74486094789,F8726,KNYC,72503014732"
New york,2025-06-30T21:00:00,80.4,83.2,68.7,67.71,0,0,,0,0,10.3,5.8,188,1013,54.9,9.9,0,0,0,,Partially cloudy,partly-cloudy-night,"72505394728,KJFK,KLGA,74486094789,F8726,KNYC,72503014732"
New york,2025-06-30T22:00:00,79.6,79.6,69.4,71.02,0,0,,0,0,8.3,5.5,232,1013.4,51.5,9.9,0,0,0,,Partially cloudy,partly-cloudy-night,"72505394728,KJFK,KLGA,74486094789,F8726,KNYC,72503014732"
New york,2025-06-30T23:00:00,78.3,78.3,70.8,77.93,0,0,,0,0,9.6,5.3,180,1013.2,70.6,9.7,0,0,0,,Partially cloudy,partly-cloudy-night,"72505394728,KJFK,KLGA,74486094789,F8726,KNYC,72503014732"
New york,2025-07-01T00:00:00,77.9,77.9,71.6,81.01,0,0,,0,0,8.1,3.8,104,1012.5,57,8,0,0,0,,Partially cloudy,partly-cloudy-night,"72505394728,KJFK,KLGA,74486094789,F8726,KNYC,72503014732"
New york,2025-07-01T01:00:00,77.9,77.9,71.8,81.48,0.006,100,rain,0,0,9.2,5.2,231,1012.5,79.1,8.5,0,0,0,,"Rain, Partially cloudy",rain,"72505394728,KJFK,KLGA,74486094789,F8726,KNYC,72503014732"
New york,2025-07-01T02:00:00,77.2,77.2,71.3,81.89,0.01,100,rain,0,0,10.5,4.5,114,1011.7,69.6,9.7,0,0,0,,"Rain, Partially cloudy",rain,"72505394728,KJFK,KLGA,74486094789,F8726,KNYC,72503014732"
New york,2025-07-01T03:00:00,75.8,75.8,72,87.92,0.055,100,rain,0,0,16.3,6.5,221,1012.1,98.2,7.6,0,0,0,,"Rain, Overcast",rain,"72505394728,KJFK,KLGA,74486094789,F8726,KNYC,72503014732"
New york,2025-07-01T04:00:00,75.1,75.1,71.3,88.09,0.055,100,rain,0,0,15.2,6.8,227,1011.5,98,7.2,0,0,0,,"Rain, Overcast",rain,"72505394728,KJFK,KLGA,F8726,KNYC,72503014732"
New york,2025-07-01T05:00:00,74.2,74.2,71,89.75,0.023,100,rain,0,0,18.6,5.6,206,1010.6,71.4,8.8,0,0,0,,"Rain, Partially cloudy",rain,"72505394728,KJFK,KLGA,74486094789,F8726,KNYC,72503014732"
New york,2025-07-01T06:00:00,74.6,74.6,71,88.6,0,0,,0,0,18.1,6.3,199,1011,95.8,9.5,17,0.1,0,,Overcast,cloudy,"72505394728,KJFK,KLGA,74486094789,F8726,KNYC,72503014732"
New york,2025-07-01T07:00:00,74.6,74.6,70.8,88.05,0,0,,0,0,14.1,5.9,234,1011.1,80,8,26,0.1,0,,Partially cloudy,partly-cloudy-day,"72505394728,KJFK,KLGA,74486094789,F8726,KNYC,72503014732"
New york,2025-07-01T08:00:00,75.3,75.3,71.8,88.89,0,0,,0,0,13.2,7,210,1011.4,60,9.2,191,0.7,2,,Partially cloudy,partly-cloudy-day,"72505394728,KJFK,KLGA,74486094789,F8726,KNYC,72503014732"
New york,2025-07-01T09:00:00,77.7,77.7,72.6,84.57,0,0,,0,0,15.2,6,227,1011.5,65.3,9.2,339,1.2,3,,Partially cloudy,partly-cloudy-day,"72505394728,KJFK,KLGA,74486094789,F8726,KNYC,72503014732"
New york,2025-07-01T10:00:00,80.1,84.1,72.4,77.56,0,0,,0,0,19,8.5,217,1010.9,65.3,9.5,647,2.3,6,,Partially cloudy,partly-cloudy-day,"72505394728,KJFK,KLGA,74486094789,F8726,KNYC,72503014732"
New york,2025-07-01T11:00:00,82.6,88.3,73,72.73,0,0,,0,0,20.8,9.9,213,1010.5,65.3,9.5,526,1.9,5,,Partially cloudy,partly-cloudy-day,"72505394728,KJFK,KLGA,74486094789,F8726,KNYC,72503014732"
New york,2025-07-01T12:00:00,84.1,90.9,73.5,70.47,0,0,,0,0,20.1,12.9,212,1010.4,54.9,9.9,724,2.6,7,,Partially cloudy,partly-cloudy-day,"72505394728,KJFK,KLGA,74486094789,F8726,KNYC,72503014732"
New york,2025-07-01T13:00:00,87.1,94.7,73.1,63.28,0,0,,0,0,20.4,7.5,269,1010.1,74,9.9,893,3.2,9,,Partially cloudy,partly-cloudy-day,"72505394728,KJFK,KLGA,74486094789,F8726,KNYC,72503014732"
New york,2025-07-01T14:00:00,89.1,96.7,72.5,58.24,0,0,,0,0,19.7,11.1,223,1009.4,74,9.9,916,3.3,9,,Partially cloudy,partly-cloudy-day,"72505394728,KJFK,KLGA,74486094789,F8726,KNYC,72503014732"
New york,2025-07-01T15:00:00,89.3,95.7,71.2,55.19,0,0,,0,0,20.8,9,201,1008.5,78.4,9.9,462,1.7,5,,Partially cloudy,partly-cloudy-day,"72505394728,KJFK,KLGA,74486094789,F8726,KNYC,72503014732"
New york,2025-07-01T16:00:00,86.1,92.7,72.4,63.62,0,0,,0,0,26.6,13,176,1008.2,85.5,9.2,164,0.6,2,,Partially cloudy,partly-cloudy-day,"72505394728,KJFK,KLGA,74486094789,F8726,KNYC,72503014732"
New york,2025-07-01T17:00:00,83.5,88.5,71.4,67.2,0,0,,0,0,32.2,11.3,183,1007.9,63.5,9.5,40,0.1,0,,Partially cloudy,partly-cloudy-day,"72505394728,KJFK,KLGA,74486094789,F8726,KNYC,72503014732"
New york,2025-07-01T18:00:00,79.1,79.1,72.3,79.64,0.023,100,rain,0,0,28.7,15.6,213,1008.9,88.9,8,12,0,0,,"Rain, Partially cloudy",rain,"72505394728,KJFK,KLGA,74486094789,F8726,KNYC,72503014732"
New york,2025-07-01T19:00:00,77.5,77.5,73,86.04,0.031,100,rain,0,0,32.2,11,193,1008.9,67.7,7.6,14,0.1,0,,"Rain, Partially cloudy",rain,"72505394728,KJFK,KLGA,74486094789,F8726,KNYC,72503014732"
New york,2025-07-01T20:00:00,76.2,76.2,72.6,88.9,0.072,100,rain,0,0,29.8,5.6,247,1009.8,97.4,6.6,1,0,0,,"Rain, Overcast",rain,"72505394728,KJFK,KLGA,74486094789,F8726,KNYC,72503014732"
New york,2025-07-01T21:00:00,74.4,74.4,71.2,89.75,0.058,100,rain,0,0,8.5,4.8,333,1010.1,91.6,8.7,0,0,0,,"Rain, Overcast",rain,"72505394728,KJFK,KLGA,74486094789,F8726,KNYC,72503014732"
New york,2025-07-01T22:00:00,73.2,73.2,70.3,90.85,0.023,100,rain,0,0,8.7,6.8,103,1009.7,93.1,8.5,0,0,0,,"Rain, Overcast",rain,"72505394728,KJFK,KLGA,74486094789,F8726,KNYC,72503014732"
New york,2025-07-01T23:00:00,72.5,72.5,69.9,91.56,0,0,,0,0,13.6,3.5,354,1010.1,100,7.6,0,0,0,,Overcast,cloudy,"72505394728,KJFK,KLGA,74486094789,F8726,KNYC,72503014732"
New york,2025-07-02T00:00:00,73.5,73.5,70.1,89.35,0,0,,0,0,13,1.3,318,1010.4,100,8.5,0,0,0,,Overcast,cloudy,"72505394728,KJFK,KLGA,74486094789,F8726,KNYC,72503014732"
New york,2025-07-02T01:00:00,74,74,69.9,87.07,0,0,,0,0,13,0.9,339,1010.2,100,8.5,0,0,0,,Overcast,cloudy,"72505394728,KJFK,KLGA,74486094789,F8726,KNYC,72503014732"
New york,2025-07-02T02:00:00,74.4,74.4,69.8,85.46,0,0,,0,0,17.2,0.9,339,1010.5,95.8,8.5,0,0,0,,Overcast,cloudy,"72505394728,KJFK,KLGA,74486094789,F8726,KNYC,72503014732"
New york,2025-07-02T03:00:00,73.4,73.4,69.9,88.86,0.005,100,rain,0,0,11.6,4.3,281,1010.3,93.6,8.5,0,0,0,,"Rain, Overcast",rain,"72505394728,KJFK,KLGA,74486094789,F8726,KNYC,72503014732"
New york,2025-07-02T04:00:00,74.2,74.2,70.3,87.44,0,0,,0,0,12.1,5.5,256,1010.5,80.9,7.6,0,0,0,,Partially cloudy,partly-cloudy-night,"72505394728,KJFK,KLGA,74486094789,F8726,KNYC,72503014732"
New york,2025-07-02T05:00:00,73.4,73.4,69.5,87.71,0,0,,0,0,12.3,4.3,305,1010.5,78.8,8.5,0,0,0,,Partially cloudy,partly-cloudy-night,"72505394728,KJFK,KLGA,74486094789,F8726,KNYC,72503014732"
New york,2025-07-02T06:00:00,73.1,73.1,68.5,85.72,0.005,100,rain,0,0,11.6,1.3,330,1010.8,72.2,9.2,14,0.1,0,,"Rain, Partially cloudy",rain,"72505394728,KJFK,KLGA,74486094789,F8726,KNYC,72503014732"
New york,2025-07-02T07:00:00,73.1,73.1,67.3,82.2,0.005,100,rain,0,0,10.5,3.8,287,1011,80.9,9.5,45,0.2,0,,"Rain, Partially cloudy",rain,"72505394728,KJFK,KLGA,74486094789,F8726,KNYC,72503014732"
New york,2025-07-02T08:00:00,73.8,73.8,68,82.01,0,0,,0,0,10.1,3.3,296,1011.2,95.8,9.2,120,0.4,1,,Overcast,cloudy,"72505394728,KJFK,KLGA,74486094789,F8726,KNYC,72503014732"
New york,2025-07-02T09:00:00,74.5,74.5,69.4,84.2,0.002,100,rain,0,0,11.6,3.1,265,1011.6,94.9,9.2,183,0.7,2,,"Rain, Overcast",rain,"72505394728,KJFK,KLGA,74486094789,F8726,KNYC,72503014732"
New york,2025-07-02T10:00:00,75.5,75.5,69.4,81.41,0,0,,0,0,12.5,2.4,324,1012,80.9,9.2,168,0.6,2,,Partially cloudy,partly-cloudy-day,"72505394728,KJFK,KLGA,74486094789,F8726,KNYC,72503014732"
New york,2025-07-02T11:00:00,76.2,76.2,69.9,80.95,0,0,,0,0,12.8,5.7,239,1012.2,72.2,9.5,410,1.5,4,,Partially cloudy,partly-cloudy-day,"72505394728,KJFK,KLGA,74486094789,F8726,KNYC,72503014732"
New york,2025-07-02T12:00:00,78.3,78.3,69.4,74.04,0,0,,0,0,9.8,4.2,309,1011.9,72.2,9.5,286,1,3,,Partially cloudy,partly-cloudy-day,"72505394728,KJFK,KLGA,74486094789,F8726,KNYC,72503014732"
New york,2025-07-02T13:00:00,79.1,79.1,69,71.45,0,0,,0,0,9.2,4.7,14,1011.5,65,9.5,424,1.5,4,,Partially cloudy,partly-cloudy-day,"72505394728,KJFK,KLGA,74486094789,F8726,KNYC,72503014732"
New york,2025-07-02T14:00:00,80.4,83.4,69.3,69.04,0,0,,0,0,8.9,2,309,1011.3,52.8,9.9,605,2.2,6,,Partially cloudy,partly-cloudy-day,"72505394728,KJFK,KLGA,74486094789,F8726,KNYC,72503014732"
New york,2025-07-02T15:00:00,81.9,85.4,69.3,65.75,0,0,,0,0,9.2,6.4,128,1010.5,74,9.5,711,2.6,7,,Partially cloudy,partly-cloudy-day,"72505394728,KJFK,KLGA,74486094789,F8726,KNYC,72503014732"
New york,2025-07-02T16:00:00,81.2,84.4,69,66.51,0,0,,0,0,10.3,7.9,152,1010.3,88.9,9.9,484,1.7,5,,Partially cloudy,partly-cloudy-day,"72505394728,KJFK,KLGA,74486094789,F8726,KNYC,72503014732"
New york,2025-07-02T17:00:00,81.5,85.2,69.9,67.8,0,0,,0,0,10.7,10,156,1010.1,88.9,9.9,488,1.8,5,,Partially cloudy,partly-cloudy-day,"72505394728,KJFK,KLGA,74486094789,F8726,KNYC,72503014732"
New york,2025-07-02T18:00:00,79.9,79.9,69.2,69.9,0,0,,0,0,8.3,7,118,1010.1,88.9,9.9,277,1,3,,Partially cloudy,partly-cloudy-day,"72505394728,KJFK,KLGA,74486094789,F8726,KNYC,72503014732"
New york,2025-07-02T19:00:00,78.7,78.7,68.8,71.87,0,0,,0,0,8.3,5.7,120,1010.2,74,9.9,129,0.5,1,,Partially cloudy,partly-cloudy-day,"72505394728,KJFK,KLGA,74486094789,F8726,KNYC,72503014732"
New york,2025-07-02T20:00:00,77.3,77.3,69,75.76,0,0,,0,0,10.1,5.7,121,1010,54.9,9.9,26,0.1,0,,Partially cloudy,partly-cloudy-day,"72505394728,KJFK,KLGA,74486094789,F8726,KNYC,72503014732"
New york,2025-07-02T21:00:00,75.5,75.5,68.8,79.87,0,0,,0,0,11,4.1,128,1010.1,54.9,9.9,0,0,0,,Partially cloudy,partly-cloudy-night,"72505394728,KJFK,KLGA,74486094789,F8726,KNYC,72503014732"
New york,2025-07-02T22:00:00,74.9,74.9,69,81.9,0,0,,0,0,11.2,3.8,131,1010.4,38.3,9.9,0,0,0,,Partially cloudy,partly-cloudy-night,"72505394728,KJFK,KLGA,74486094789,F8726,KNYC,72503014732"
New york,2025-07-02T23:00:00,74.9,74.9,69,81.9,0,0,,0,0,11.2,3.8,54,1010.6,28.5,9.9,0,0,0,,Partially cloudy,partly-cloudy-night,"72505394728,KJFK,KLGA,74486094789,F8726,KNYC,72503014732"
New york,2025-07-03T00:00:00,74.8,74.8,69.5,83.84,0,0,,0,0,11.6,1.1,318,1010.4,31.6,9.9,0,0,0,,Partially cloudy,partly-cloudy-night,"72505394728,KJFK,KLGA,74486094789,F8726,KNYC,72503014732"
New york,2025-07-03T01:00:00,75.7,75.7,69,79.78,0,0,,0,0,11.6,2.4,283,1010.4,16.8,9.9,0,0,0,,Clear,clear-night,"72505394728,KJFK,KLGA,74486094789,F8726,KNYC,72503014732"
New york,2025-07-03T02:00:00,77.2,77.2,68.5,74.62,0,0,,0,0,11,6,250,1010.2,16.8,9.9,0,0,0,,Clear,clear-night,"72505394728,KJFK,KLGA,74486094789,F8726,KNYC,72503014732"
New york,2025-07-03T03:00:00,76.1,76.1,66,70.8,0,0,,0,0,10.3,2.5,267,1009.9,16.8,9.7,0,0,0,,Clear,clear-night,"72505394728,KJFK,KLGA,74486094789,F8726,KNYC,72503014732"
New york,2025-07-03T04:00:00,75,75,65.2,71.62,0,0,,0,0,10.7,2.9,288,1010,16.8,9.3,0,0,0,,Clear,clear-night,"72505394728,KJFK,KLGA,74486094789,F8726,KNYC,72503014732"
New york,2025-07-03T05:00:00,74.5,74.5,64,69.67,0,0,,0,0,10.3,4.9,294,1010.4,21.1,9.9,0,0,0,,Partially cloudy,partly-cloudy-night,"72505394728,KJFK,KLGA,74486094789,F8726,KNYC,72503014732"
New york,2025-07-03T06:00:00,73.7,73.7,63.8,71.17,0,0,,0,0,10.3,4.9,302,1010.6,16.8,9.9,31,0.1,0,,Clear,clear-day,"72505394728,KJFK,KLGA,74486094789,F8726,KNYC,72503014732"
New york,2025-07-03T07:00:00,74.6,74.6,63,67.06,0,0,,0,0,9.4,4.4,306,1010.7,16.8,9.9,160,0.6,2,,Clear,clear-day,"72505394728,KJFK,KLGA,74486094789,F8726,KNYC,72503014732"
New york,2025-07-03T08:00:00,77.5,77.5,62.6,60.12,0,0,,0,0,8.5,1.4,308,1010.8,21.1,9.9,341,1.2,3,,Partially cloudy,partly-cloudy-day,"72505394728,KJFK,KLGA,74486094789,F8726,KNYC,72503014732"
New york,2025-07-03T09:00:00,81.5,82.4,62,51.7,0,0,,0,0,7.6,0,0,1010.8,25.9,9.9,534,1.9,5,,Partially cloudy,partly-cloudy-day,"72505394728,KJFK,KLGA,74486094789,F8726,KNYC,72503014732"
New york,2025-07-03T10:00:00,82.6,83,60.4,47.2,0,0,,0,0,8.5,5.1,308,1010.8,47.4,9.9,626,2.3,6,,Partially cloudy,partly-cloudy-day,"72505394728,KJFK,KLGA,74486094789,F8726,KNYC,72503014732"
New york,2025-07-03T11:00:00,84.6,84.3,59.2,42.27,0,0,,0,0,13.6,4,291,1010.8,47.4,9.9,816,2.9,8,,Partially cloudy,partly-cloudy-day,"72505394728,KJFK,KLGA,74486094789,F8726,KNYC,72503014732"
New york,2025-07-03T12:00:00,87.1,86.3,58.5,38.09,0,0,,0,0,20.8,7.5,238,1010.4,57.9,9.9,941,3.4,9,,Partially cloudy,partly-cloudy-day,"72505394728,KJFK,KLGA,74486094789,F8726,KNYC,72503014732"
New york,2025-07-03T13:00:00,88.4,87.5,58.4,36.47,0,0,,0,0,20.4,6.9,221,1009.9,57.9,9.9,516,1.9,5,,Partially cloudy,partly-cloudy-day,"72505394728,KJFK,KLGA,74486094789,F8726,KNYC,72503014732"
New york,2025-07-03T14:00:00,88.4,87.2,57.3,35.12,0,0,,0,0,21.9,8.1,243,1009.7,57.9,9.9,808,2.9,8,,Partially cloudy,partly-cloudy-day,"72505394728,KJFK,KLGA,74486094789,F8726,KNYC,72503014732"
New york,2025-07-03T15:00:00,88.4,87.2,57.6,35.46,0,0,,0,0,25.3,10.5,245,1008.9,57.9,9.9,652,2.3,7,,Partially cloudy,partly-cloudy-day,"72505394728,KJFK,KLGA,74486094789,F8726,KNYC,72503014732"
New york,2025-07-03T16:00:00,88.6,87.6,57.9,35.5,0,0,,0,0,17.7,13.2,211,1008.5,57.9,9.9,492,1.8,5,,Partially cloudy,partly-cloudy-day,"72505394728,KJFK,KLGA,74486094789,F8726,KNYC,72503014732"
New york,2025-07-03T17:00:00,88.2,87.8,59.9,38.73,0,0,,0,0,21.9,14.6,225,1008.2,47.4,9.9,513,1.8,5,,Partially cloudy,partly-cloudy-day,"72505394728,KJFK,KLGA,74486094789,F8726,KNYC,72503014732"
New york,2025-07-03T18:00:00,79.8,79.8,63.4,57.24,0.005,100,rain,0,0,31.1,9,304,1009.4,78.5,9.5,54,0.2,1,,"Rain, Partially cloudy",rain,"72505394728,KJFK,KLGA,74486094789,F8726,KNYC,72503014732"
New york,2025-07-03T19:00:00,75.2,75.2,60.8,60.87,0,0,,0,0,32.9,15.6,342,1010.8,70.6,9.9,3,0,0,,Partially cloudy,partly-cloudy-day,"72505394728,KJFK,KLGA,74486094789,F8726,KNYC,72503014732"
New york,2025-07-03T20:00:00,72.9,72.9,59.9,63.9,0,0,,0,0,36.7,2.3,15,1011.4,88.9,9.9,7,0,0,,Partially cloudy,partly-cloudy-day,"72505394728,KJFK,KLGA,74486094789,F8726,KNYC,72503014732"
New york,2025-07-03T21:00:00,73.9,73.9,60.6,63.18,0,0,,0,0,22.6,6.1,312,1012.1,85.5,9.9,0,0,0,,Partially cloudy,partly-cloudy-night,"72505394728,KJFK,KLGA,74486094789,F8726,KNYC,72503014732"
New york,2025-07-03T22:00:00,73.3,73.3,60.6,64.61,0,0,,0,0,14.5,8.5,288,1013.5,91,9.9,0,0,0,,Overcast,cloudy,"72505394728,KJFK,KLGA,74486094789,F8726,KNYC,72503014732"
New york,2025-07-03T23:00:00,72.1,72.1,60.4,66.67,0,0,,0,0,16.6,6.3,324,1014,28.5,9.9,0,0,0,,Partially cloudy,partly-cloudy-night,"72505394728,KJFK,KLGA,74486094789,F8726,KNYC,72503014732"
New york,2025-07-04T00:00:00,71.2,71.2,60.2,68.14,0,0,,0,0,16.6,3.9,346,1014.4,21.1,9.9,0,0,0,,Partially cloudy,partly-cloudy-night,"72505394728,KJFK,KLGA,74486094789,F8726,KNYC,72503014732"
New york,2025-07-04T01:00:00,71.3,71.3,59.8,67.24,0,0,,0,0,15.2,6.7,307,1014.8,16.8,9.9,0,0,0,,Clear,clear-night,"72505394728,KJFK,KLGA,74486094789,F8726,KNYC,72503014732"
New york,2025-07-04T02:00:00,70.1,70.1,59.2,68.37,0,0,,0,0,14.3,6.6,300,1014.6,16.8,9.9,0,0,0,,Clear,clear-night,"72505394728,KJFK,KLGA,74486094789,F8726,KNYC,72503014732"
New york,2025-07-04T03:00:00,69.9,69.9,58.5,67.13,0,0,,0,0,11.4,5.7,319,1014.6,16.8,9.9,0,0,0,,Clear,clear-night,"72505394728,KJFK,KLGA,74486094789,F8726,KNYC,72503014732"
New york,2025-07-04T04:00:00,69.5,69.5,56.5,63.51,0,0,,0,0,11.6,5.2,322,1014.8,16.8,9.9,0,0,0,,Clear,clear-night,"72505394728,KJFK,KLGA,74486094789,F8726,KNYC,72503014732"
New york,2025-07-04T05:00:00,69.3,69.3,56.2,63.13,0,0,,0,0,12.8,9.2,319,1015.3,16.8,9.9,0,0,0,,Clear,clear-night,"72505394728,KJFK,KLGA,74486094789,F8726,KNYC,72503014732"
New york,2025-07-04T06:00:00,68.3,68.3,55.5,63.64,0,0,,0,0,13.2,11.5,326,1016,23.8,9.9,33,0.1,0,,Partially cloudy,partly-cloudy-day,"72505394728,KJFK,KLGA,74486094789,F8726,KNYC,72503014732"
New york,2025-07-04T07:00:00,68.6,68.6,55.5,62.85,0,0,,0,0,14.3,11.4,310,1016.6,16.8,9.9,156,0.6,2,,Clear,clear-day,"72505394728,KJFK,KLGA,74486094789,F8726,KNYC,72503014732"
New york,2025-07-04T08:00:00,70,70,56.2,61.54,0,0,,0,0,16.1,8.1,306,1017.2,16.8,9.9,348,1.3,3,,Clear,clear-day,"72505394728,KJFK,KLGA,74486094789,F8726,KNYC,72503014732"
New york,2025-07-04T09:00:00,72.4,72.4,56.6,57.66,0,0,,0,0,16.6,7.4,329,1017.7,0,9.9,555,2,6,,Clear,clear-day,"72505394728,KJFK,KLGA,74486094789,F8726,KNYC,72503014732"
New york,2025-07-04T10:00:00,75,75,57.2,53.81,0,0,,0,0,15.4,6.8,358,1017.9,0,9.9,747,2.7,7,,Clear,clear-day,"72505394728,KJFK,KLGA,74486094789,F8726,KNYC,72503014732"
New york,2025-07-04T11:00:00,77.8,77.8,54.3,44.29,0,0,,0,0,17.2,8.6,356,1018,16.8,9.9,897,3.2,9,,Clear,clear-day,"72505394728,KJFK,KLGA,74486094789,F8726,KNYC,72503014732"
New york,2025-07-04T12:00:00,79.7,79.7,52.4,38.89,0,0,,0,0,18,9.4,339,1017.9,26.5,9.9,958,3.4,10,,Partially cloudy,partly-cloudy-day,"72505394728,KJFK,KLGA,74486094789,F8726,KNYC,72503014732"
New york,2025-07-04T13:00:00,80.3,79.9,52.1,37.65,0,0,,0,0,19.7,5.6,322,1017.8,16.8,9.9,989,3.6,10,,Clear,clear-day,"72505394728,KJFK,KLGA,74486094789,F8726,KNYC,72503014732"
New york,2025-07-04T14:00:00,81.5,80.6,51.7,35.59,0,0,,0,0,14.3,9.9,334,1017.5,16.8,9.9,945,3.4,9,,Clear,clear-day,"72505394728,KJFK,KLGA,74486094789,F8726,KNYC,72503014732"
New york,2025-07-04T15:00:00,82.2,81,51.4,34.47,0,0,,0,0,18.3,7.7,309,1017.6,16.8,9.9,842,3,8,,Clear,clear-day,"72505394728,KJFK,KLGA,74486094789,F8726,KNYC,72503014732"
New york,2025-07-04T16:00:00,82.8,81.3,50.3,32.37,0,0,,0,0,20.8,5.3,337,1017.6,16.8,9.9,678,2.4,7,,Clear,clear-day,"72505394728,KJFK,KLGA,74486094789,F8726,KNYC,72503014732"
New york,2025-07-04T17:00:00,83.6,81.6,48.4,29.41,0,0,,0,0,19.7,6.9,307,1017.7,16.8,9.9,479,1.7,5,,Clear,clear-day,"72505394728,KJFK,KLGA,74486094789,F8726,KNYC,72503014732"
New york,2025-07-04T18:00:00,81.7,80.7,51.8,35.57,0,0,,0,0,27.7,7.3,210,1017.6,16.8,9.9,270,1,3,,Clear,clear-day,"72505394728,KJFK,KLGA,74486094789,F8726,KNYC,72503014732"
New york,2025-07-04T19:00:00,81.3,80.4,51,34.9,0,0,,0,0,20.8,9.6,275,1018,16.8,9.9,103,0.4,1,,Clear,clear-day,"72505394728,KJFK,KLGA,74486094789,F8726,KNYC,72503014732"
New york,2025-07-04T20:00:00,79.3,79.3,51.3,37.81,0,0,,0,0,8.9,8.6,272,1018.8,16.8,9.9,17,0.1,0,,Clear,clear-day,"72505394728,KJFK,KLGA,74486094789,F8726,KNYC,72503014732"
New york,2025-07-04T21:00:00,78.5,78.5,51.4,38.83,0,0,,0,0,7.6,5.4,282,1019.1,16.8,9.9,0,0,0,,Clear,clear-night,"72505394728,KJFK,KLGA,74486094789,F8726,KNYC,72503014732"
New york,2025-07-04T22:00:00,76.5,76.5,51.9,42.33,0,0,,0,0,8.3,3.6,19,1019.4,16.8,9.9,0,0,0,,Clear,clear-night,"72505394728,KJFK,KLGA,74486094789,F8726,KNYC,72503014732"
New york,2025-07-04T23:00:00,75.9,75.9,52.7,44.39,0,0,,0,0,9.2,4.1,10,1019.7,16.8,9.9,0,0,0,,Clear,clear-night,"72505394728,KJFK,KLGA,74486094789,F8726,KNYC,72503014732"
New york,2025-07-05T00:00:00,74.9,74.9,53.3,46.91,0,0,,0,0,9.8,3.4,343,1019.7,16.8,9.5,0,0,0,,Clear,clear-night,"72505394728,KJFK,KLGA,74486094789,F8726,KNYC,72503014732"
New york,2025-07-05T01:00:00,73.9,73.9,53.6,49.14,0,0,,0,0,9.6,5.1,342,1019.9,16.8,9.9,0,0,0,,Clear,clear-night,"72505394728,KJFK,KLGA,74486094789,F8726,KNYC,72503014732"
New york,2025-07-05T02:00:00,72.1,72.1,54.2,53.28,0,0,,0,0,9.4,1.1,360,1020.2,16.8,9.9,0,0,0,,Clear,clear-night,"72505394728,KJFK,KLGA,74486094789,F8726,KNYC,72503014732"
New york,2025-07-05T03:00:00,70.5,70.5,54.5,57,0,0,,0,0,11.4,3.8,13,1020.2,16.8,9.9,0,0,0,,Clear,clear-night,"72505394728,KJFK,KLGA,74486094789,F8726,KNYC,72503014732"
New york,2025-07-05T04:00:00,69.9,69.9,56,61.46,0,0,,0,0,11.2,4.4,20,1020.5,16.8,9.9,0,0,0,,Clear,clear-night,"72505394728,KJFK,KLGA,74486094789,F8726,KNYC,72503014732"
New york,2025-07-05T05:00:00,69.3,69.3,55.9,62.34,0,0,,0,0,10.7,0.9,6,1020.9,30.9,9.5,0,0,0,,Partially cloudy,partly-cloudy-night,"72505394728,KJFK,KLGA,74486094789,F8726,KNYC,72503014732"
New york,2025-07-05T06:00:00,69.3,69.3,54.8,59.87,0,0,,0,0,10.5,3.8,24,1021.1,54.9,9.9,31,0.1,0,,Partially cloudy,partly-cloudy-day,"72505394728,KJFK,KLGA,74486094789,F8726,KNYC,72503014732"
New york,2025-07-05T07:00:00,70.2,70.2,55.7,60.23,0,0,,0,0,9.8,1.3,6,1021.6,54.9,9.9,127,0.5,1,,Partially cloudy,partly-cloudy-day,"72505394728,KJFK,KLGA,74486094789,F8726,KNYC,72503014732"
New york,2025-07-05T08:00:00,71.3,71.3,54.2,54.83,0,0,,0,0,8.3,4,40,1021.5,54.9,9.9,299,1.1,3,,Partially cloudy,partly-cloudy-day,"72505394728,KJFK,KLGA,74486094789,F8726,KNYC,72503014732"
New york,2025-07-05T09:00:00,74.8,74.8,54.7,49.53,0,0,,0,0,6.5,4.2,40,1021.8,54.9,9.9,419,1.5,4,,Partially cloudy,partly-cloudy-day,"72505394728,KJFK,KLGA,74486094789,F8726,KNYC,72503014732"
New york,2025-07-05T10:00:00,76.6,76.6,53.3,44.39,0,0,,0,0,6.3,2.6,58,1021.7,54.9,9.9,708,2.5,7,,Partially cloudy,partly-cloudy-day,"72505394728,KJFK,KLGA,74486094789,F8726,KNYC,72503014732"
New york,2025-07-05T11:00:00,79.1,79.1,53.8,41.63,0,0,,0,0,8.1,3.3,27,1021.8,54.9,9.9,554,2,6,,Partially cloudy,partly-cloudy-day,"72505394728,KJFK,KLGA,74486094789,F8726,KNYC,72503014732"
New york,2025-07-05T12:00:00,81.3,80.7,53.5,38.28,0,0,,0,0,10.1,5.6,86,1021.5,54.9,9.9,896,3.2,9,,Partially cloudy,partly-cloudy-day,"72505394728,KJFK,KLGA,74486094789,F8726,KNYC,72503014732"
New york,2025-07-05T13:00:00,83.2,81.9,52.7,34.88,0,0,,0,0,11,3.8,286,1021.3,54.9,9.9,947,3.4,9,,Partially cloudy,partly-cloudy-day,"72505394728,KJFK,KLGA,74486094789,F8726,KNYC,72503014732"
New york,2025-07-05T14:00:00,84,82.6,54,35.73,0,0,,0,0,11.2,6.7,214,1020.8,44.3,9.9,784,2.8,8,,Partially cloudy,partly-cloudy-day,"72505394728,KJFK,KLGA,74486094789,F8726,KNYC,72503014732"
New york,2025-07-05T15:00:00,85.1,83.4,53.2,33.51,0,0,,0,0,11.2,11.1,225,1020.1,47.7,9.9,796,2.9,8,,Partially cloudy,partly-cloudy-day,"72505394728,KJFK,KLGA,74486094789,F8726,KNYC,72503014732"
New york,2025-07-05T16:00:00,85,83.7,55.2,36.27,0,0,,0,0,17.2,8,187,1019.9,47.7,9.9,668,2.4,7,,Partially cloudy,partly-cloudy-day,"72505394728,KJFK,KLGA,74486094789,F8726,KNYC,72503014732"
New york,2025-07-05T17:00:00,83.4,83.1,58.3,42.62,0,0,,0,0,25.3,12.4,162,1019.6,47.4,9.7,479,1.7,5,,Partially cloudy,partly-cloudy-day,"72505394728,KJFK,KLGA,74486094789,F8726,KNYC,72503014732"
New york,2025-07-05T18:00:00,82.1,82.1,58.4,44.63,0,0,,0,0,11.4,11.1,179,1019.5,30.9,9.9,276,1,3,,Partially cloudy,partly-cloudy-day,"72505394728,KJFK,KLGA,74486094789,F8726,KNYC,72503014732"
New york,2025-07-05T19:00:00,81.1,81.3,58.1,45.42,0,0,,0,0,11.2,13.2,183,1019,30.9,9.9,106,0.4,1,,Partially cloudy,partly-cloudy-day,"72505394728,KJFK,KLGA,74486094789,F8726,KNYC,72503014732"
New york,2025-07-05T20:00:00,79.5,79.5,59.1,49.71,0,0,,0,0,10.7,11.3,183,1018.8,30.9,9.9,20,0.1,0,,Partially cloudy,partly-cloudy-day,"72505394728,KJFK,KLGA,74486094789,F8726,KNYC,72503014732"
New york,2025-07-05T21:00:00,78.9,78.9,59.2,51,0,0,,0,0,19.7,8.5,227,1018.6,30.9,9.9,0,0,0,,Partially cloudy,partly-cloudy-night,"72505394728,KJFK,KLGA,74486094789,F8726,KNYC,72503014732"
New york,2025-07-05T22:00:00,77.9,77.9,62,58.07,0,0,,0,0,13.9,9,190,1019,30.9,9.9,0,0,0,,Partially cloudy,partly-cloudy-night,"72505394728,KJFK,KLGA,74486094789,F8726,KNYC,72503014732"
New york,2025-07-05T23:00:00,77.5,77.5,62,59.03,0,0,,0,0,15.2,8.3,191,1019,30.9,9.9,0,0,0,,Partially cloudy,partly-cloudy-night,"72505394728,KJFK,KLGA,74486094789,F8726,KNYC,72503014732"
New york,2025-07-06T00:00:00,76.5,76.5,61.7,60.33,0,0,,0,0,16.3,8.8,210,1018.8,30.9,9.9,0,0,0,,Partially cloudy,partly-cloudy-night,"72505394728,KJFK,KLGA,74486094789,F8726,KNYC,72503014732"
New york,2025-07-06T01:00:00,76.1,76.1,60.5,58.52,0,0,,0,0,16.3,9,220,1018.7,30.9,9.9,0,0,0,,Partially cloudy,partly-cloudy-night,"72505394728,KJFK,KLGA,74486094789,F8726,KNYC,72503014732"
New york,2025-07-06T02:00:00,74.6,74.6,59.7,59.75,0,0,,0,0,15.9,8.6,213,1018.6,30.9,9.9,0,0,0,,Partially cloudy,partly-cloudy-night,"72505394728,KJFK,KLGA,74486094789,F8726,KNYC,72503014732"
New york,2025-07-06T03:00:00,73.9,73.9,58.7,59.06,0,0,,0,0,15.4,6.6,257,1018.3,30.9,9.9,0,0,0,,Partially cloudy,partly-cloudy-night,"72505394728,KJFK,KLGA,74486094789,F8726,KNYC,72503014732"
New york,2025-07-06T04:00:00,73.7,73.7,59.3,60.84,0,0,,0,0,15.4,10.3,216,1018.4,30.9,9.9,0,0,0,,Partially cloudy,partly-cloudy-night,"72505394728,KJFK,KLGA,74486094789,F8726,KNYC,72503014732"
New york,2025-07-06T05:00:00,72.8,72.8,60.3,64.71,0,0,,0,0,15.2,8.6,216,1018.7,38.3,9.9,0,0,0,,Partially cloudy,partly-cloudy-night,"72505394728,KJFK,KLGA,74486094789,F8726,KNYC,72503014732"
New york,2025-07-06T06:00:00,73.3,73.3,60.9,65.27,0,0,,0,0,14.5,8.1,223,1018.8,54.9,9.5,26,0.1,0,,Partially cloudy,partly-cloudy-day,"72505394728,KJFK,KLGA,74486094789,F8726,KNYC,72503014732"
New york,2025-07-06T07:00:00,73.7,73.7,61.8,66.46,0,0,,0,0,13.4,6.5,219,1018.7,54.9,9.5,161,0.6,2,,Partially cloudy,partly-cloudy-day,"72505394728,KJFK,KLGA,74486094789,F8726,KNYC,72503014732"
New york,2025-07-06T08:00:00,75,75,62.6,65.32,0,0,,0,0,12.8,6.9,216,1018.8,54.9,9.5,306,1.1,3,,Partially cloudy,partly-cloudy-day,"72505394728,KJFK,KLGA,74486094789,F8726,KNYC,72503014732"
New york,2025-07-06T09:00:00,77.4,77.4,62.2,59.46,0,0,,0,0,13.4,9,237,1018.9,54.9,9.5,575,2.1,6,,Partially cloudy,partly-cloudy-day,"72505394728,KJFK,KLGA,74486094789,F8726,KNYC,72503014732"
New york,2025-07-06T10:00:00,80.2,81.3,61.7,53.22,0,0,,0,0,14.5,9.6,227,1018.6,54.9,9.9,723,2.6,7,,Partially cloudy,partly-cloudy-day,"72505394728,KJFK,KLGA,74486094789,F8726,KNYC,72503014732"
New york,2025-07-06T11:00:00,82.7,83.6,62.5,50.63,0,0,,0,0,18.3,10.7,210,1018.5,47.7,9.9,870,3.1,9,,Partially cloudy,partly-cloudy-day,"72505394728,KJFK,KLGA,74486094789,F8726,KNYC,72503014732"
New york,2025-07-06T12:00:00,84.6,85.4,62.4,47.33,0,0,,0,0,17.4,8.1,231,1018,54.9,9.9,965,3.5,10,,Partially cloudy,partly-cloudy-day,"72505394728,KJFK,KLGA,74486094789,F8726,KNYC,72503014732"
New york,2025-07-06T13:00:00,86,86.8,62.7,45.8,0,0,,0,0,23,11.8,183,1017.8,54.9,9.9,999,3.6,10,,Partially cloudy,partly-cloudy-day,"72505394728,KJFK,KLGA,74486094789,F8726,KNYC,72503014732"
New york,2025-07-06T14:00:00,86.9,87.2,61.7,42.94,0,0,,0,0,24.6,11.4,186,1017.3,54.9,9.9,947,3.4,9,,Partially cloudy,partly-cloudy-day,"72505394728,KJFK,KLGA,74486094789,F8726,KNYC,72503014732"
New york,2025-07-06T15:00:00,86.5,86.7,61.4,43.05,0,0,,0,0,26.4,11.9,166,1016.5,54.9,9.9,849,3.1,8,,Partially cloudy,partly-cloudy-day,"72505394728,KJFK,KLGA,74486094789,F8726,KNYC,72503014732"
New york,2025-07-06T16:00:00,86.1,86.5,61.8,44.21,0,0,,0,0,27.7,10.8,176,1016.3,54.9,9.9,704,2.5,7,,Partially cloudy,partly-cloudy-day,"72505394728,KJFK,KLGA,74486094789,F8726,KNYC,72503014732"
New york,2025-07-06T17:00:00,85.9,86.6,62.6,45.76,0,0,,0,0,23.7,10.5,166,1015.8,54.9,9.9,491,1.8,5,,Partially cloudy,partly-cloudy-day,"72505394728,KJFK,KLGA,74486094789,F8726,KNYC,72503014732"
New york,2025-07-06T18:00:00,84.8,85.4,62.1,46.63,0,0,,0,0,27.7,9.4,38,1015.3,47.4,9.9,273,1,3,,Partially cloudy,partly-cloudy-day,"72505394728,KJFK,KLGA,74486094789,F8726,KNYC,72503014732"
New york,2025-07-06T19:00:00,84.4,85.2,62.6,48.16,0,0,,0,0,29.8,16.4,169,1015.2,47.4,9.9,100,0.4,1,,Partially cloudy,partly-cloudy-day,"72505394728,KJFK,KLGA,74486094789,F8726,KNYC,72503014732"
New york,2025-07-06T20:00:00,82.1,84.1,65.6,57.48,0,0,,0,0,27.7,12,183,1015.3,30.9,9.9,19,0.1,0,,Partially cloudy,partly-cloudy-day,"72505394728,KJFK,KLGA,74486094789,F8726,KNYC,72503014732"
New york,2025-07-06T21:00:00,79.8,79.8,66.7,64.3,0,0,,0,0,16.6,15.2,183,1015.6,30.9,9.9,0,0,0,,Partially cloudy,partly-cloudy-night,"72505394728,KJFK,KLGA,74486094789,F8726,KNYC,72503014732"
New york,2025-07-06T22:00:00,79.3,79.3,68.5,69.64,0,0,,0,0,17.2,12,194,1016.2,21.1,9.9,0,0,0,,Partially cloudy,partly-cloudy-night,"72505394728,KJFK,KLGA,74486094789,F8726,KNYC,72503014732"
New york,2025-07-06T23:00:00,78.9,78.9,69.4,72.83,0,0,,0,0,17,13.6,186,1016.2,16.8,9.9,0,0,0,,Clear,clear-night,"72505394728,KJFK,KLGA,74486094789,F8726,KNYC,72503014732"
New york,2025-07-07T00:00:00,78.5,78.5,69.6,74.09,0,0,,0,0,26.4,9.9,213,1016.3,21.1,9.9,0,0,0,,Partially cloudy,partly-cloudy-night,"72505394728,KJFK,KLGA,74486094789,F8726,KNYC,72503014732"
New york,2025-07-07T01:00:00,77.9,77.9,70.1,76.89,0,0,,0,0,13.4,9,204,1016.4,21.1,9.9,0,0,0,,Partially cloudy,partly-cloudy-night,"72505394728,KJFK,KLGA,74486094789,F8726,KNYC,72503014732"
New york,2025-07-07T02:00:00,77.5,77.5,70.1,78.04,0,0,,0,0,12.8,9.1,190,1016.2,30.9,9.9,0,0,0,,Partially cloudy,partly-cloudy-night,"72505394728,KJFK,KLGA,74486094789,F8726,KNYC,72503014732"
New york,2025-07-07T03:00:00,76.6,76.6,70.4,81.32,0,0,,0,0,13.2,10.2,183,1015.8,57.4,9.9,0,0,0,,Partially cloudy,partly-cloudy-night,"72505394728,KJFK,KLGA,74486094789,F8726,KNYC,72503014732"
New york,2025-07-07T04:00:00,76.6,76.6,70.8,82.38,0,0,,0,0,12.8,8.3,190,1015.6,79.5,9.9,0,0,0,,Partially cloudy,partly-cloudy-night,"72505394728,KJFK,KLGA,74486094789,F8726,KNYC,72503014732"
New york,2025-07-07T05:00:00,76.6,76.6,70.8,82.38,0,0,,0,0,11.9,9.2,197,1015.6,95.2,8.6,0,0,0,,Overcast,cloudy,"72505394728,KJFK,KLGA,74486094789,F8726,KNYC,72503014732"
New york,2025-07-07T06:00:00,76.2,76.2,70.8,83.61,0,0,,0,0,11,8.3,197,1015.7,91,9.9,23,0.1,0,,Overcast,cloudy,"72505394728,KJFK,KLGA,74486094789,F8726,KNYC,72503014732"
New york,2025-07-07T07:00:00,77.3,77.3,71.2,81.6,0,0,,0,0,10.1,5.1,207,1015.9,100,9.9,56,0.2,1,,Overcast,cloudy,"72505394728,KJFK,KLGA,74486094789,F8726,KNYC,72503014732"
New york,2025-07-07T08:00:00,78.1,78.1,71.8,81.03,0,0,,0,0,13.4,7.4,204,1015.9,97.9,9.6,139,0.5,1,,Overcast,cloudy,"72505394728,KJFK,KLGA,74486094789,F8726,KNYC,72503014732"
New york,2025-07-07T09:00:00,79.1,79.1,72.2,79.33,0.002,100,rain,0,0,13.9,6.5,194,1016,95.8,9.3,171,0.6,2,,"Rain, Overcast",rain,"72505394728,KJFK,KLGA,74486094789,F8726,KNYC,72503014732"
New york,2025-07-07T10:00:00,79.3,79.3,73.2,81.63,0,0,,0,0,14.1,7.2,173,1015.7,97.9,8.5,706,2.5,7,,Overcast,cloudy,"72505394728,KJFK,KLGA,74486094789,F8726,KNYC,72503014732"
New york,2025-07-07T11:00:00,82.9,88.5,72.8,71.67,0,0,,0,0,14.5,5.9,44,1015.5,93.1,9.7,553,2,6,,Overcast,cloudy,"72505394728,KJFK,KLGA,74486094789,F8726,KNYC,72503014732"
New york,2025-07-07T12:00:00,83.9,91,74,72.23,0,0,,0,0,15.7,10.1,161,1015.4,88.9,9.9,261,0.9,3,,Partially cloudy,partly-cloudy-day,"72505394728,KJFK,KLGA,74486094789,F8726,KNYC,72503014732"
New york,2025-07-07T13:00:00,84.8,92,73.6,69.27,0,0,,0,0,16.3,14.6,173,1014.9,65.3,9.9,344,1.2,3,,Partially cloudy,partly-cloudy-day,"72505394728,KJFK,KLGA,74486094789,F8726,KNYC,72503014732"
New york,2025-07-07T14:00:00,86,93.2,73.2,65.65,0,0,,0,0,24.2,15.7,170,1014.5,65.3,9.9,681,2.5,7,,Partially cloudy,partly-cloudy-day,"72505394728,KJFK,KLGA,74486094789,F8726,KNYC,72503014732"
New york,2025-07-07T15:00:00,84.3,91.3,73.6,70.41,0,0,,0,0,25.4,11.7,180,1014,57.9,9.9,541,1.9,5,,Partially cloudy,partly-cloudy-day,"72505394728,KJFK,KLGA,74486094789,F8726,KNYC,72503014732"
New york,2025-07-07T16:00:00,83.5,89.3,72.6,69.9,0,0,,0,0,25.6,15.8,159,1013.4,70.6,9.9,452,1.6,5,,Partially cloudy,partly-cloudy-day,"72505394728,KJFK,KLGA,74486094789,F8726,KNYC,72503014732"
New york,2025-07-07T17:00:00,81.5,86,71.8,72.59,0,0,,0,0,28.2,11.7,173,1013.3,51.5,9.9,209,0.8,2,,Partially cloudy,partly-cloudy-day,"72505394728,KJFK,KLGA,74486094789,F8726,KNYC,72503014732"
New york,2025-07-07T18:00:00,81.5,86.2,72.2,73.49,0,0,,0,0,26.1,10.8,170,1013,53.1,9.9,125,0.5,1,,Partially cloudy,partly-cloudy-day,"72505394728,KJFK,KLGA,74486094789,F8726,KNYC,72503014732"
New york,2025-07-07T19:00:00,80.6,84.8,72.2,75.62,0,0,,0,0,22.3,9.2,163,1013.2,44.3,9.9,69,0.2,1,,Partially cloudy,partly-cloudy-day,"72505394728,KJFK,KLGA,74486094789,F8726,KNYC,72503014732"
New york,2025-07-07T20:00:00,78.9,78.9,72.5,80.9,0,0,,0,0,9.4,8.3,165,1013.8,54.9,9.9,8,0,0,,Partially cloudy,partly-cloudy-day,"72505394728,KJFK,KLGA,74486094789,F8726,KNYC,72503014732"
New york,2025-07-07T21:00:00,79.3,79.3,72.5,79.77,0,0,,0,0,8.3,7.8,158,1013.8,67.5,9.9,0,0,0,,Partially cloudy,partly-cloudy-night,"72505394728,KJFK,KLGA,74486094789,F8726,KNYC,72503014732"
New york,2025-07-07T22:00:00,78.8,78.8,72.5,81.28,0,0,,0,0,4.9,7.6,150,1014.1,95.8,9.5,0,0,0,,Overcast,cloudy,"72505394728,KJFK,KLGA,74486094789,F8726,KNYC,72503014732"
New york,2025-07-07T23:00:00,77.9,77.9,73,84.93,0,0,,0,0,5.4,4.8,306,1014.2,95.8,9.2,0,0,0,,Overcast,cloudy,"72505394728,KJFK,KLGA,74486094789,F8726,KNYC,72503014732"
New york,2025-07-08T00:00:00,77.9,77.9,73,84.75,0,0,,0,0,5.1,3.1,133,1013.8,95.8,9.5,0,0,0,,Overcast,cloudy,"72505394728,KJFK,KLGA,74486094789,F8726,KNYC,72503014732"
New york,2025-07-08T01:00:00,77.5,77.5,72.5,84.73,0,0,,0,0,6,2.9,234,1013.2,57,9.1,0,0,0,,Partially cloudy,partly-cloudy-night,"72505394728,KJFK,KLGA,74486094789,F8726,KNYC,72503014732"
New york,2025-07-08T02:00:00,77.3,77.3,72.5,85.36,0,0,,0,0,7.4,1.9,278,1013.4,49.8,8.2,0,0,0,,Partially cloudy,partly-cloudy-night,"72505394728,KJFK,KLGA,74486094789,F8726,KNYC,72503014732"
New york,2025-07-08T03:00:00,77.4,77.4,72.8,85.75,0,0,,0,0,7.4,0.5,337,1013.2,55.2,8.7,0,0,0,,Partially cloudy,partly-cloudy-night,"72505394728,KJFK,KLGA,F8726,KNYC,72503014732"
New york,2025-07-08T04:00:00,77.7,77.7,73,85.56,0,0,,0,0,8.1,4.3,234,1013.4,63.5,9.6,0,0,0,,Partially cloudy,partly-cloudy-night,"72505394728,KJFK,KLGA,74486094789,F8726,KNYC,72503014732"
New york,2025-07-08T05:00:00,77.7,77.7,73,85.37,0,0,,0,0,9.2,2.5,345,1013.3,35,9.1,0,0,0,,Partially cloudy,partly-cloudy-night,"72505394728,KJFK,KLGA,74486094789,F8726,KNYC,72503014732"
New york,2025-07-08T06:00:00,77.3,77.3,73,86.65,0,0,,0,0,9.8,2.6,285,1013.9,29.2,8.9,31,0.1,0,,Partially cloudy,partly-cloudy-day,"72505394728,KJFK,KLGA,74486094789,F8726,KNYC,72503014732"
New york,2025-07-08T07:00:00,78.8,78.8,73.6,84.38,0,0,,0,0,10.5,5.3,260,1014.4,30.9,9.3,140,0.5,1,,Partially cloudy,partly-cloudy-day,"72505394728,KJFK,KLGA,74486094789,F8726,KNYC,72503014732"
New york,2025-07-08T08:00:00,81.1,86.2,73.4,77.39,0,0,,0,0,11.4,5,265,1014.7,30.9,9.9,344,1.2,3,,Partially cloudy,partly-cloudy-day,"72505394728,KJFK,KLGA,74486094789,F8726,KNYC,72503014732"
New york,2025-07-08T09:00:00,83.6,88.7,71.4,66.69,0,0,,0,0,11.4,4.8,281,1014.8,26.5,9.9,544,2,5,,Partially cloudy,partly-cloudy-day,"72505394728,KJFK,KLGA,74486094789,F8726,KNYC,72503014732"
New york,2025-07-08T10:00:00,85.9,91.7,71.4,61.95,0,0,,0,0,10.7,5,263,1015.2,30.9,9.9,719,2.6,7,,Partially cloudy,partly-cloudy-day,"72505394728,KJFK,KLGA,74486094789,F8726,KNYC,72503014732"
New york,2025-07-08T11:00:00,88.9,94.9,70.8,55.32,0,0,,0,0,15.7,6.5,247,1015.3,30.9,9.9,859,3.1,9,,Partially cloudy,partly-cloudy-day,"72505394728,KJFK,KLGA,74486094789,F8726,KNYC,72503014732"
New york,2025-07-08T12:00:00,91.3,97.3,70.3,50.43,0,0,,0,0,21.3,12.8,238,1015,30.9,9.9,919,3.3,9,,Partially cloudy,partly-cloudy-day,"72505394728,KJFK,KLGA,74486094789,F8726,KNYC,72503014732"
New york,2025-07-08T13:00:00,92.8,97.4,68.3,44.87,0,0,,0,0,21.9,6.6,210,1014.6,20,9.9,733,2.6,7,,Clear,clear-day,"72505394728,KJFK,KLGA,74486094789,F8726,KNYC,72503014732"
New york,2025-07-08T14:00:00,93.1,98.7,69.3,46.02,0,0,,0,0,21.5,7.8,255,1014.1,50,9.9,944,3.4,9,,Partially cloudy,partly-cloudy-day,"72505394728,KJFK,KLGA,74486094789,F8726,KNYC,72503014732"
New york,2025-07-08T15:00:00,93.6,99.1,69.2,45.28,0,0,,0,0,25.3,7.9,263,1014,66.6,9.9,804,2.9,8,,Partially cloudy,partly-cloudy-day,"72505394728,KJFK,KLGA,74486094789,F8726,KNYC,72503014732"
New york,2025-07-08T16:00:00,91.6,95.8,68,46.09,0,0,,0,0,15.9,8.8,290,1013.6,85.7,9.9,678,2.4,7,,Partially cloudy,partly-cloudy-day,"72505394728,KJFK,KLGA,74486094789,F8726,KNYC,72503014732"
New york,2025-07-08T17:00:00,92.4,97.2,68.6,46,0,0,,0,0,16.6,6.9,200,1013.6,57.9,9.9,137,0.5,1,,Partially cloudy,partly-cloudy-day,"72505394728,KJFK,KLGA,74486094789,F8726,KNYC,72503014732"
New york,2025-07-08T18:00:00,89.9,94.4,68.8,50.1,0,0,,0,0,19.7,7.6,326,1013.5,65.3,9.9,88,0.3,1,,Partially cloudy,partly-cloudy-day,"72505394728,KJFK,KLGA,74486094789,F8726,KNYC,72503014732"
New york,2025-07-08T19:00:00,87.8,92.7,69.6,54.98,0,0,,0,0,19,8.3,18,1013.6,51.5,9.9,7,0,0,,Partially cloudy,partly-cloudy-day,"72505394728,KJFK,KLGA,74486094789,F8726,KNYC,72503014732"
New york,2025-07-08T20:00:00,86.3,91.6,70.7,59.73,0,0,,0,0,42.5,9.6,48,1014.1,90.3,9.9,1,0,0,,Overcast,cloudy,"72505394728,KJFK,KLGA,74486094789,F8726,KNYC,72503014732"
New york,2025-07-08T21:00:00,75.6,75.6,70.3,83.47,0.129,100,rain,0,0,40,8.7,233,1015.1,63.5,9.7,0,0,0,,"Rain, Partially cloudy",rain,"72505394728,KJFK,KLGA,74486094789,F8726,KNYC,72503014732"
New york,2025-07-08T22:00:00,76.1,76.1,70.7,83.15,0.003,100,rain,0,0,15,6.3,209,1015.5,54.9,9.9,0,0,0,,"Rain, Partially cloudy",rain,"72505394728,KJFK,KLGA,74486094789,F8726,KNYC,72503014732"
New york,2025-07-08T23:00:00,76.7,76.7,70.7,81.6,0,0,,0,0,11.9,6.2,227,1015.4,56.3,9.9,0,0,0,,Partially cloudy,partly-cloudy-night,"72505394728,KJFK,KLGA,74486094789,F8726,KNYC,72503014732"
New york,2025-07-09T00:00:00,77.1,77.1,70.3,79.53,0,0,,0,0,11,6.5,212,1015,54.9,9.9,0,0,0,,Partially cloudy,partly-cloudy-night,"72505394728,KJFK,KLGA,74486094789,F8726,KNYC,72503014732"
New york,2025-07-09T01:00:00,76.7,76.7,69.8,79.17,0,0,,0,0,11.4,9.1,241,1015.2,54.9,9.9,0,0,0,,Partially cloudy,partly-cloudy-night,"72505394728,KJFK,KLGA,74486094789,F8726,KNYC,72503014732"
New york,2025-07-09T02:00:00,76,76,69.4,80.16,0,0,,0,0,10.7,9.1,226,1015.1,54.9,9.9,0,0,0,,Partially cloudy,partly-cloudy-night,"72505394728,KJFK,KLGA,74486094789,F8726,KNYC,72503014732"
New york,2025-07-09T03:00:00,74.8,74.8,69.8,84.48,0,0,,0,0,12.5,7.8,226,1015,65.3,9.9,0,0,0,,Partially cloudy,partly-cloudy-night,"72505394728,KJFK,KLGA,74486094789,F8726,KNYC,72503014732"
New york,2025-07-09T04:00:00,75.1,75.1,70.3,84.85,0,0,,0,0,12.1,8.8,256,1014.9,97.9,9.9,0,0,0,,Overcast,cloudy,"72505394728,KJFK,KLGA,74486094789,F8726,KNYC,72503014732"
New york,2025-07-09T05:00:00,74.8,74.8,70,85.3,0,0,,0,0,11.6,7.3,287,1014.9,93.1,9.9,0,0,0,,Overcast,cloudy,"72505394728,KJFK,KLGA,74486094789,F8726,KNYC,72503014732"
New york,2025-07-09T06:00:00,74.8,74.8,70,85.3,0,0,,0,0,10.7,4.4,297,1015.3,93.1,9.9,26,0.1,0,,Overcast,cloudy,"72505394728,KJFK,KLGA,74486094789,F8726,KNYC,72503014732"
New york,2025-07-09T07:00:00,75.1,75.1,70.3,84.96,0,0,,0,0,12.5,7.2,298,1015.9,93.1,8.9,42,0.2,0,,Overcast,cloudy,"72505394728,KJFK,KLGA,74486094789,F8726,KNYC,72503014732"
New york,2025-07-09T08:00:00,76.9,76.9,70.7,81,0,0,,0,0,14.3,2.8,318,1016.1,93.1,9.9,298,1.1,3,,Overcast,cloudy,"72505394728,KJFK,KLGA,74486094789,F8726,KNYC,72503014732"
New york,2025-07-09T09:00:00,79.5,79.5,69.9,72.56,0,0,,0,0,13.4,5.1,292,1016,54.9,9.9,506,1.8,5,,Partially cloudy,partly-cloudy-day,"72505394728,KJFK,KLGA,74486094789,F8726,KNYC,72503014732"
New york,2025-07-09T10:00:00,81.5,85.4,70.4,69.19,0,0,,0,0,11.9,3.5,309,1016.1,65.3,9.9,774,2.8,8,,Partially cloudy,partly-cloudy-day,"72505394728,KJFK,KLGA,74486094789,F8726,KNYC,72503014732"
New york,2025-07-09T11:00:00,84,88.4,70.1,63.06,0,0,,0,0,10.7,3,306,1015.9,65.3,9.9,833,3,8,,Partially cloudy,partly-cloudy-day,"72505394728,KJFK,KLGA,74486094789,F8726,KNYC,72503014732"
New york,2025-07-09T12:00:00,85.5,89.8,69.4,58.81,0,0,,0,0,9.8,4.3,325,1015.8,81.5,9.9,894,3.2,9,,Partially cloudy,partly-cloudy-day,"72505394728,KJFK,KLGA,74486094789,F8726,KNYC,72503014732"
New york,2025-07-09T13:00:00,86.7,91,69.3,56.42,0,0,,0,0,10.3,7.2,83,1015.6,54.9,9.9,1033,3.7,10,,Partially cloudy,partly-cloudy-day,"72505394728,KJFK,KLGA,74486094789,F8726,KNYC,72503014732"
New york,2025-07-09T14:00:00,87.7,91.9,68.9,53.84,0,0,,0,0,10.3,6.1,190,1015.2,47.4,9.9,957,3.4,10,,Partially cloudy,partly-cloudy-day,"72505394728,KJFK,KLGA,74486094789,F8726,KNYC,72503014732"
New york,2025-07-09T15:00:00,88.9,92.3,67.5,49.39,0,0,,0,0,10.1,9,107,1014.5,47.4,9.9,826,3,8,,Partially cloudy,partly-cloudy-day,"72505394728,KJFK,KLGA,74486094789,F8726,KNYC,72503014732"
New york,2025-07-09T16:00:00,89.4,92,66.2,46.55,0,0,,0,0,9.8,10.3,214,1014,40.3,9.9,673,2.4,7,,Partially cloudy,partly-cloudy-day,"72505394728,KJFK,KLGA,74486094789,F8726,KNYC,72503014732"
New york,2025-07-09T17:00:00,88.6,91.2,66.1,47.48,0,0,,0,0,23,11.2,186,1013.3,40.3,9.9,476,1.7,5,,Partially cloudy,partly-cloudy-day,"72505394728,KJFK,KLGA,74486094789,F8726,KNYC,72503014732"
New york,2025-07-09T18:00:00,87.6,91.2,68,52.4,0,0,,0,0,21.9,12.4,162,1013,44.3,9.9,224,0.8,2,,Partially cloudy,partly-cloudy-day,"72505394728,KJFK,KLGA,74486094789,F8726,KNYC,72503014732"
New york,2025-07-09T19:00:00,84.8,87.7,67.3,55.94,0,0,,0,0,26.4,14.1,179,1013.4,54.8,9.9,66,0.2,1,,Partially cloudy,partly-cloudy-day,"72505394728,KJFK,KLGA,74486094789,F8726,KNYC,72503014732"
New york,2025-07-09T20:00:00,85.3,88.2,67.2,54.74,0,0,,0,0,9.4,8.7,190,1013.6,54.9,9.9,6,0,0,,Partially cloudy,partly-cloudy-day,"72505394728,KJFK,KLGA,74486094789,F8726,KNYC,72503014732"
New york,2025-07-09T21:00:00,83.9,87.1,68.2,59.32,0,0,,0,0,8.7,6.4,190,1013.8,79.1,9.9,0,0,0,,Partially cloudy,partly-cloudy-night,"72505394728,KJFK,KLGA,74486094789,F8726,KNYC,72503014732"
New york,2025-07-09T22:00:00,81,84.4,69.8,68.95,0,0,,0,0,9.8,2,309,1014.2,79.1,9.9,0,0,0,,Partially cloudy,partly-cloudy-night,"72505394728,KJFK,KLGA,74486094789,F8726,KNYC,72503014732"
New york,2025-07-09T23:00:00,80.4,83.1,68.2,66.48,0.005,100,rain,0,0,9.8,5.5,280,1014.4,66.7,9.9,0,0,0,,"Rain, Partially cloudy",rain,"72505394728,KJFK,KLGA,74486094789,F8726,KNYC,72503014732"
New york,2025-07-10T00:00:00,76.8,76.8,68.9,76.67,0.011,100,rain,0,0,9.2,6.1,294,1014.6,95.8,9.2,0,0,0,,"Rain, Overcast",rain,"72505394728,KJFK,KLGA,74486094789,F8726,KNYC,72503014732"
New york,2025-07-10T01:00:00,75.9,75.9,70,82.23,0.03,100,rain,0,0,9.2,2.5,261,1014.3,95.8,8.4,0,0,0,,"Rain, Overcast",rain,"72505394728,KJFK,KLGA,74486094789,F8726,KNYC,72503014732"
New york,2025-07-10T02:00:00,75.5,75.5,67.3,75.81,0.012,100,rain,0,0,10.5,2.7,302,1014.1,100,9.2,0,0,0,,"Rain, Overcast",rain,"72505394728,KJFK,KLGA,74486094789,F8726,KNYC,72503014732"
New york,2025-07-10T03:00:00,73.1,73.1,67.6,82.9,0.082,100,rain,0,0,22.8,5.7,3,1013.6,100,8,0,0,0,,"Rain, Overcast",rain,"72505394728,KJFK,KLGA,74486094789,F8726,KNYC,72503014732"
New york,2025-07-10T04:00:00,72.5,72.5,67.3,83.81,0.002,100,rain,0,0,21,2.6,325,1013.3,95.8,8,0,0,0,,"Rain, Overcast",rain,"72505394728,KJFK,KLGA,74486094789,F8726,KNYC,72503014732"
New york,2025-07-10T05:00:00,71.8,71.8,66.7,83.9,0.019,100,rain,0,0,16.3,4.3,334,1013.2,88.9,9.9,0,0,0,,"Rain, Partially cloudy",rain,"72505394728,KJFK,KLGA,74486094789,F8726,KNYC,72503014732"
New york,2025-07-10T06:00:00,71.8,71.8,67.1,85.02,0,0,,0,0,8.7,0.6,27,1013.5,67.5,8.5,4,0,0,,Partially cloudy,partly-cloudy-day,"72505394728,KJFK,KLGA,74486094789,F8726,KNYC,72503014732"
New york,2025-07-10T07:00:00,72.5,72.5,67.5,84.32,0,0,,0,0,6,1.1,312,1014,100,8.8,34,0.1,0,,Overcast,cloudy,"72505394728,KJFK,KLGA,74486094789,F8726,KNYC,72503014732"
New york,2025-07-10T08:00:00,73.2,73.2,68.2,84.11,0,0,,0,0,5.4,0,0,1014.2,94,8,50,0.2,1,,Overcast,cloudy,"72505394728,KJFK,KLGA,74486094789,F8726,KNYC,72503014732"
New york,2025-07-10T09:00:00,73.4,73.4,68.3,84.18,0,0,,0,0,5.8,1.4,17,1014.9,98.2,8.8,130,0.5,1,,Overcast,cloudy,"72505394728,KJFK,KLGA,74486094789,F8726,KNYC,72503014732"
New york,2025-07-10T10:00:00,74,74,68,81.37,0,0,,0,0,7.2,3.6,49,1015,94,9.2,142,0.5,1,,Overcast,cloudy,"72505394728,KJFK,KLGA,74486094789,F8726,KNYC,72503014732"
New york,2025-07-10T11:00:00,76.1,76.1,67.2,74.07,0,0,,0,0,7.6,4.7,53,1015.2,72.2,9.5,161,0.6,2,,Partially cloudy,partly-cloudy-day,"72505394728,KJFK,KLGA,74486094789,F8726,KNYC,72503014732"
New york,2025-07-10T12:00:00,78.2,78.2,67.1,68.73,0,0,,0,0,7.2,5.7,39,1015.1,70.1,9.9,371,1.3,4,,Partially cloudy,partly-cloudy-day,"72505394728,KJFK,KLGA,74486094789,F8726,KNYC,72503014732"
New york,2025-07-10T13:00:00,79.6,79.6,66.5,64.3,0,0,,0,0,6.9,6.3,81,1014.7,88.9,9.9,390,1.4,4,,Partially cloudy,partly-cloudy-day,"72505394728,KJFK,KLGA,74486094789,F8726,KNYC,72503014732"
New york,2025-07-10T14:00:00,81.4,83.7,66.5,60.72,0,0,,0,0,6.5,5.2,63,1014.9,54.9,9.9,561,2,6,,Partially cloudy,partly-cloudy-day,"72505394728,KJFK,KLGA,74486094789,F8726,KNYC,72503014732"
New york,2025-07-10T15:00:00,81.9,84.2,66.5,59.72,0,0,,0,0,6.9,7.7,80,1014.3,65.3,9.9,326,1.2,3,,Partially cloudy,partly-cloudy-day,"72505394728,KJFK,KLGA,74486094789,F8726,KNYC,72503014732"
New york,2025-07-10T16:00:00,80.2,83.1,69,68.8,0,0,,0,0,10.3,4.3,277,1014.3,63.3,9.9,404,1.5,4,,Partially cloudy,partly-cloudy-day,"72505394728,KJFK,KLGA,74486094789,F8726,KNYC,72503014732"
New york,2025-07-10T17:00:00,80.1,82.7,68.1,66.86,0,0,,0,0,12.1,4.1,102,1013.9,57,9.9,317,1.1,3,,Partially cloudy,partly-cloudy-day,"72505394728,KJFK,KLGA,74486094789,F8726,KNYC,72503014732"
New york,2025-07-10T18:00:00,80.6,83.4,68.5,66.82,0,0,,0,0,11.9,7,176,1013.8,57,9.9,313,1.1,3,,Partially cloudy,partly-cloudy-day,"72505394728,KJFK,KLGA,74486094789,F8726,KNYC,72503014732"
New york,2025-07-10T19:00:00,79,79,67.7,68.42,0,0,,0,0,11,6.3,169,1013.9,54.9,9.9,127,0.5,1,,Partially cloudy,partly-cloudy-day,"72505394728,KJFK,KLGA,74486094789,F8726,KNYC,72503014732"
New york,2025-07-10T20:00:00,77.3,77.3,67.7,72.39,0,0,,0,0,9.8,3.6,231,1014.6,65.3,9.9,14,0.1,0,,Partially cloudy,partly-cloudy-day,"72505394728,KJFK,KLGA,74486094789,F8726,KNYC,72503014732"
New york,2025-07-10T21:00:00,76.1,76.1,67.5,74.67,0,0,,0,0,10.3,5.6,153,1014.4,54.9,9.9,0,0,0,,Partially cloudy,partly-cloudy-night,"72505394728,KJFK,KLGA,74486094789,F8726,KNYC,72503014732"
New york,2025-07-10T22:00:00,75.6,75.6,66.9,74.38,0,0,,0,0,11,3.1,114,1014.6,54.9,9.9,0,0,0,,Partially cloudy,partly-cloudy-night,"72505394728,KJFK,KLGA,74486094789,F8726,KNYC,72503014732"
New york,2025-07-10T23:00:00,75.1,75.1,67.3,76.62,0,0,,0,0,11.4,2.6,94,1015.4,59.6,9.9,0,0,0,,Partially cloudy,partly-cloudy-night,"72505394728,KJFK,KLGA,74486094789,F8726,KNYC,72503014732"
New york,2025-07-11T00:00:00,74.8,74.8,67.6,78.44,0,0,,0,0,11,3.6,49,1015.4,57,9.9,0,0,0,,Partially cloudy,partly-cloudy-night,"72505394728,KJFK,KLGA,74486094789,F8726,KNYC,72503014732"
New york,2025-07-11T01:00:00,74.4,74.4,68.1,80.68,0,0,,0,0,9.6,3.2,96,1015.9,88.9,9.9,0,0,0,,Partially cloudy,partly-cloudy-night,"72505394728,KJFK,KLGA,74486094789,F8726,KNYC,72503014732"
New york,2025-07-11T02:00:00,73.9,73.9,68.6,83.6,0,0,,0,0,8.9,6.3,120,1015.6,93.1,9.7,0,0,0,,Overcast,cloudy,"72505394728,KJFK,KLGA,74486094789,F8726,KNYC,72503014732"
New york,2025-07-11T03:00:00,73.9,73.9,68.3,82.68,0,0,,0,0,11.2,3.1,84,1015.5,93.1,9.9,0,0,0,,Overcast,cloudy,"72505394728,KJFK,KLGA,74486094789,F8726,KNYC,72503014732"
New york,2025-07-11T04:00:00,73.7,73.7,67.9,82.31,0,0,,0,0,11.2,3.3,87,1015.3,64.5,9.3,0,0,0,,Partially cloudy,partly-cloudy-night,"72505394728,KJFK,KLGA,F8726,KNYC,72503014732"
New york,2025-07-11T05:00:00,73.9,73.9,67.8,81.27,0,0,,0,0,9.8,3.3,58,1015.4,88.8,9.3,0,0,0,,Partially cloudy,partly-cloudy-night,"72505394728,KJFK,KLGA,F8726,KNYC,72503014732"
New york,2025-07-11T06:00:00,72.8,72.8,68.1,85.29,0,0,,0,0,8.7,6,49,1015.6,73.2,8.8,23,0.1,0,,Partially cloudy,partly-cloudy-day,"72505394728,KJFK,KLGA,74486094789,F8726,KNYC,72503014732"
New york,2025-07-11T07:00:00,73.6,73.6,69.2,86.01,0,0,,0,0,8.7,3.8,35,1016,88.9,8.9,123,0.4,1,,Partially cloudy,partly-cloudy-day,"72505394728,KJFK,KLGA,74486094789,F8726,KNYC,72503014732"
New york,2025-07-11T08:00:00,75.4,75.4,68.1,77.94,0,0,,0,0,9.4,7,64,1016.4,93.1,9.5,173,0.6,2,,Overcast,cloudy,"72505394728,KJFK,KLGA,74486094789,F8726,KNYC,72503014732"
New york,2025-07-11T09:00:00,75.8,75.8,67.7,75.94,0,0,,0,0,9.6,6.1,83,1016.8,88.9,9.2,209,0.8,2,,Partially cloudy,partly-cloudy-day,"72505394728,KJFK,KLGA,74486094789,F8726,KNYC,72503014732"
New york,2025-07-11T10:00:00,77.9,77.9,67.7,70.8,0,0,,0,0,9.6,6.6,53,1016.8,93.1,9.2,351,1.3,4,,Overcast,cloudy,"72505394728,KJFK,KLGA,74486094789,F8726,KNYC,72503014732"
New york,2025-07-11T11:00:00,80.2,82.7,67.4,65.08,0,0,,0,0,10.1,5.5,66,1016.6,57.4,9.2,863,3.1,9,,Partially cloudy,partly-cloudy-day,"72505394728,KJFK,KLGA,74486094789,F8726,KNYC,72503014732"
New york,2025-07-11T12:00:00,81.3,84.1,68.1,64.29,0,0,,0,0,11.2,5.5,58,1016.7,76.5,9.5,534,1.9,5,,Partially cloudy,partly-cloudy-day,"72505394728,KJFK,KLGA,74486094789,F8726,KNYC,72503014732"
New york,2025-07-11T13:00:00,82.5,86,69.2,64.33,0,0,,0,0,13.2,5.4,110,1016.7,76.5,9.2,1014,3.7,10,,Partially cloudy,partly-cloudy-day,"72505394728,KJFK,KLGA,74486094789,F8726,KNYC,72503014732"
New york,2025-07-11T14:00:00,83.6,87.5,69.5,62.75,0,0,,0,0,19.7,8.8,156,1016.8,74,9.9,971,3.5,10,,Partially cloudy,partly-cloudy-day,"72505394728,KJFK,KLGA,74486094789,F8726,KNYC,72503014732"
New york,2025-07-11T15:00:00,81.3,84.2,68.3,64.87,0,0,,0,0,20.8,9.8,167,1016.9,74,9.9,832,3,8,,Partially cloudy,partly-cloudy-day,"72505394728,KJFK,KLGA,74486094789,F8726,KNYC,72503014732"
New york,2025-07-11T16:00:00,81.1,84,68.3,65.22,0,0,,0,0,17.7,10.7,157,1016.8,54.9,9.9,644,2.3,6,,Partially cloudy,partly-cloudy-day,"72505394728,KJFK,KLGA,74486094789,F8726,KNYC,72503014732"
New york,2025-07-11T17:00:00,81.5,84.4,68.3,64.27,0,0,,0,0,18.1,7.2,171,1016.3,47.4,9.9,444,1.6,4,,Partially cloudy,partly-cloudy-day,"72505394728,KJFK,KLGA,74486094789,F8726,KNYC,72503014732"
New york,2025-07-11T18:00:00,79.9,79.9,68.3,67.75,0,0,,0,0,18.3,8.1,171,1016.2,54.9,9.9,258,0.9,3,,Partially cloudy,partly-cloudy-day,"72505394728,KJFK,KLGA,74486094789,F8726,KNYC,72503014732"
New york,2025-07-11T19:00:00,77.9,77.9,68.3,72.33,0,0,,0,0,13.9,11.3,168,1016.6,47.4,9.9,97,0.3,1,,Partially cloudy,partly-cloudy-day,"72505394728,KJFK,KLGA,74486094789,F8726,KNYC,72503014732"
New york,2025-07-11T20:00:00,77,77,68.3,74.48,0,0,,0,0,10.7,7.4,168,1016.6,65.3,9.9,13,0,0,,Partially cloudy,partly-cloudy-day,"72505394728,KJFK,KLGA,74486094789,F8726,KNYC,72503014732"
New york,2025-07-11T21:00:00,76,76,68.3,77.03,0,0,,0,0,10.1,5.5,117,1016.9,65.3,9.9,0,0,0,,Partially cloudy,partly-cloudy-night,"72505394728,KJFK,KLGA,74486094789,F8726,KNYC,72503014732"
New york,2025-07-11T22:00:00,76,76,68.8,78.34,0,0,,0,0,10.7,4.6,119,1017.7,54.9,9.9,0,0,0,,Partially cloudy,partly-cloudy-night,"72505394728,KJFK,KLGA,74486094789,F8726,KNYC,72503014732"
New york,2025-07-11T23:00:00,75.1,75.1,68.3,79.2,0,0,,0,0,11,5.5,121,1017.6,65.3,9.9,0,0,0,,Partially cloudy,partly-cloudy-night,"72505394728,KJFK,KLGA,74486094789,F8726,KNYC,72503014732"
New york,2025-07-12T00:00:00,75.5,75.5,68.3,78.3,0,0,,0,0,10.5,4.3,108,1017.6,88.9,9.9,0,0,0,,Partially cloudy,partly-cloudy-night,"72505394728,KJFK,KLGA,74486094789,F8726,KNYC,72503014732"
New york,2025-07-12T01:00:00,75.7,75.7,67.4,75.59,0,0,,0,0,9.4,5.4,154,1018.1,93.1,9.9,0,0,0,,Overcast,cloudy,"72505394728,KJFK,KLGA,74486094789,F8726,KNYC,72503014732"
New york,2025-07-12T02:00:00,75.1,75.1,66.9,75.51,0,0,,0,0,8.3,3.6,297,1018.2,65.3,9.9,0,0,0,,Partially cloudy,partly-cloudy-night,"72505394728,KJFK,KLGA,74486094789,F8726,KNYC,72503014732"
New york,2025-07-12T03:00:00,75.3,75.3,66.9,75.18,0,0,,0,0,7.6,2.6,107,1018,76.5,9.9,0,0,0,,Partially cloudy,partly-cloudy-night,"72505394728,KJFK,KLGA,74486094789,F8726,KNYC,72503014732"
New york,2025-07-12T04:00:00,74.4,74.4,67.6,79.45,0,0,,0,0,6.7,3.4,109,1018,39,9.9,0,0,0,,Partially cloudy,partly-cloudy-night,"72505394728,KJFK,KLGA,74486094789,F8726,KNYC,72503014732"
New york,2025-07-12T05:00:00,74.6,74.6,67.9,79.69,0,0,,0,0,6,4.3,86,1018,59.4,9.9,0,0,0,,Partially cloudy,partly-cloudy-night,"72505394728,KJFK,KLGA,74486094789,F8726,KNYC,72503014732"
New york,2025-07-12T06:00:00,74.2,74.2,68.5,82.51,0,0,,0,0,6.3,3.6,86,1018.1,59.4,9.9,28,0.1,0,,Partially cloudy,partly-cloudy-day,"72505394728,KJFK,KLGA,74486094789,F8726,KNYC,72503014732"
New york,2025-07-12T07:00:00,74.9,74.9,69.4,83.01,0,0,,0,0,6.7,5.6,77,1018.6,85.7,9.6,80,0.3,1,,Partially cloudy,partly-cloudy-day,"72505394728,KJFK,KLGA,74486094789,F8726,KNYC,72503014732"
New york,2025-07-12T08:00:00,76.1,76.1,68.7,78.03,0,0,,0,0,7.6,3.9,44,1018.6,93.1,9.9,182,0.7,2,,Overcast,cloudy,"72505394728,KJFK,KLGA,74486094789,F8726,KNYC,72503014732"
New york,2025-07-12T09:00:00,78.1,78.1,69.5,75.05,0,0,,0,0,8.7,5.4,34,1018.7,93.1,9.9,254,0.9,3,,Overcast,cloudy,"72505394728,KJFK,KLGA,74486094789,F8726,KNYC,72503014732"
New york,2025-07-12T10:00:00,79.3,79.3,68.7,69.99,0,0,,0,0,8.9,5.5,17,1018.7,93.1,9.9,354,1.3,4,,Overcast,cloudy,"72505394728,KJFK,KLGA,74486094789,F8726,KNYC,72503014732"
New york,2025-07-12T11:00:00,80.7,83.6,68.3,66,0,0,,0,0,9.4,5,56,1018.6,88.9,9.9,925,3.3,9,,Partially cloudy,partly-cloudy-day,"72505394728,KJFK,KLGA,74486094789,F8726,KNYC,72503014732"
New york,2025-07-12T12:00:00,82.2,85.3,68.2,62.5,0,0,,0,0,10.3,6.1,58,1018.7,88.9,9.9,847,3,8,,Partially cloudy,partly-cloudy-day,"72505394728,KJFK,KLGA,74486094789,F8726,KNYC,72503014732"
New york,2025-07-12T13:00:00,82.3,85.6,68.7,63.58,0,0,,0,0,11.9,6.6,112,1018.4,85.7,9.9,1041,3.7,10,,Partially cloudy,partly-cloudy-day,"72505394728,KJFK,KLGA,74486094789,F8726,KNYC,72503014732"
New york,2025-07-12T14:00:00,82.7,86.2,69,63.44,0,0,,0,0,19.4,10.6,153,1018.3,88.9,9.9,583,2.1,6,,Partially cloudy,partly-cloudy-day,"72505394728,KJFK,KLGA,74486094789,F8726,KNYC,72503014732"
New york,2025-07-12T15:00:00,82.1,85.3,68.6,63.77,0,0,,0,0,20.8,11.8,139,1018.7,81.8,9.9,733,2.6,7,,Partially cloudy,partly-cloudy-day,"72505394728,KJFK,KLGA,F8726,KNYC,72503014732"
New york,2025-07-12T16:00:00,81.1,83.9,68,64.43,0,0,,0,0,19.7,10,138,1018.3,80.9,9.9,710,2.6,7,,Partially cloudy,partly-cloudy-day,"72505394728,KJFK,KLGA,F8726,KNYC,72503014732"
New york,2025-07-12T17:00:00,80.2,82.7,67.5,65.31,0,0,,0,0,19.9,12.8,130,1018,74,9.9,475,1.7,5,,Partially cloudy,partly-cloudy-day,"72505394728,KJFK,KLGA,74486094789,F8726,KNYC,72503014732"
New york,2025-07-12T18:00:00,79.5,79.5,67.5,66.87,0,0,,0,0,18.3,6.9,145,1017.7,74,9.9,274,1,3,,Partially cloudy,partly-cloudy-day,"72505394728,KJFK,KLGA,74486094789,F8726,KNYC,72503014732"
New york,2025-07-12T19:00:00,78.3,78.3,67.3,69.09,0,0,,0,0,17.2,6.3,130,1017.9,57,9.9,86,0.3,1,,Partially cloudy,partly-cloudy-day,"72505394728,KJFK,KLGA,74486094789,F8726,KNYC,72503014732"
New york,2025-07-12T20:00:00,76.8,76.8,66.9,71.44,0,0,,0,0,15,6.3,114,1018.3,74,9.9,12,0,0,,Partially cloudy,partly-cloudy-day,"72505394728,KJFK,KLGA,74486094789,F8726,KNYC,72503014732"
New york,2025-07-12T21:00:00,75.8,75.8,66.9,73.91,0,0,,0,0,13.2,7,116,1018.4,74,9.9,0,0,0,,Partially cloudy,partly-cloudy-night,"72505394728,KJFK,KLGA,74486094789,F8726,KNYC,72503014732"
New york,2025-07-12T22:00:00,74.9,74.9,66.9,76.1,0,0,,0,0,11.6,5.5,101,1018.7,95.2,9.9,0,0,0,,Overcast,cloudy,"72505394728,KJFK,KLGA,74486094789,F8726,KNYC,72503014732"
New york,2025-07-12T23:00:00,74,74,66.9,78.43,0,0,,0,0,10.7,4.3,99,1018.8,93.1,9.9,0,0,0,,Overcast,cloudy,"72505394728,KJFK,KLGA,74486094789,F8726,KNYC,72503014732"
New york,2025-07-13T00:00:00,74,74,66.9,78.43,0,0,,0,0,9.6,7.4,134,1018.9,93.1,9.9,0,0,0,,Overcast,cloudy,"72505394728,KJFK,KLGA,74486094789,F8726,KNYC,72503014732"
New york,2025-07-13T01:00:00,73.5,73.5,66.9,79.91,0,0,,0,0,8.3,5.3,131,1019,93.1,9.9,0,0,0,,Overcast,cloudy,"72505394728,KJFK,KLGA,74486094789,F8726,KNYC,72503014732"
New york,2025-07-13T02:00:00,73.1,73.1,66.9,80.84,0,0,,0,0,8.1,5.2,107,1018.7,97.9,9.9,0,0,0,,Overcast,cloudy,"72505394728,KJFK,KLGA,74486094789,F8726,KNYC,72503014732"
New york,2025-07-13T03:00:00,73.1,73.1,66.9,80.84,0,0,,0,0,10.1,5,102,1018.5,97.9,9.5,0,0,0,,Overcast,cloudy,"72505394728,KJFK,KLGA,74486094789,F8726,KNYC,72503014732"
New york,2025-07-13T04:00:00,72.2,72.2,66.9,83.44,0,0,,0,0,10.1,3.6,66,1018.1,97.9,8.5,0,0,0,,Overcast,cloudy,"72505394728,KJFK,KLGA,74486094789,F8726,KNYC,72503014732"
New york,2025-07-13T05:00:00,71.8,71.8,67.3,85.84,0,0,,0,0,9.6,5.9,62,1018.6,97.9,8.4,0,0,0,,Overcast,cloudy,"72505394728,KJFK,KLGA,74486094789,F8726,KNYC,72503014732"
New york,2025-07-13T06:00:00,71.4,71.4,67.5,87.61,0,0,,0,0,8.9,5.6,58,1018.7,95.2,8.9,17,0.1,0,,Overcast,cloudy,"72505394728,KJFK,KLGA,74486094789,F8726,KNYC,72503014732"
New york,2025-07-13T07:00:00,71.2,71.2,67.3,87.56,0,0,,0,0,7.8,5.3,64,1019.3,100,5.4,79,0.3,1,,Overcast,cloudy,"72505394728,KJFK,KLGA,F8726,KNYC,72503014732"
New york,2025-07-13T08:00:00,72.6,72.6,67.6,84.34,0.003,100,rain,0,0,6.9,7.5,71,1019.7,95.2,5,88,0.3,1,,"Rain, Overcast",rain,"72505394728,KJFK,KLGA,74486094789,F8726,KNYC,72503014732"
New york,2025-07-13T09:00:00,73.3,73.3,67.8,82.9,0,0,,0,0,6.9,4.3,30,1019.9,100,9.1,223,0.8,2,,Overcast,cloudy,"72505394728,KJFK,KLGA,74486094789,F8726,KNYC,72503014732"
New york,2025-07-13T10:00:00,76.1,76.1,67.6,75.23,0,0,,0,0,8.3,6.1,65,1019.6,93.1,9.9,331,1.2,3,,Overcast,cloudy,"72505394728,KJFK,KLGA,74486094789,F8726,KNYC,72503014732"
New york,2025-07-13T11:00:00,77.5,77.5,67.9,72.33,0,0,,0,0,10.1,7.2,63,1019.4,97.9,9.9,423,1.5,4,,Overcast,cloudy,"72505394728,KJFK,KLGA,74486094789,F8726,KNYC,72503014732"
New york,2025-07-13T12:00:00,80.6,83.6,68.8,67.2,0,0,,0,0,21.9,7.4,63,1019.2,93.1,9.9,402,1.4,4,,Overcast,cloudy,"72505394728,KJFK,KLGA,74486094789,F8726,KNYC,72503014732"
New york,2025-07-13T13:00:00,80.1,82.8,68.5,67.95,0,0,,0,0,11.6,8.2,84,1019.1,93.1,9.9,692,2.5,7,,Overcast,cloudy,"72505394728,KJFK,KLGA,74486094789,F8726,KNYC,72503014732"
New york,2025-07-13T14:00:00,79.3,79.3,68.7,70.18,0,0,,0,0,12.3,6.1,61,1018.7,93.1,9.9,949,3.4,9,,Overcast,cloudy,"72505394728,KJFK,KLGA,74486094789,F8726,KNYC,72503014732"
New york,2025-07-13T15:00:00,80.9,84.1,69.2,67.55,0,0,,0,0,11.2,7.5,146,1018.3,88.9,9.9,613,2.2,6,,Partially cloudy,partly-cloudy-day,"72505394728,KJFK,KLGA,74486094789,F8726,KNYC,72503014732"
New york,2025-07-13T16:00:00,82.1,85.4,69,64.77,0,0,,0,0,15.2,6.6,173,1017.7,74,9.9,686,2.5,7,,Partially cloudy,partly-cloudy-day,"72505394728,KJFK,KLGA,74486094789,F8726,KNYC,72503014732"
New york,2025-07-13T17:00:00,81.7,84.7,68.3,63.87,0,0,,0,0,16.6,8.2,160,1017.4,88.9,9.9,457,1.6,5,,Partially cloudy,partly-cloudy-day,"72505394728,KJFK,KLGA,74486094789,F8726,KNYC,72503014732"
New york,2025-07-13T18:00:00,80.8,83.7,68.7,66.83,0,0,,0,0,17,8.6,171,1016.9,38.3,9.9,280,1,3,,Partially cloudy,partly-cloudy-day,"72505394728,KJFK,KLGA,74486094789,F8726,KNYC,72503014732"
New york,2025-07-13T19:00:00,80.4,83.2,68.7,67.67,0,0,,0,0,21.9,7.9,139,1016.8,38.3,9.9,106,0.4,1,,Partially cloudy,partly-cloudy-day,"72505394728,KJFK,KLGA,74486094789,F8726,KNYC,72503014732"
New york,2025-07-13T20:00:00,78.9,78.9,69.4,72.74,0,0,,0,0,16.3,10.7,130,1017.4,48.8,9.9,14,0.1,0,,Partially cloudy,partly-cloudy-day,"72505394728,KJFK,KLGA,74486094789,F8726,KNYC,72503014732"
New york,2025-07-13T21:00:00,77.9,77.9,69.4,75.27,0,0,,0,0,14.5,7.7,144,1018,76.5,9.9,0,0,0,,Partially cloudy,partly-cloudy-night,"72505394728,KJFK,KLGA,74486094789,F8726,KNYC,72503014732"
New york,2025-07-13T22:00:00,77,77,70.3,79.64,0,0,,0,0,13.9,9.9,140,1018.4,88.9,9.9,0,0,0,,Partially cloudy,partly-cloudy-night,"72505394728,KJFK,KLGA,74486094789,F8726,KNYC,72503014732"
New york,2025-07-13T23:00:00,77,77,70.4,80.26,0,0,,0,0,13,9,136,1018.6,93.1,9.9,0,0,0,,Overcast,cloudy,"72505394728,KJFK,KLGA,74486094789,F8726,KNYC,72503014732"
New york,2025-07-14T00:00:00,77,77,70.8,81.16,0,0,,0,0,12.5,8.2,160,1018.4,93.1,9.9,0,0,0,,Overcast,cloudy,"72505394728,KJFK,KLGA,74486094789,F8726,KNYC,72503014732"
New york,2025-07-14T01:00:00,76.5,76.5,71.2,83.6,0,0,,0,0,11.2,10.3,157,1018.1,100,9.9,0,0,0,,Overcast,cloudy,"72505394728,KJFK,KLGA,74486094789,F8726,KNYC,72503014732"
New york,2025-07-14T02:00:00,76.1,76.1,70.9,84.05,0.002,100,rain,0,0,10.1,6.7,160,1018,100,8.4,0,0,0,,"Rain, Overcast",rain,"72505394728,KJFK,KLGA,F8726,KNYC,72503014732"
New york,2025-07-14T03:00:00,75.2,75.2,71.8,89.29,0.024,100,rain,0,0,11,4.2,233,1017.8,100,8.8,0,0,0,,"Rain, Overcast",rain,"72505394728,KJFK,KLGA,F8726,KNYC,72503014732"
New york,2025-07-14T04:00:00,75.7,75.7,72.4,89.39,0.003,100,rain,0,0,10.5,4,133,1017.5,95.8,9.9,0,0,0,,"Rain, Overcast",rain,"72505394728,KJFK,KLGA,74486094789,F8726,KNYC,72503014732"
New york,2025-07-14T05:00:00,75.5,75.5,71.8,88.55,0.001,100,rain,0,0,9.6,4.3,186,1018,100,9.9,0,0,0,,"Rain, Overcast",rain,"72505394728,KJFK,KLGA,F8726,KNYC,72503014732"
New york,2025-07-14T06:00:00,75.5,75.5,71.9,88.87,0,0,,0,0,8.7,4,231,1017.8,96.6,9.9,27,0.1,0,,Overcast,cloudy,"72505394728,KJFK,KLGA,F8726,KNYC,72503014732"
New york,2025-07-14T07:00:00,76.2,76.2,72.2,87.43,0,0,,0,0,8.5,3.6,282,1017.7,93.1,9.9,76,0.3,1,,Overcast,cloudy,"72505394728,KJFK,KLGA,74486094789,F8726,KNYC,72503014732"
New york,2025-07-14T08:00:00,76.9,76.9,71.8,84.2,0,0,,0,0,9.2,7.5,213,1017.9,93.1,9.9,226,0.8,2,,Overcast,cloudy,"72505394728,KJFK,KLGA,74486094789,F8726,KNYC,72503014732"
New york,2025-07-14T09:00:00,78.9,78.9,70.8,76.36,0,0,,0,0,8.3,6,220,1017.9,93.1,9.9,575,2.1,6,,Overcast,cloudy,"72505394728,KJFK,KLGA,74486094789,F8726,KNYC,72503014732"
New york,2025-07-14T10:00:00,81.5,85.4,70.4,69.19,0,0,,0,0,8.7,6.5,210,1018,74,9.9,767,2.8,8,,Partially cloudy,partly-cloudy-day,"72505394728,KJFK,KLGA,74486094789,F8726,KNYC,72503014732"
New york,2025-07-14T11:00:00,82.5,86.4,69.9,65.97,0,0,,0,0,9.4,7,211,1017.9,93.1,9.9,697,2.5,7,,Overcast,cloudy,"72505394728,KJFK,KLGA,74486094789,F8726,KNYC,72503014732"
New york,2025-07-14T12:00:00,84.3,88.9,70.3,62.98,0,0,,0,0,11.4,8.1,193,1017.5,74,9.9,973,3.5,10,,Partially cloudy,partly-cloudy-day,"72505394728,KJFK,KLGA,74486094789,F8726,KNYC,72503014732"
New york,2025-07-14T13:00:00,85.4,91.1,71.6,63.64,0,0,,0,0,13,7.9,131,1017.2,79.5,9.9,971,3.5,10,,Partially cloudy,partly-cloudy-day,"72505394728,KJFK,KLGA,74486094789,F8726,KNYC,72503014732"
New york,2025-07-14T14:00:00,85.2,90.7,71.2,62.96,0,0,,0,0,21.9,15.3,180,1016.8,93.1,9.9,919,3.3,9,,Overcast,cloudy,"72505394728,KJFK,KLGA,74486094789,F8726,KNYC,72503014732"
New york,2025-07-14T15:00:00,86,92.2,71.9,62.82,0,0,,0,0,21.9,12.5,170,1016.1,63.5,9.9,820,3,8,,Partially cloudy,partly-cloudy-day,"72505394728,KJFK,KLGA,74486094789,F8726,KNYC,72503014732"
New york,2025-07-14T16:00:00,85.5,91.1,71.4,62.84,0,0,,0,0,26.6,14,166,1015.7,51.5,9.9,149,0.5,1,,Partially cloudy,partly-cloudy-day,"72505394728,KJFK,KLGA,74486094789,F8726,KNYC,72503014732"
New york,2025-07-14T17:00:00,81.5,85.9,71.6,72.07,0,0,,0,0,27.6,9.7,173,1016,78.4,9.5,56,0.2,1,,Partially cloudy,partly-cloudy-day,"72505394728,KJFK,KLGA,74486094789,F8726,KNYC,72503014732"
New york,2025-07-14T18:00:00,78.5,78.5,73,83.35,0.013,100,rain,0,0,15.7,10.1,157,1016.7,93.1,8.8,9,0,0,,"Rain, Overcast",rain,"72505394728,KJFK,KLGA,74486094789,F8726,KNYC,72503014732"
New york,2025-07-14T19:00:00,78.7,78.7,72.4,80.94,0.044,100,rain,0,0,23,4.1,59,1017.1,93.4,7.3,1,0,0,,"Rain, Overcast",rain,"72505394728,KJFK,KLGA,F8726,KNYC,72503014732"
New york,2025-07-14T20:00:00,73.9,73.9,70.8,90.23,1.331,100,rain,0,0,22.2,7.9,13,1017.5,100,1.8,0,0,0,,"Rain, Overcast",rain,"72505394728,KJFK,KLGA,74486094789,F8726,KNYC,72503014732"
New york,2025-07-14T21:00:00,73.5,73.5,71.2,92.63,0.332,100,rain,0,0,3.8,7.2,90,1017.6,99.2,3.3,0,0,0,,"Rain, Overcast",rain,"72505394728,KJFK,KLGA,74486094789,F8726,KNYC,72503014732"
New york,2025-07-14T22:00:00,73.9,73.9,71.2,91.44,0.09,100,rain,0,0,4,4.7,72,1017.8,94.9,8.5,0,0,0,,"Rain, Overcast",rain,"72505394728,KJFK,KLGA,74486094789,F8726,KNYC,72503014732"
New york,2025-07-14T23:00:00,73.9,73.9,71.2,91.44,0.018,100,rain,0,0,5.1,5.3,93,1017.8,94,7.2,0,0,0,,"Rain, Overcast",rain,"72505394728,KJFK,KLGA,74486094789,F8726,KNYC,72503014732"
New york,2025-07-15T00:00:00,73.5,73.5,71,92.09,0.005,100,rain,0,0,6,3.8,349,1017.4,100,7.3,0,0,0,,"Rain, Overcast",rain,"72505394728,KJFK,KLGA,74486094789,F8726,KNYC,72503014732"
New york,2025-07-15T01:00:00,74.2,74.2,70.8,89.19,0,0,,0,0,7.2,4.3,242,1017.6,97.9,7.6,0,0,0,,Overcast,cloudy,"72505394728,KJFK,KLGA,74486094789,F8726,KNYC,72503014732"
New york,2025-07-15T02:00:00,73.6,73.6,70.4,89.89,0,0,,0,0,6.7,3.8,261,1017.5,66.8,9.9,0,0,0,,Partially cloudy,partly-cloudy-night,"72505394728,KJFK,KLGA,74486094789,F8726,KNYC,72503014732"
New york,2025-07-15T03:00:00,73.8,73.8,69.9,87.7,0,0,,0,0,6.3,0.4,354,1017.3,83.1,9.4,0,0,0,,Partially cloudy,partly-cloudy-night,"72505394728,KJFK,KLGA,F8726,KNYC,72503014732"
New york,2025-07-15T04:00:00,73.9,73.9,70,87.91,0.024,100,rain,0,0,6.9,0.6,357,1017.6,91,6.4,0,0,0,,"Rain, Overcast",rain,"72505394728,KJFK,KLGA,74486094789,F8726,KNYC,72503014732"
New york,2025-07-15T05:00:00,73.9,73.9,70.4,89.07,0.029,100,rain,0,0,6,0,0,1017.7,91,6.4,0,0,0,,"Rain, Overcast",rain,"72505394728,KJFK,KLGA,74486094789,F8726,KNYC,72503014732"
New york,2025-07-15T06:00:00,73.5,73.5,70.3,89.73,0.013,100,rain,0,0,5.1,2.9,33,1018.1,93.6,9.2,8,0,0,,"Rain, Overcast",rain,"72505394728,KJFK,KLGA,74486094789,F8726,KNYC,72503014732"
New york,2025-07-15T07:00:00,74.4,74.4,71.2,89.87,0,0,,0,0,5.8,3.5,33,1018.1,93.1,7.3,25,0.1,0,,Overcast,cloudy,"72505394728,KJFK,KLGA,74486094789,F8726,KNYC,72503014732"
New york,2025-07-15T08:00:00,74.8,74.8,71.2,88.73,0,0,,0,0,6.9,3.9,43,1018.4,93.1,9.7,212,0.8,2,,Overcast,cloudy,"72505394728,KJFK,KLGA,74486094789,F8726,KNYC,72503014732"
New york,2025-07-15T09:00:00,76.1,76.1,71.2,84.98,0,0,,0,0,9.4,5.6,43,1018.8,93.1,9.9,194,0.7,2,,Overcast,cloudy,"72505394728,KJFK,KLGA,74486094789,F8726,KNYC,72503014732"
New york,2025-07-15T10:00:00,78.3,78.3,71.2,78.78,0,0,,0,0,10.3,3.9,50,1018.8,93.1,9.9,169,0.6,2,,Overcast,cloudy,"72505394728,KJFK,KLGA,74486094789,F8726,KNYC,72503014732"
New york,2025-07-15T11:00:00,80.5,84.3,71.5,74.15,0,0,,0,0,10.5,4.1,35,1018.5,88.9,9.9,169,0.6,2,,Partially cloudy,partly-cloudy-day,"72505394728,KJFK,KLGA,74486094789,F8726,KNYC,72503014732"
New york,2025-07-15T12:00:00,81.1,85.1,71,71.42,0,0,,0,0,10.5,4,53,1018.2,74,9.9,360,1.3,4,,Partially cloudy,partly-cloudy-day,"72505394728,KJFK,KLGA,74486094789,F8726,KNYC,72503014732"
New york,2025-07-15T13:00:00,83.3,88.3,71.4,67.45,0,0,,0,0,10.5,5.1,79,1018,88.9,9.9,932,3.4,9,,Partially cloudy,partly-cloudy-day,"72505394728,KJFK,KLGA,74486094789,F8726,KNYC,72503014732"
New york,2025-07-15T14:00:00,83.6,88.7,71.5,67.09,0,0,,0,0,10.7,4.5,279,1017.8,47.4,9.9,989,3.6,10,,Partially cloudy,partly-cloudy-day,"72505394728,KJFK,KLGA,74486094789,F8726,KNYC,72503014732"
New york,2025-07-15T15:00:00,84.1,90.1,72.4,67.83,0,0,,0,0,9.8,6.3,169,1017.5,81.5,9.9,604,2.2,6,,Partially cloudy,partly-cloudy-day,"72505394728,KJFK,KLGA,74486094789,F8726,KNYC,72503014732"
New york,2025-07-15T16:00:00,85.3,91.4,72.2,64.99,0,0,,0,0,8.3,4.2,282,1017.2,57.9,9.9,383,1.4,4,,Partially cloudy,partly-cloudy-day,"72505394728,KJFK,KLGA,74486094789,F8726,KNYC,72503014732"
New york,2025-07-15T17:00:00,84.6,90.6,72.2,66.29,0,0,,0,0,6.9,6.3,159,1016.8,85.7,9.9,404,1.5,4,,Partially cloudy,partly-cloudy-day,"72505394728,KJFK,KLGA,74486094789,F8726,KNYC,72503014732"
New york,2025-07-15T18:00:00,83.3,88.5,71.7,68.24,0,0,,0,0,18.3,7.6,159,1016.8,81.5,9.9,238,0.9,2,,Partially cloudy,partly-cloudy-day,"72505394728,KJFK,KLGA,74486094789,F8726,KNYC,72503014732"
New york,2025-07-15T19:00:00,82.2,86.9,71.6,70.19,0,0,,0,0,7.2,7.9,177,1017.1,16.8,9.9,113,0.4,1,,Clear,clear-day,"72505394728,KJFK,KLGA,74486094789,F8726,KNYC,72503014732"
New york,2025-07-15T20:00:00,80.5,84.6,72.3,76.34,0,0,,0,0,8.7,8.8,173,1017.5,26.5,9.9,16,0.1,0,,Partially cloudy,partly-cloudy-day,"72505394728,KJFK,KLGA,74486094789,F8726,KNYC,72503014732"
New york,2025-07-15T21:00:00,79.7,79.7,72,77.36,0,0,,0,0,9.8,6.6,131,1017.6,26.5,9.9,0,0,0,,Partially cloudy,partly-cloudy-night,"72505394728,KJFK,KLGA,74486094789,F8726,KNYC,72503014732"
New york,2025-07-15T22:00:00,79.5,79.5,72,77.85,0,0,,0,0,9.6,4.7,229,1017.5,26.5,9.9,0,0,0,,Partially cloudy,partly-cloudy-night,"72505394728,KJFK,KLGA,74486094789,F8726,KNYC,72503014732"
New york,2025-07-15T23:00:00,80.3,84.2,72,75.93,0,0,,0,0,8.5,4.3,229,1017.2,16.8,9.9,0,0,0,,Clear,clear-night,"72505394728,KJFK,KLGA,74486094789,F8726,KNYC,72503014732"
New york,2025-07-16T00:00:00,79.9,79.9,72.7,78.79,0,0,,0,0,7.4,6,210,1017.3,16.8,9.9,0,0,0,,Clear,clear-night,"72505394728,KJFK,KLGA,74486094789,F8726,KNYC,72503014732"
New york,2025-07-16T01:00:00,79.9,79.9,73.2,79.98,0,0,,0,0,7.2,5.6,209,1017,16.8,9.9,0,0,0,,Clear,clear-night,"72505394728,KJFK,KLGA,74486094789,F8726,KNYC,72503014732"
New york,2025-07-16T02:00:00,79.3,79.3,73.2,81.45,0,0,,0,0,6.9,3.3,257,1017.2,16.8,9.9,0,0,0,,Clear,clear-night,"72505394728,KJFK,KLGA,74486094789,F8726,KNYC,72503014732"
New york,2025-07-16T03:00:00,79.2,79.2,73.2,81.91,0,0,,0,0,8.7,2.9,283,1017.4,16.8,9.9,0,0,0,,Clear,clear-night,"72505394728,KJFK,KLGA,74486094789,F8726,KNYC,72503014732"
New york,2025-07-16T04:00:00,78.8,78.8,73.2,82.99,0,0,,0,0,8.5,2.9,278,1017.2,16.8,9.9,0,0,0,,Clear,clear-night,"72505394728,KJFK,KLGA,74486094789,F8726,KNYC,72503014732"
New york,2025-07-16T05:00:00,77.4,77.4,72.2,83.8,0,0,,0,0,8.5,3.1,356,1017.1,16.8,9.9,0,0,0,,Clear,clear-night,"72505394728,KJFK,KLGA,74486094789,F8726,KNYC,72503014732"
New york,2025-07-16T06:00:00,76.7,76.7,72.3,86.31,0,0,,0,0,9.2,1.3,321,1017.2,16.8,9.9,21,0.1,0,,Clear,clear-day,"72505394728,KJFK,KLGA,74486094789,F8726,KNYC,72503014732"
New york,2025-07-16T07:00:00,79.2,79.2,73.9,83.9,0,0,,0,0,9.2,1.1,309,1017.3,26.5,9.6,133,0.5,1,,Partially cloudy,partly-cloudy-day,"72505394728,KJFK,KLGA,74486094789,F8726,KNYC,72503014732"
New york,2025-07-16T08:00:00,81.3,86.1,72.6,74.94,0,0,,0,0,8.1,3.1,333,1017.4,16.8,9.7,323,1.2,3,,Clear,clear-day,"72505394728,KJFK,KLGA,74486094789,F8726,KNYC,72503014732"
New york,2025-07-16T09:00:00,82.9,88.2,72.2,70.22,0,0,,0,0,6.9,3.3,349,1017,26.5,9.7,566,2,6,,Partially cloudy,partly-cloudy-day,"72505394728,KJFK,KLGA,74486094789,F8726,KNYC,72503014732"
New york,2025-07-16T10:00:00,83.4,88.6,71.8,68.15,0,0,,0,0,8.1,3.6,346,1016.7,41.3,9.9,562,2,6,,Partially cloudy,partly-cloudy-day,"72505394728,KJFK,KLGA,74486094789,F8726,KNYC,72503014732"
New york,2025-07-16T11:00:00,84.1,89.7,71.8,66.49,0,0,,0,0,10.5,5,80,1016.5,81.5,9.9,937,3.4,9,,Partially cloudy,partly-cloudy-day,"72505394728,KJFK,KLGA,74486094789,F8726,KNYC,72503014732"
New york,2025-07-16T12:00:00,86.5,93.2,72.4,63.06,0,0,,0,0,16.1,7.4,184,1016.4,50,9.9,591,2.1,6,,Partially cloudy,partly-cloudy-day,"72505394728,KJFK,KLGA,74486094789,F8726,KNYC,72503014732"
New york,2025-07-16T13:00:00,86.9,93.3,71.8,60.94,0,0,,0,0,21.9,9.7,162,1016.2,50,9.9,960,3.5,10,,Partially cloudy,partly-cloudy-day,"72505394728,KJFK,KLGA,74486094789,F8726,KNYC,72503014732"
New york,2025-07-16T14:00:00,85.7,92.1,72.3,64.44,0,0,,0,0,21.9,9.7,166,1015.7,64.9,9.9,869,3.1,9,,Partially cloudy,partly-cloudy-day,"72505394728,KJFK,KLGA,74486094789,F8726,KNYC,72503014732"
New york,2025-07-16T15:00:00,86.5,93,72.2,62.51,0,0,,0,0,25.1,9.4,176,1015.2,72.3,9.9,811,2.9,8,,Partially cloudy,partly-cloudy-day,"72505394728,KJFK,KLGA,74486094789,F8726,KNYC,72503014732"
New york,2025-07-16T16:00:00,86.7,94.5,73.6,65.16,0,0,,0,0,23.9,8.1,159,1014.5,38.3,9.9,655,2.4,7,,Partially cloudy,partly-cloudy-day,"72505394728,KJFK,KLGA,74486094789,F8726,KNYC,72503014732"
New york,2025-07-16T17:00:00,84.5,91.2,73.2,69.09,0,0,,0,0,20.8,10.1,158,1013.9,49.8,9.9,447,1.6,4,,Partially cloudy,partly-cloudy-day,"72505394728,KJFK,KLGA,74486094789,F8726,KNYC,72503014732"
New york,2025-07-16T18:00:00,85.1,92.9,74.1,69.62,0,0,,0,0,21.9,10.3,176,1014,49.8,9.9,224,0.8,2,,Partially cloudy,partly-cloudy-day,"72505394728,KJFK,KLGA,74486094789,F8726,KNYC,72503014732"
New york,2025-07-16T19:00:00,83.4,89.8,73.4,71.84,0,0,,0,0,12.3,11,166,1014.1,85.5,9.9,73,0.3,1,,Partially cloudy,partly-cloudy-day,"72505394728,KJFK,KLGA,74486094789,F8726,KNYC,72503014732"
New york,2025-07-16T20:00:00,82.5,89.4,74.8,77.64,0,0,,0,0,11.6,11.2,183,1014,85.5,9.9,6,0,0,,Partially cloudy,partly-cloudy-day,"72505394728,KJFK,KLGA,74486094789,F8726,KNYC,72503014732"
New york,2025-07-16T21:00:00,84.1,92.1,75,74.11,0,0,,0,0,11.4,5.8,46,1013.5,62,9.9,0,0,0,,Partially cloudy,partly-cloudy-night,"72505394728,KJFK,KLGA,74486094789,F8726,KNYC,72503014732"
New york,2025-07-16T22:00:00,83.1,89.7,73.9,74.07,0,0,,0,0,12.3,7.8,220,1013.8,54.9,9.9,0,0,0,,Partially cloudy,partly-cloudy-night,"72505394728,KJFK,KLGA,74486094789,F8726,KNYC,72503014732"
New york,2025-07-16T23:00:00,82.9,88.6,72.8,71.67,0,0,,0,0,20.8,9.6,226,1013.8,84.7,9.9,0,0,0,,Partially cloudy,partly-cloudy-night,"72505394728,KJFK,KLGA,74486094789,F8726,KNYC,72503014732"
New york,2025-07-17T00:00:00,82.2,87.7,73,73.66,0,0,,0,0,13.2,5.3,221,1013.4,76.7,9.9,0,0,0,,Partially cloudy,partly-cloudy-night,"72505394728,KJFK,KLGA,74486094789,F8726,KNYC,72503014732"
New york,2025-07-17T01:00:00,81.8,87.7,74,77.16,0,0,,0,0,13.9,6.5,220,1013,61.8,9.9,0,0,0,,Partially cloudy,partly-cloudy-night,"72505394728,KJFK,KLGA,74486094789,F8726,KNYC,72503014732"
New york,2025-07-17T02:00:00,81.8,87.7,73.9,76.84,0,0,,0,0,13.9,8.5,236,1012.8,61.8,9.9,0,0,0,,Partially cloudy,partly-cloudy-night,"72505394728,KJFK,KLGA,74486094789,F8726,KNYC,72503014732"
New york,2025-07-17T03:00:00,81.3,86.7,73.6,77.44,0,0,,0,0,13.4,5.2,254,1012.1,61.8,9.9,0,0,0,,Partially cloudy,partly-cloudy-night,"72505394728,KJFK,KLGA,74486094789,F8726,KNYC,72503014732"
New york,2025-07-17T04:00:00,80.1,83,69.2,69.58,0,0,,0,0,12.5,8.5,229,1011.8,57,9.9,0,0,0,,Partially cloudy,partly-cloudy-night,"72505394728,KJFK,KLGA,74486094789,F8726,KNYC,72503014732"
New york,2025-07-17T05:00:00,79.2,79.2,66.7,65.68,0,0,,0,0,12.5,9.9,233,1012,57,9.9,0,0,0,,Partially cloudy,partly-cloudy-night,"72505394728,KJFK,KLGA,74486094789,F8726,KNYC,72503014732"
New york,2025-07-17T06:00:00,79.2,79.2,66.7,65.68,0,0,,0,0,19.7,8.1,220,1011.7,59.4,9.9,12,0,0,,Partially cloudy,partly-cloudy-day,"72505394728,KJFK,KLGA,74486094789,F8726,KNYC,72503014732"
New york,2025-07-17T07:00:00,78.6,78.6,67.4,68.74,0,0,,0,0,14.1,10.9,210,1012.1,54.9,9.9,74,0.3,1,,Partially cloudy,partly-cloudy-day,"72505394728,KJFK,KLGA,74486094789,F8726,KNYC,72503014732"
New york,2025-07-17T08:00:00,77.4,77.4,69.5,76.67,0,0,,0,0,18.1,14.6,213,1012.4,93.1,9.9,64,0.2,1,,Overcast,cloudy,"72505394728,KJFK,KLGA,74486094789,F8726,KNYC,72503014732"
New york,2025-07-17T09:00:00,78.5,78.5,70.3,75.99,0,0,,0,0,19.7,7.7,206,1012.3,88.9,9.9,282,1,3,,Partially cloudy,partly-cloudy-day,"72505394728,KJFK,KLGA,74486094789,F8726,KNYC,72503014732"
New york,2025-07-17T10:00:00,80.1,83.3,70.1,71.69,0,0,,0,0,21.7,10.9,248,1011.9,96.6,9.9,257,0.9,3,,Overcast,cloudy,"72505394728,KJFK,KLGA,F8726,KNYC,72503014732"
New york,2025-07-17T11:00:00,81.5,86.1,71.9,72.69,0,0,,0,0,26.4,13.8,236,1011.7,93.1,9.9,324,1.2,3,,Overcast,cloudy,"72505394728,KJFK,KLGA,74486094789,F8726,KNYC,72503014732"
New york,2025-07-17T12:00:00,84.1,90,72.3,67.74,0,0,,0,0,24.2,10.5,240,1011.2,88.9,9.9,423,1.5,4,,Partially cloudy,partly-cloudy-day,"72505394728,KJFK,KLGA,74486094789,F8726,KNYC,72503014732"
New york,2025-07-17T13:00:00,87.1,93.6,71.9,60.73,0,0,,0,0,21.9,12.8,250,1010.6,74,9.9,916,3.3,9,,Partially cloudy,partly-cloudy-day,"72505394728,KJFK,KLGA,74486094789,F8726,KNYC,72503014732"
New york,2025-07-17T14:00:00,87.6,93.6,71.2,58.28,0,0,,0,0,24.6,14.7,237,1010.2,93.1,9.9,620,2.2,6,,Overcast,cloudy,"72505394728,KJFK,KLGA,74486094789,F8726,KNYC,72503014732"
New york,2025-07-17T15:00:00,89.5,95,70.1,53.04,0,0,,0,0,25.3,14.9,244,1009.5,81.5,9.9,858,3.1,9,,Partially cloudy,partly-cloudy-day,"72505394728,KJFK,KLGA,74486094789,F8726,KNYC,72503014732"
New york,2025-07-17T16:00:00,90,95.6,70.1,52.16,0,0,,0,0,26.4,12.3,247,1009,74.3,9.9,424,1.5,4,,Partially cloudy,partly-cloudy-day,"72505394728,KJFK,KLGA,74486094789,F8726,KNYC,72503014732"
New york,2025-07-17T17:00:00,90.9,96.5,69.9,50.41,0,0,,0,0,23.3,10.2,243,1008.5,74.3,9.9,512,1.8,5,,Partially cloudy,partly-cloudy-day,"72505394728,KJFK,KLGA,74486094789,F8726,KNYC,72503014732"
New york,2025-07-17T18:00:00,90.7,96.2,69.8,50.39,0,0,,0,0,24.8,12.4,239,1008.5,81.5,9.9,87,0.3,1,,Partially cloudy,partly-cloudy-day,"72505394728,KJFK,KLGA,74486094789,F8726,KNYC,72503014732"
New york,2025-07-17T19:00:00,90.5,95.9,69.8,50.74,0,0,,0,0,27.3,12.1,257,1008.2,50.7,9.9,106,0.4,1,,Partially cloudy,partly-cloudy-day,"72505394728,KJFK,KLGA,74486094789,F8726,KNYC,72503014732"
New york,2025-07-17T20:00:00,89.6,94.9,69.9,52.57,0,0,,0,0,25.3,12.3,250,1008.7,65.3,9.9,10,0,0,,Partially cloudy,partly-cloudy-day,"72505394728,KJFK,KLGA,74486094789,F8726,KNYC,72503014732"
New york,2025-07-17T21:00:00,88.7,94.8,71,55.95,0,0,,0,0,27.7,13.2,240,1008.9,65.3,9.9,0,0,0,,Partially cloudy,partly-cloudy-night,"72505394728,KJFK,KLGA,74486094789,F8726,KNYC,72503014732"
New york,2025-07-17T22:00:00,88.5,92,67.6,50.24,0,0,,0,0,27.3,13.2,272,1009.8,54.9,9.9,0,0,0,,Partially cloudy,partly-cloudy-night,"72505394728,KJFK,KLGA,74486094789,F8726,KNYC,72503014732"
New york,2025-07-17T23:00:00,86.1,87.7,64.6,48.9,0,0,,0,0,28,13.8,298,1010.8,54.9,9.7,0,0,0,,Partially cloudy,partly-cloudy-night,"72505394728,KJFK,KLGA,74486094789,F8726,KNYC,72503014732"
New york,2025-07-18T00:00:00,84.4,85,62,47.07,0,0,,0,0,29.4,18.3,298,1011.6,30.9,9.9,0,0,0,,Partially cloudy,partly-cloudy-night,"72505394728,KJFK,KLGA,74486094789,F8726,KNYC,72503014732"
New york,2025-07-18T01:00:00,82.2,82.7,60.5,47.94,0,0,,0,0,26.8,13.7,292,1011.8,21.1,9.9,0,0,0,,Partially cloudy,partly-cloudy-night,"72505394728,KJFK,KLGA,74486094789,F8726,KNYC,72503014732"
New york,2025-07-18T02:00:00,80.8,81.6,60.9,50.85,0,0,,0,0,29.2,12.5,309,1011.9,30.9,9.9,0,0,0,,Partially cloudy,partly-cloudy-night,"72505394728,KJFK,KLGA,74486094789,F8726,KNYC,72503014732"
New york,2025-07-18T03:00:00,79.9,79.9,60.5,51.74,0,0,,0,0,24.1,12.8,306,1012.3,30.9,9.9,0,0,0,,Partially cloudy,partly-cloudy-night,"72505394728,KJFK,KLGA,74486094789,F8726,KNYC,72503014732"
New york,2025-07-18T04:00:00,78.5,78.5,60.5,54.16,0,0,,0,0,23.5,11.6,310,1012.6,30.9,9.9,0,0,0,,Partially cloudy,partly-cloudy-night,"72505394728,KJFK,KLGA,74486094789,F8726,KNYC,72503014732"
New york,2025-07-18T05:00:00,76.8,76.8,60.7,57.64,0,0,,0,0,16.3,10.8,327,1013.3,30.9,9.9,0,0,0,,Partially cloudy,partly-cloudy-night,"72505394728,KJFK,KLGA,74486094789,F8726,KNYC,72503014732"
New york,2025-07-18T06:00:00,76.3,76.3,60.7,58.59,0,0,,0,0,16.3,11.3,310,1014.5,38.3,9.9,24,0.1,0,,Partially cloudy,partly-cloudy-day,"72505394728,KJFK,KLGA,74486094789,F8726,KNYC,72503014732"
New york,2025-07-18T07:00:00,75.9,75.9,60,57.85,0,0,,0,0,21.6,10.6,307,1015.4,54.9,9.9,102,0.4,1,,Partially cloudy,partly-cloudy-day,"72505394728,KJFK,KLGA,74486094789,F8726,KNYC,72503014732"
New york,2025-07-18T08:00:00,75.6,75.6,59.1,56.72,0,0,,0,0,23,14.6,313,1015.9,54.9,9.9,219,0.8,2,,Partially cloudy,partly-cloudy-day,"72505394728,KJFK,KLGA,74486094789,F8726,KNYC,72503014732"
New york,2025-07-18T09:00:00,75.2,75.2,56.6,52.41,0,0,,0,0,24,13.3,313,1016.4,54.9,9.9,321,1.2,3,,Partially cloudy,partly-cloudy-day,"72505394728,KJFK,KLGA,74486094789,F8726,KNYC,72503014732"
New york,2025-07-18T10:00:00,75.2,75.2,56.3,51.76,0,0,,0,0,17.2,11.2,307,1017.1,54.9,9.9,390,1.4,4,,Partially cloudy,partly-cloudy-day,"72505394728,KJFK,KLGA,74486094789,F8726,KNYC,72503014732"
New york,2025-07-18T11:00:00,77.1,77.1,56.5,48.95,0,0,,0,0,20.8,10.6,303,1017.4,54.9,9.9,882,3.2,9,,Partially cloudy,partly-cloudy-day,"72505394728,KJFK,KLGA,74486094789,F8726,KNYC,72503014732"
New york,2025-07-18T12:00:00,79.1,79.1,55.8,44.73,0,0,,0,0,16.1,11.1,339,1017.6,54.9,9.9,416,1.5,4,,Partially cloudy,partly-cloudy-day,"72505394728,KJFK,KLGA,74486094789,F8726,KNYC,72503014732"
New york,2025-07-18T13:00:00,78.1,78.1,55.6,46.03,0,0,,0,0,15.9,9,353,1017.8,65.3,9.9,825,3,8,,Partially cloudy,partly-cloudy-day,"72505394728,KJFK,KLGA,74486094789,F8726,KNYC,72503014732"
New york,2025-07-18T14:00:00,79.1,79.1,55.8,44.85,0,0,,0,0,13.9,7.1,322,1017.8,54.9,9.9,839,3,8,,Partially cloudy,partly-cloudy-day,"72505394728,KJFK,KLGA,74486094789,F8726,KNYC,72503014732"
New york,2025-07-18T15:00:00,81.5,81.2,55.5,40.92,0,0,,0,0,17.2,5.6,358,1018,47.7,9.9,831,3,8,,Partially cloudy,partly-cloudy-day,"72505394728,KJFK,KLGA,74486094789,F8726,KNYC,72503014732"
New york,2025-07-18T16:00:00,82.6,82.1,56.3,40.74,0,0,,0,0,13.4,7.6,335,1017.8,40.3,9.9,684,2.5,7,,Partially cloudy,partly-cloudy-day,"72505394728,KJFK,KLGA,74486094789,F8726,KNYC,72503014732"
New york,2025-07-18T17:00:00,81.9,81.1,53.9,38.17,0,0,,0,0,12.5,4.8,313,1017.4,40.3,9.9,394,1.4,4,,Partially cloudy,partly-cloudy-day,"72505394728,KJFK,KLGA,74486094789,F8726,KNYC,72503014732"
New york,2025-07-18T18:00:00,82.7,81.9,55.2,38.97,0,0,,0,0,11.6,3.3,25,1017.2,40.3,9.9,232,0.8,2,,Partially cloudy,partly-cloudy-day,"72505394728,KJFK,KLGA,74486094789,F8726,KNYC,72503014732"
New york,2025-07-18T19:00:00,81.3,81.2,56.4,42.48,0,0,,0,0,27.7,8.6,44,1017.4,30.9,9.9,92,0.3,1,,Partially cloudy,partly-cloudy-day,"72505394728,KJFK,KLGA,74486094789,F8726,KNYC,72503014732"
New york,2025-07-18T20:00:00,79.3,79.3,58,47.99,0,0,,0,0,11,6.1,54,1017.8,21.1,9.9,15,0.1,0,,Partially cloudy,partly-cloudy-day,"72505394728,KJFK,KLGA,74486094789,F8726,KNYC,72503014732"
New york,2025-07-18T21:00:00,77.2,77.2,57.3,50.32,0,0,,0,0,9.8,8.8,107,1018.4,16.8,9.9,0,0,0,,Clear,clear-night,"72505394728,KJFK,KLGA,74486094789,F8726,KNYC,72503014732"
New york,2025-07-18T22:00:00,77.1,77.1,56.5,49.09,0,0,,0,0,10.3,6.6,89,1019.1,16.8,9.9,0,0,0,,Clear,clear-night,"72505394728,KJFK,KLGA,74486094789,F8726,KNYC,72503014732"
New york,2025-07-18T23:00:00,76,76,57,51.93,0,0,,0,0,11.2,6.1,73,1019,16.8,9.9,0,0,0,,Clear,clear-night,"72505394728,KJFK,KLGA,74486094789,F8726,KNYC,72503014732"
New york,2025-07-19T00:00:00,74.6,74.6,58.3,56.9,0,0,,0,0,11,6.3,75,1019.2,16.8,9.9,0,0,0,,Clear,clear-night,"72505394728,KJFK,KLGA,74486094789,F8726,KNYC,72503014732"
New york,2025-07-19T01:00:00,74.2,74.2,59.4,59.94,0,0,,0,0,10.7,6.1,79,1019.4,16.8,9.9,0,0,0,,Clear,clear-night,"72505394728,KJFK,KLGA,74486094789,F8726,KNYC,72503014732"
New york,2025-07-19T02:00:00,73.6,73.6,58.1,58.33,0,0,,0,0,10.5,4.9,56,1019.5,16.8,9.9,0,0,0,,Clear,clear-night,"72505394728,KJFK,KLGA,74486094789,F8726,KNYC,72503014732"
New york,2025-07-19T03:00:00,71.8,71.8,59.7,65.66,0,0,,0,0,9.4,5.6,55,1019.2,16.8,9.9,0,0,0,,Clear,clear-night,"72505394728,KJFK,KLGA,74486094789,F8726,KNYC,72503014732"
New york,2025-07-19T04:00:00,71.4,71.4,60.3,67.99,0,0,,0,0,9.2,7.6,51,1018.8,41.3,9.9,0,0,0,,Partially cloudy,partly-cloudy-night,"72505394728,KJFK,KLGA,74486094789,F8726,KNYC,72503014732"
New york,2025-07-19T05:00:00,71,71,58.4,64.47,0,0,,0,0,17.2,7.1,56,1019,21.1,9.9,0,0,0,,Partially cloudy,partly-cloudy-night,"72505394728,KJFK,KLGA,74486094789,F8726,KNYC,72503014732"
New york,2025-07-19T06:00:00,69.7,69.7,59,68.87,0,0,,0,0,10.1,5.9,67,1019.2,81.7,9.9,22,0.1,0,,Partially cloudy,partly-cloudy-day,"72505394728,KJFK,KLGA,74486094789,F8726,KNYC,72503014732"
New york,2025-07-19T07:00:00,70.9,70.9,58.3,64.45,0,0,,0,0,10.5,4.5,60,1019.2,65.3,9.9,151,0.5,2,,Partially cloudy,partly-cloudy-day,"72505394728,KJFK,KLGA,74486094789,F8726,KNYC,72503014732"
New york,2025-07-19T08:00:00,73.6,73.6,57.7,57.51,0,0,,0,0,11.2,6.3,61,1019.4,54.9,9.9,362,1.3,4,,Partially cloudy,partly-cloudy-day,"72505394728,KJFK,KLGA,74486094789,F8726,KNYC,72503014732"
New york,2025-07-19T09:00:00,75.5,75.5,58.3,55.04,0,0,,0,0,12.8,6.6,65,1019.3,65.3,9.9,265,1,3,,Partially cloudy,partly-cloudy-day,"72505394728,KJFK,KLGA,74486094789,F8726,KNYC,72503014732"
New york,2025-07-19T10:00:00,77.2,77.2,59.8,55.13,0,0,,0,0,14.5,7.7,72,1019.3,54.9,9.9,729,2.6,7,,Partially cloudy,partly-cloudy-day,"72505394728,KJFK,KLGA,74486094789,F8726,KNYC,72503014732"
New york,2025-07-19T11:00:00,80.1,81.5,62.7,55.43,0,0,,0,0,15.7,4.4,118,1018.8,65.3,9.9,678,2.4,7,,Partially cloudy,partly-cloudy-day,"72505394728,KJFK,KLGA,74486094789,F8726,KNYC,72503014732"
New york,2025-07-19T12:00:00,80.6,81.9,62.7,54.52,0,0,,0,0,15.9,9.7,177,1018.6,74,9.9,955,3.4,10,,Partially cloudy,partly-cloudy-day,"72505394728,KJFK,KLGA,74486094789,F8726,KNYC,72503014732"
New york,2025-07-19T13:00:00,79.9,79.9,62,54.45,0,0,,0,0,20.1,9.3,167,1018.6,88.9,9.9,572,2.1,6,,Partially cloudy,partly-cloudy-day,"72505394728,KJFK,KLGA,74486094789,F8726,KNYC,72503014732"
New york,2025-07-19T14:00:00,80.6,82.1,63.7,56.4,0,0,,0,0,15.4,13.1,152,1018.2,74,9.9,615,2.2,6,,Partially cloudy,partly-cloudy-day,"72505394728,KJFK,KLGA,74486094789,F8726,KNYC,72503014732"
New york,2025-07-19T15:00:00,79.7,79.7,64.1,58.95,0,0,,0,0,23,9.7,169,1017.7,88.9,9.9,457,1.6,5,,Partially cloudy,partly-cloudy-day,"72505394728,KJFK,KLGA,74486094789,F8726,KNYC,72503014732"
New york,2025-07-19T16:00:00,79.7,79.7,65.4,61.74,0,0,,0,0,13.6,8.7,166,1017,93.1,9.9,306,1.1,3,,Overcast,cloudy,"72505394728,KJFK,KLGA,74486094789,F8726,KNYC,72503014732"
New york,2025-07-19T17:00:00,79.8,79.8,66.5,63.98,0,0,,0,0,19.7,5.9,38,1016.7,88.9,9.9,229,0.8,2,,Partially cloudy,partly-cloudy-day,"72505394728,KJFK,KLGA,74486094789,F8726,KNYC,72503014732"
New york,2025-07-19T18:00:00,78.7,78.7,65.4,63.81,0,0,,0,0,21.9,5,38,1016.3,93.1,9.9,150,0.5,2,,Overcast,cloudy,"72505394728,KJFK,KLGA,74486094789,F8726,KNYC,72503014732"
New york,2025-07-19T19:00:00,77.3,77.3,65.4,66.93,0.006,100,rain,0,0,14.1,6.7,176,1016.1,93.1,9.9,66,0.2,1,,"Rain, Overcast",rain,"72505394728,KJFK,KLGA,74486094789,F8726,KNYC,72503014732"
New york,2025-07-19T20:00:00,76.8,76.8,65.4,68.06,0,0,,0,0,13.6,6.1,157,1016,93.1,9.9,9,0,0,,Overcast,cloudy,"72505394728,KJFK,KLGA,74486094789,F8726,KNYC,72503014732"
New york,2025-07-19T21:00:00,76.3,76.3,65.8,69.91,0,0,,0,0,11.9,5.8,158,1015.8,97.9,9.9,0,0,0,,Overcast,cloudy,"72505394728,KJFK,KLGA,74486094789,F8726,KNYC,72503014732"
New york,2025-07-19T22:00:00,76.3,76.3,66.3,71.27,0,0,,0,0,11.4,5.7,121,1015.9,93.1,9.9,0,0,0,,Overcast,cloudy,"72505394728,KJFK,KLGA,74486094789,F8726,KNYC,72503014732"
New york,2025-07-19T23:00:00,76.5,76.5,66.5,71.22,0,0,,0,0,11,8.6,180,1015.8,95.2,9.9,0,0,0,,Overcast,cloudy,"72505394728,KJFK,KLGA,74486094789,F8726,KNYC,72503014732"
New york,2025-07-20T00:00:00,76.3,76.3,67.4,74.01,0,0,,0,0,9.8,6.4,49,1015.5,95.2,9.9,0,0,0,,Overcast,cloudy,"72505394728,KJFK,KLGA,74486094789,F8726,KNYC,72503014732"
New york,2025-07-20T01:00:00,75.5,75.5,69.4,81.49,0,0,,0,0,10.7,6.4,136,1014.3,97.9,9.9,0,0,0,,Overcast,cloudy,"72505394728,KJFK,KLGA,74486094789,F8726,KNYC,72503014732"
New york,2025-07-20T02:00:00,75.5,75.5,69,80.28,0,0,,0,0,11,10.1,171,1013.5,96.6,9.9,0,0,0,,Overcast,cloudy,"72505394728,KJFK,KLGA,F8726,KNYC,72503014732"
New york,2025-07-20T03:00:00,75.8,75.8,69.7,81.34,0,0,,0,0,7.4,3.1,122,1012.7,93.1,9.9,0,0,0,,Overcast,cloudy,"72505394728,KJFK,KLGA,74486094789,F8726,KNYC,72503014732"
New york,2025-07-20T04:00:00,75.7,75.7,69.9,82.3,0,0,,0,0,7.2,4.3,88,1012.1,97.9,9.9,0,0,0,,Overcast,cloudy,"72505394728,KJFK,KLGA,74486094789,F8726,KNYC,72503014732"
New york,2025-07-20T05:00:00,75.5,75.5,70.3,83.88,0,0,,0,0,6.7,5.4,118,1012.2,97.9,9.9,0,0,0,,Overcast,cloudy,"72505394728,KJFK,KLGA,74486094789,F8726,KNYC,72503014732"
New york,2025-07-20T06:00:00,75.7,75.7,71,85.34,0,0,,0,0,5.4,4.3,88,1011.4,100,9.9,7,0,0,,Overcast,cloudy,"72505394728,KJFK,KLGA,74486094789,F8726,KNYC,72503014732"
New york,2025-07-20T07:00:00,75.7,75.7,71,85.46,0,0,,0,0,5.6,3.1,35,1011.6,100,9.1,87,0.3,1,,Overcast,cloudy,"72505394728,KJFK,KLGA,74486094789,F8726,KNYC,72503014732"
New york,2025-07-20T08:00:00,77.2,77.2,71,81.29,0,0,,0,0,6,5.6,57,1011.1,76.1,9.9,159,0.6,2,,Partially cloudy,partly-cloudy-day,"72505394728,KJFK,KLGA,74486094789,F8726,KNYC,72503014732"
New york,2025-07-20T09:00:00,76.3,76.3,71,83.75,0.016,100,rain,0,0,5.6,5.6,81,1010.8,91,8.4,286,1,3,,"Rain, Overcast",rain,"72505394728,KJFK,KLGA,74486094789,F8726,KNYC,72503014732"
New york,2025-07-20T10:00:00,78.8,78.8,71.6,78.65,0.013,100,rain,0,0,6.5,7.2,65,1010.6,65.3,9,674,2.4,7,,"Rain, Partially cloudy",rain,"72505394728,KJFK,KLGA,74486094789,F8726,KNYC,72503014732"
New york,2025-07-20T11:00:00,81,85.4,72.2,74.52,0.002,100,rain,0,0,7.2,4.3,59,1010.3,65.3,9.9,481,1.7,5,,"Rain, Partially cloudy",rain,"72505394728,KJFK,KLGA,74486094789,F8726,KNYC,72503014732"
New york,2025-07-20T12:00:00,83.8,88.9,71.4,66.53,0,0,,0,0,8.3,3.1,27,1009.5,62,9.9,311,1.1,3,,Partially cloudy,partly-cloudy-day,"72505394728,KJFK,KLGA,74486094789,F8726,KNYC,72503014732"
New york,2025-07-20T13:00:00,85.3,90.4,70.7,61.82,0,0,,0,0,9.2,2.9,312,1008.6,72.5,9.9,967,3.5,10,,Partially cloudy,partly-cloudy-day,"72505394728,KJFK,KLGA,F8726,KNYC,72503014732"
New york,2025-07-20T14:00:00,84.5,88.9,70,62.02,0,0,,0,0,12.3,6.1,117,1008.2,85.5,9.9,921,3.3,9,,Partially cloudy,partly-cloudy-day,"72505394728,KJFK,KLGA,74486094789,F8726,KNYC,72503014732"
New york,2025-07-20T15:00:00,87.3,91.9,69.4,55.34,0,0,,0,0,8.9,4.2,282,1007.4,51.5,9.9,837,3,8,,Partially cloudy,partly-cloudy-day,"72505394728,KJFK,KLGA,74486094789,F8726,KNYC,72503014732"
New york,2025-07-20T16:00:00,87.9,92.3,69.1,53.75,0,0,,0,0,12.5,5.8,198,1006.7,62,9.9,231,0.8,2,,Partially cloudy,partly-cloudy-day,"72505394728,KJFK,KLGA,74486094789,F8726,KNYC,72503014732"
New york,2025-07-20T17:00:00,86.7,91.7,70.3,58.28,0,0,,0,0,23,11.9,204,1006.3,54.8,9.9,212,0.8,2,,Partially cloudy,partly-cloudy-day,"72505394728,KJFK,KLGA,74486094789,F8726,KNYC,72503014732"
New york,2025-07-20T18:00:00,85.9,91,70.6,60.48,0,0,,0,0,21.9,10.3,190,1005.9,70.6,9.9,201,0.7,2,,Partially cloudy,partly-cloudy-day,"72505394728,KJFK,KLGA,74486094789,F8726,KNYC,72503014732"
New york,2025-07-20T19:00:00,86.1,89.6,68,54.85,0,0,,0,0,17.9,11.9,237,1006.1,44.3,9.9,95,0.3,1,,Partially cloudy,partly-cloudy-day,"72505394728,KJFK,KLGA,74486094789,F8726,KNYC,72503014732"
New york,2025-07-20T20:00:00,85.9,88.6,66.7,52.74,0,0,,0,0,17.4,11,264,1006.4,51.5,9.9,9,0,0,,Partially cloudy,partly-cloudy-day,"72505394728,KJFK,KLGA,74486094789,F8726,KNYC,72503014732"
New york,2025-07-20T21:00:00,83.8,87.2,68.5,60.09,0,0,,0,0,16.1,5.4,280,1006.8,54.9,9.9,0,0,0,,Partially cloudy,partly-cloudy-night,"72505394728,KJFK,KLGA,74486094789,F8726,KNYC,72503014732"
New york,2025-07-20T22:00:00,83.2,86,67.4,59.08,0,0,,0,0,25.3,12.6,288,1007.6,93.1,9.9,0,0,0,,Overcast,cloudy,"72505394728,KJFK,KLGA,74486094789,F8726,KNYC,72503014732"
New york,2025-07-20T23:00:00,82,84.2,65.9,58.29,0,0,,0,0,14.5,7.3,352,1008.1,93.1,9.9,0,0,0,,Overcast,cloudy,"72505394728,KJFK,KLGA,74486094789,F8726,KNYC,72503014732"
New york,2025-07-21T00:00:00,81,82.6,64,56.26,0,0,,0,0,24.2,10.2,353,1008.6,74,9.9,0,0,0,,Partially cloudy,partly-cloudy-night,"72505394728,KJFK,KLGA,74486094789,F8726,KNYC,72503014732"
New york,2025-07-21T01:00:00,80,81.4,62.8,55.75,0,0,,0,0,23.9,11.6,340,1009.2,88.9,9.9,0,0,0,,Partially cloudy,partly-cloudy-night,"72505394728,KJFK,KLGA,74486094789,F8726,KNYC,72503014732"
New york,2025-07-21T02:00:00,77.9,77.9,62.8,59.74,0,0,,0,0,15,7,347,1009.1,65.3,9.9,0,0,0,,Partially cloudy,partly-cloudy-night,"72505394728,KJFK,KLGA,74486094789,F8726,KNYC,72503014732"
New york,2025-07-21T03:00:00,76.1,76.1,62,61.79,0,0,,0,0,15.7,6.8,347,1009.3,38.3,9.9,0,0,0,,Partially cloudy,partly-cloudy-night,"72505394728,KJFK,KLGA,74486094789,F8726,KNYC,72503014732"
New york,2025-07-21T04:00:00,74.8,74.8,61.4,63.26,0,0,,0,0,15.4,8.3,332,1009.5,26.5,9.9,0,0,0,,Partially cloudy,partly-cloudy-night,"72505394728,KJFK,KLGA,74486094789,F8726,KNYC,72503014732"
New york,2025-07-21T05:00:00,73.5,73.5,61.4,65.96,0,0,,0,0,14.8,6.1,345,1010,26.5,9.9,0,0,0,,Partially cloudy,partly-cloudy-night,"72505394728,KJFK,KLGA,74486094789,F8726,KNYC,72503014732"
New york,2025-07-21T06:00:00,72.7,72.7,60.9,66.6,0,0,,0,0,13.4,5.1,349,1010.4,21.1,9.9,21,0.1,0,,Partially cloudy,partly-cloudy-day,"72505394728,KJFK,KLGA,74486094789,F8726,KNYC,72503014732"
New york,2025-07-21T07:00:00,73,73,61.3,66.73,0,0,,0,0,13.6,5.8,312,1011,16.8,9.9,150,0.5,2,,Clear,clear-day,"72505394728,KJFK,KLGA,74486094789,F8726,KNYC,72503014732"
New york,2025-07-21T08:00:00,74.9,74.9,61.3,62.66,0,0,,0,0,15.2,7.7,314,1011.6,16.8,9.9,339,1.2,3,,Clear,clear-day,"72505394728,KJFK,KLGA,74486094789,F8726,KNYC,72503014732"
New york,2025-07-21T09:00:00,77,77,60.7,57.27,0,0,,0,0,15.4,8.8,339,1012.2,16.8,9.9,541,1.9,5,,Clear,clear-day,"72505394728,KJFK,KLGA,74486094789,F8726,KNYC,72503014732"
New york,2025-07-21T10:00:00,78.9,78.9,60.2,52.84,0,0,,0,0,15,8.3,346,1012.2,5.2,9.9,687,2.5,7,,Clear,clear-day,"72505394728,KJFK,KLGA,74486094789,F8726,KNYC,72503014732"
New york,2025-07-21T11:00:00,81,81.6,59.7,48.38,0,0,,0,0,13.9,4,356,1012.5,16.8,9.9,881,3.2,9,,Clear,clear-day,"72505394728,KJFK,KLGA,74486094789,F8726,KNYC,72503014732"
New york,2025-07-21T12:00:00,82.5,82.2,57.7,42.98,0,0,,0,0,13,8.2,342,1012.7,30.9,9.9,733,2.6,7,,Partially cloudy,partly-cloudy-day,"72505394728,KJFK,KLGA,74486094789,F8726,KNYC,72503014732"
New york,2025-07-21T13:00:00,83.8,82.8,55.8,38.48,0,0,,0,0,12.8,6.2,3,1012.6,41.3,9.9,972,3.5,10,,Partially cloudy,partly-cloudy-day,"72505394728,KJFK,KLGA,74486094789,F8726,KNYC,72503014732"
New york,2025-07-21T14:00:00,83.4,82.5,55.6,38.68,0,0,,0,0,14.5,2.2,342,1012.3,64.9,9.9,984,3.5,10,,Partially cloudy,partly-cloudy-day,"72505394728,KJFK,KLGA,74486094789,F8726,KNYC,72503014732"
New york,2025-07-21T15:00:00,84.1,83.3,56.6,39.2,0,0,,0,0,15.2,8.6,290,1012.2,74,9.9,259,0.9,3,,Partially cloudy,partly-cloudy-day,"72505394728,KJFK,KLGA,74486094789,F8726,KNYC,72503014732"
New york,2025-07-21T16:00:00,84.7,83.2,54,35.06,0,0,,0,0,16.8,8.1,317,1011.9,57.9,9.9,656,2.4,7,,Partially cloudy,partly-cloudy-day,"72505394728,KJFK,KLGA,74486094789,F8726,KNYC,72503014732"
New york,2025-07-21T17:00:00,82.9,82.2,56.3,40.26,0,0,,0,0,17.9,9.3,311,1012.1,65.3,9.9,340,1.2,3,,Partially cloudy,partly-cloudy-day,"72505394728,KJFK,KLGA,74486094789,F8726,KNYC,72503014732"
New york,2025-07-21T18:00:00,82.6,82.2,57,41.6,0,0,,0,0,17.9,6.8,50,1012.5,74,9.5,187,0.7,2,,Partially cloudy,partly-cloudy-day,"72505394728,KJFK,KLGA,74486094789,F8726,KNYC,72503014732"
New york,2025-07-21T19:00:00,82.1,82,58.1,44.18,0,0,,0,0,17.9,8.4,101,1013.1,93.1,9.2,96,0.3,1,,Overcast,cloudy,"72505394728,KJFK,KLGA,74486094789,F8726,KNYC,72503014732"
New york,2025-07-21T20:00:00,80.7,80.8,56.6,43.8,0,0,,0,0,17.7,6.2,60,1013.6,93.1,9.5,9,0,0,,Overcast,cloudy,"72505394728,KJFK,KLGA,74486094789,F8726,KNYC,72503014732"
New york,2025-07-21T21:00:00,78.9,78.9,56.9,46.85,0,0,,0,0,15.4,7.5,27,1014.5,93.1,9.5,0,0,0,,Overcast,cloudy,"72505394728,KJFK,KLGA,74486094789,F8726,KNYC,72503014732"
New york,2025-07-21T22:00:00,77.7,77.7,51.1,39.5,0,0,,0,0,23,10.7,27,1015.4,74.3,9.9,0,0,0,,Partially cloudy,partly-cloudy-night,"72505394728,KJFK,KLGA,74486094789,F8726,KNYC,72503014732"
New york,2025-07-21T23:00:00,75.8,75.8,51,41.79,0,0,,0,0,18.3,9.4,31,1016,38.3,9.9,0,0,0,,Partially cloudy,partly-cloudy-night,"72505394728,KJFK,KLGA,74486094789,F8726,KNYC,72503014732"
New york,2025-07-22T00:00:00,74.2,74.2,51,44.23,0,0,,0,0,9.8,6.3,39,1016.5,38.3,9.9,0,0,0,,Partially cloudy,partly-cloudy-night,"72505394728,KJFK,KLGA,74486094789,F8726,KNYC,72503014732"
New york,2025-07-22T01:00:00,72.7,72.7,52,48.29,0,0,,0,0,11.4,4.5,38,1016.7,30.9,9.9,0,0,0,,Partially cloudy,partly-cloudy-night,"72505394728,KJFK,KLGA,74486094789,F8726,KNYC,72503014732"
New york,2025-07-22T02:00:00,71.9,71.9,52.2,49.97,0,0,,0,0,13.4,7.1,33,1017.1,64.9,9.9,0,0,0,,Partially cloudy,partly-cloudy-night,"72505394728,KJFK,KLGA,74486094789,F8726,KNYC,72503014732"
New york,2025-07-22T03:00:00,70.5,70.5,51.6,51.36,0,0,,0,0,15.2,7.2,48,1017.3,41.3,9.9,0,0,0,,Partially cloudy,partly-cloudy-night,"72505394728,KJFK,KLGA,74486094789,F8726,KNYC,72503014732"
New york,2025-07-22T04:00:00,69.5,69.5,52.1,53.91,0,0,,0,0,16.3,7.9,48,1017.2,41.3,9.9,0,0,0,,Partially cloudy,partly-cloudy-night,"72505394728,KJFK,KLGA,74486094789,F8726,KNYC,72503014732"
New york,2025-07-22T05:00:00,68.2,68.2,52.8,57.89,0,0,,0,0,16.8,7.9,37,1017.7,30.9,9.9,0,0,0,,Partially cloudy,partly-cloudy-night,"72505394728,KJFK,KLGA,74486094789,F8726,KNYC,72503014732"
New york,2025-07-22T06:00:00,68.2,68.2,53.9,60.16,0,0,,0,0,17.2,9.4,41,1018.4,30.9,9.9,16,0.1,0,,Partially cloudy,partly-cloudy-day,"72505394728,KJFK,KLGA,74486094789,F8726,KNYC,72503014732"
New york,2025-07-22T07:00:00,69.1,69.1,52.9,56.32,0,0,,0,0,17.7,13,48,1019.1,57.4,9.9,73,0.3,1,,Partially cloudy,partly-cloudy-day,"72505394728,KJFK,KLGA,74486094789,F8726,KNYC,72503014732"
New york,2025-07-22T08:00:00,70.5,70.5,53.6,55.05,0,0,,0,0,16.1,13.9,52,1020,93.1,9.9,290,1,3,,Overcast,cloudy,"72505394728,KJFK,KLGA,74486094789,F8726,KNYC,72503014732"
New york,2025-07-22T09:00:00,71.8,71.8,53.2,51.93,0,0,,0,0,18.3,13.5,71,1020.6,88.9,9.9,495,1.8,5,,Partially cloudy,partly-cloudy-day,"72505394728,KJFK,KLGA,74486094789,F8726,KNYC,72503014732"
New york,2025-07-22T10:00:00,73.2,73.2,53.8,50.65,0,0,,0,0,18.3,12.4,56,1020.6,65.3,9.9,472,1.7,5,,Partially cloudy,partly-cloudy-day,"72505394728,KJFK,KLGA,74486094789,F8726,KNYC,72503014732"
New york,2025-07-22T11:00:00,74.6,74.6,54.2,49.1,0,0,,0,0,19.7,12.1,59,1020.6,38.3,9.9,452,1.6,5,,Partially cloudy,partly-cloudy-day,"72505394728,KJFK,KLGA,74486094789,F8726,KNYC,72503014732"
New york,2025-07-22T12:00:00,76.7,76.7,51.9,42,0,0,,0,0,16.8,11.7,62,1020.7,38.3,9.9,332,1.2,3,,Partially cloudy,partly-cloudy-day,"72505394728,KJFK,KLGA,74486094789,F8726,KNYC,72503014732"
New york,2025-07-22T13:00:00,77.7,77.7,53.6,43.31,0,0,,0,0,14.3,10.8,63,1020.4,38.3,9.9,608,2.2,6,,Partially cloudy,partly-cloudy-day,"72505394728,KJFK,KLGA,74486094789,F8726,KNYC,72503014732"
New york,2025-07-22T14:00:00,76.8,76.8,53.4,44.28,0,0,,0,0,12.1,9.2,69,1020.4,41.3,9.9,654,2.4,7,,Partially cloudy,partly-cloudy-day,"72505394728,KJFK,KLGA,74486094789,F8726,KNYC,72503014732"
New york,2025-07-22T15:00:00,78.3,78.3,53.2,41.71,0,0,,0,0,11.9,8.8,102,1020,50,9.9,709,2.6,7,,Partially cloudy,partly-cloudy-day,"72505394728,KJFK,KLGA,74486094789,F8726,KNYC,72503014732"
New york,2025-07-22T16:00:00,75.9,75.9,55.4,49.18,0,0,,0,0,18.3,7.2,77,1019.9,85.7,9.9,503,1.8,5,,Partially cloudy,partly-cloudy-day,"72505394728,KJFK,KLGA,74486094789,F8726,KNYC,72503014732"
New york,2025-07-22T17:00:00,76.3,76.3,57.3,51.79,0,0,,0,0,11.6,8.6,185,1019.9,57.9,9.9,451,1.6,5,,Partially cloudy,partly-cloudy-day,"72505394728,KJFK,KLGA,74486094789,F8726,KNYC,72503014732"
New york,2025-07-22T18:00:00,76.2,76.2,57,51.45,0,0,,0,0,11.4,5.1,78,1020.4,66.6,9.9,245,0.9,2,,Partially cloudy,partly-cloudy-day,"72505394728,KJFK,KLGA,74486094789,F8726,KNYC,72503014732"
New york,2025-07-22T19:00:00,74.8,74.8,57.7,55.25,0,0,,0,0,17.2,12.8,185,1020.9,47.4,9.9,92,0.3,1,,Partially cloudy,partly-cloudy-day,"72505394728,KJFK,KLGA,74486094789,F8726,KNYC,72503014732"
New york,2025-07-22T20:00:00,73.5,73.5,57.3,56.97,0,0,,0,0,12.5,10.7,171,1021,81.3,9.9,13,0,0,,Partially cloudy,partly-cloudy-day,"72505394728,KJFK,KLGA,74486094789,F8726,KNYC,72503014732"
New york,2025-07-22T21:00:00,72.1,72.1,57.9,60.92,0,0,,0,0,13,8.4,164,1021.2,16.8,9.9,0,0,0,,Clear,clear-night,"72505394728,KJFK,KLGA,74486094789,F8726,KNYC,72503014732"
New york,2025-07-22T22:00:00,72.1,72.1,58.1,61.29,0,0,,0,0,12.8,6.3,164,1021.9,16.8,9.9,0,0,0,,Clear,clear-night,"72505394728,KJFK,KLGA,74486094789,F8726,KNYC,72503014732"
New york,2025-07-22T23:00:00,72.5,72.5,58.5,61.56,0,0,,0,0,11.9,5.4,181,1022,16.8,9.9,0,0,0,,Clear,clear-night,"72505394728,KJFK,KLGA,74486094789,F8726,KNYC,72503014732"
New york,2025-07-23T00:00:00,72.1,72.1,58.7,62.71,0,0,,0,0,10.7,4.5,136,1022.1,21.1,9.9,0,0,0,,Partially cloudy,partly-cloudy-night,"72505394728,KJFK,KLGA,74486094789,F8726,KNYC,72503014732"
New york,2025-07-23T01:00:00,71.7,71.7,59.1,64.4,0,0,,0,0,9.6,3.9,174,1022.2,16.8,9.9,0,0,0,,Clear,clear-night,"72505394728,KJFK,KLGA,74486094789,F8726,KNYC,72503014732"
New york,2025-07-23T02:00:00,71.8,71.8,58.4,62.91,0,0,,0,0,8.7,1.4,261,1022.3,31.6,9.9,0,0,0,,Partially cloudy,partly-cloudy-night,"72505394728,KJFK,KLGA,74486094789,F8726,KNYC,72503014732"
New york,2025-07-23T03:00:00,70.7,70.7,59.9,68.72,0,0,,0,0,7.2,0,0,1022.7,16.8,9.9,0,0,0,,Clear,clear-night,"72505394728,KJFK,KLGA,74486094789,F8726,KNYC,72503014732"
New york,2025-07-23T04:00:00,69.9,69.9,60.5,72.23,0,0,,0,0,7.2,2.7,12,1023.2,64.9,9.9,0,0,0,,Partially cloudy,partly-cloudy-night,"72505394728,KJFK,KLGA,74486094789,F8726,KNYC,72503014732"
New york,2025-07-23T05:00:00,69.3,69.3,61.7,76.68,0,0,,0,0,6.7,3.1,39,1023.2,66.6,9.9,0,0,0,,Partially cloudy,partly-cloudy-night,"72505394728,KJFK,KLGA,74486094789,F8726,KNYC,72503014732"
New york,2025-07-23T06:00:00,69.7,69.7,61.7,75.78,0,0,,0,0,6.3,4.4,29,1023.6,81.5,9.9,23,0.1,0,,Partially cloudy,partly-cloudy-day,"72505394728,KJFK,KLGA,74486094789,F8726,KNYC,72503014732"
New york,2025-07-23T07:00:00,70.3,70.3,63.2,78.31,0,0,,0,0,6.9,3.4,50,1023.8,54.9,9.9,111,0.4,1,,Partially cloudy,partly-cloudy-day,"72505394728,KJFK,KLGA,74486094789,F8726,KNYC,72503014732"
New york,2025-07-23T08:00:00,72.2,72.2,62.6,72.02,0,0,,0,0,7.2,3.1,52,1024.2,54.9,9.9,220,0.8,2,,Partially cloudy,partly-cloudy-day,"72505394728,KJFK,KLGA,74486094789,F8726,KNYC,72503014732"
New york,2025-07-23T09:00:00,75.3,75.3,62.4,64.25,0,0,,0,0,7.2,4.3,27,1024.5,74,9.9,432,1.6,4,,Partially cloudy,partly-cloudy-day,"72505394728,KJFK,KLGA,74486094789,F8726,KNYC,72503014732"
New york,2025-07-23T10:00:00,75.6,75.6,60.9,60.38,0,0,,0,0,19.7,6.8,15,1024.5,81.7,9.9,175,0.6,2,,Partially cloudy,partly-cloudy-day,"72505394728,KJFK,KLGA,74486094789,F8726,KNYC,72503014732"
New york,2025-07-23T11:00:00,76.4,76.4,60.1,56.92,0,0,,0,0,10.1,4.5,258,1024.4,93.1,9.9,360,1.3,4,,Overcast,cloudy,"72505394728,KJFK,KLGA,74486094789,F8726,KNYC,72503014732"
New york,2025-07-23T12:00:00,79,79,60.6,53.29,0,0,,0,0,17.2,7.7,229,1024.5,88.9,9.9,811,2.9,8,,Partially cloudy,partly-cloudy-day,"72505394728,KJFK,KLGA,74486094789,F8726,KNYC,72503014732"
New york,2025-07-23T13:00:00,78.6,78.6,59.1,51.2,0,0,,0,0,18.3,6.2,184,1024.2,81.7,9.9,1002,3.6,10,,Partially cloudy,partly-cloudy-day,"72505394728,KJFK,KLGA,74486094789,F8726,KNYC,72503014732"
New york,2025-07-23T14:00:00,78.8,78.8,58.3,49.45,0,0,,0,0,19.7,7.4,183,1024.1,69.1,9.9,956,3.4,10,,Partially cloudy,partly-cloudy-day,"72505394728,KJFK,KLGA,74486094789,F8726,KNYC,72503014732"
New york,2025-07-23T15:00:00,79.5,79.5,58.1,47.99,0,0,,0,0,21.9,11,190,1023.6,78.5,9.9,480,1.7,5,,Partially cloudy,partly-cloudy-day,"72505394728,KJFK,KLGA,74486094789,F8726,KNYC,72503014732"
New york,2025-07-23T16:00:00,80.2,80.7,57.9,46.57,0,0,,0,0,21.9,9.4,187,1023.5,64.9,9.9,636,2.3,6,,Partially cloudy,partly-cloudy-day,"72505394728,KJFK,KLGA,74486094789,F8726,KNYC,72503014732"
New york,2025-07-23T17:00:00,79.9,79.9,56.8,45.24,0,0,,0,0,23,13.8,173,1023.2,26.5,9.9,453,1.6,5,,Partially cloudy,partly-cloudy-day,"72505394728,KJFK,KLGA,74486094789,F8726,KNYC,72503014732"
New york,2025-07-23T18:00:00,79,79,55.9,45.17,0,0,,0,0,17,16.5,166,1022.8,16.8,9.9,239,0.9,2,,Clear,clear-day,"72505394728,KJFK,KLGA,74486094789,F8726,KNYC,72503014732"
New york,2025-07-23T19:00:00,77.3,77.3,56.3,48.39,0,0,,0,0,26.4,16.8,173,1022.9,16.8,9.9,89,0.3,1,,Clear,clear-day,"72505394728,KJFK,KLGA,74486094789,F8726,KNYC,72503014732"
New york,2025-07-23T20:00:00,75.5,75.5,56.2,51.21,0,0,,0,0,20.8,10.5,183,1022.9,16.8,9.9,11,0,0,,Clear,clear-day,"72505394728,KJFK,KLGA,74486094789,F8726,KNYC,72503014732"
New york,2025-07-23T21:00:00,74.6,74.6,56.4,53.2,0,0,,0,0,20.8,9.9,182,1022.9,26.5,9.2,0,0,0,,Partially cloudy,partly-cloudy-night,"72505394728,KJFK,KLGA,74486094789,F8726,KNYC,72503014732"
New york,2025-07-23T22:00:00,74.2,74.2,56.5,53.9,0,0,,0,0,21.9,9.2,193,1023.6,26.5,9.9,0,0,0,,Partially cloudy,partly-cloudy-night,"72505394728,KJFK,KLGA,74486094789,F8726,KNYC,72503014732"
New york,2025-07-23T23:00:00,74.2,74.2,57.5,55.98,0,0,,0,0,19.7,9.9,197,1023.7,30.9,9.9,0,0,0,,Partially cloudy,partly-cloudy-night,"72505394728,KJFK,KLGA,74486094789,F8726,KNYC,72503014732"
New york,2025-07-24T00:00:00,73.2,73.2,57.5,57.89,0,0,,0,0,20.8,11.1,200,1023.6,30.9,9.9,0,0,0,,Partially cloudy,partly-cloudy-night,"72505394728,KJFK,KLGA,74486094789,F8726,KNYC,72503014732"
New york,2025-07-24T01:00:00,73.1,73.1,58,59.32,0,0,,0,0,14.5,7.6,213,1023.6,30.9,9.9,0,0,0,,Partially cloudy,partly-cloudy-night,"72505394728,KJFK,KLGA,74486094789,F8726,KNYC,72503014732"
New york,2025-07-24T02:00:00,72.1,72.1,57.9,60.87,0,0,,0,0,13.9,8.4,216,1023.4,30.9,9.9,0,0,0,,Partially cloudy,partly-cloudy-night,"72505394728,KJFK,KLGA,74486094789,F8726,KNYC,72503014732"
New york,2025-07-24T03:00:00,71.7,71.7,58.3,62.52,0,0,,0,0,13.9,7.7,223,1023.3,30.9,9.9,0,0,0,,Partially cloudy,partly-cloudy-night,"72505394728,KJFK,KLGA,74486094789,F8726,KNYC,72503014732"
New york,2025-07-24T04:00:00,71.1,71.1,58.7,64.97,0,0,,0,0,13.2,7.5,216,1023,30.9,9.9,0,0,0,,Partially cloudy,partly-cloudy-night,"72505394728,KJFK,KLGA,74486094789,F8726,KNYC,72503014732"
New york,2025-07-24T05:00:00,71.1,71.1,58.7,64.97,0,0,,0,0,13,6.5,223,1022.6,30.9,9.9,0,0,0,,Partially cloudy,partly-cloudy-night,"72505394728,KJFK,KLGA,74486094789,F8726,KNYC,72503014732"
New york,2025-07-24T06:00:00,71.5,71.5,59.1,65.02,0,0,,0,0,12.5,7.2,216,1023,55.8,9.9,19,0.1,0,,Partially cloudy,partly-cloudy-day,"72505394728,KJFK,KLGA,74486094789,F8726,KNYC,72503014732"
New york,2025-07-24T07:00:00,72.3,72.3,59.7,64.52,0,0,,0,0,12.3,6.3,220,1023.3,88.9,9.9,137,0.5,1,,Partially cloudy,partly-cloudy-day,"72505394728,KJFK,KLGA,74486094789,F8726,KNYC,72503014732"
New york,2025-07-24T08:00:00,73.6,73.6,60.5,63.65,0,0,,0,0,12.8,8.3,211,1023.4,72.3,9.9,337,1.2,3,,Partially cloudy,partly-cloudy-day,"72505394728,KJFK,KLGA,74486094789,F8726,KNYC,72503014732"
New york,2025-07-24T09:00:00,75.9,75.9,60.8,59.54,0,0,,0,0,14.1,8.9,223,1023.3,47.4,9.9,377,1.4,4,,Partially cloudy,partly-cloudy-day,"72505394728,KJFK,KLGA,74486094789,F8726,KNYC,72503014732"
New york,2025-07-24T10:00:00,78.5,78.5,59.5,52.1,0,0,,0,0,14.5,10.7,227,1023.1,30.9,9.9,668,2.4,7,,Partially cloudy,partly-cloudy-day,"72505394728,KJFK,KLGA,74486094789,F8726,KNYC,72503014732"
New york,2025-07-24T11:00:00,80.9,81.6,60.3,49.48,0,0,,0,0,15.7,6.7,214,1022.7,21.1,9.9,842,3,8,,Partially cloudy,partly-cloudy-day,"72505394728,KJFK,KLGA,74486094789,F8726,KNYC,72503014732"
New york,2025-07-24T12:00:00,83.6,83.9,60.6,45.98,0,0,,0,0,17,7.7,214,1022,30.9,9.9,917,3.3,9,,Partially cloudy,partly-cloudy-day,"72505394728,KJFK,KLGA,74486094789,F8726,KNYC,72503014732"
New york,2025-07-24T13:00:00,84.5,85.2,62.3,47.51,0,0,,0,0,19.7,8.9,221,1021.1,26.5,9.9,947,3.4,9,,Partially cloudy,partly-cloudy-day,"72505394728,KJFK,KLGA,74486094789,F8726,KNYC,72503014732"
New york,2025-07-24T14:00:00,85.4,86.7,63.8,48.44,0,0,,0,0,26.4,12.2,176,1020.1,26.5,9.9,900,3.2,9,,Partially cloudy,partly-cloudy-day,"72505394728,KJFK,KLGA,74486094789,F8726,KNYC,72503014732"
New york,2025-07-24T15:00:00,85.1,86.4,63.9,49.21,0,0,,0,0,16.1,13.3,162,1019.8,41.3,9.9,839,3,8,,Partially cloudy,partly-cloudy-day,"72505394728,KJFK,KLGA,74486094789,F8726,KNYC,72503014732"
New york,2025-07-24T16:00:00,83.1,84.7,64.5,53.59,0,0,,0,0,25.3,13.1,172,1019.2,85.7,9.9,443,1.6,4,,Partially cloudy,partly-cloudy-day,"72505394728,KJFK,KLGA,74486094789,F8726,KNYC,72503014732"
New york,2025-07-24T17:00:00,83.2,84.8,64.5,53.3,0,0,,0,0,31.1,16,166,1018.4,48.8,9.9,415,1.5,4,,Partially cloudy,partly-cloudy-day,"72505394728,KJFK,KLGA,74486094789,F8726,KNYC,72503014732"
New york,2025-07-24T18:00:00,82.6,84.5,65.2,55.72,0,0,,0,0,31.1,12.9,164,1017.7,65.3,9.9,163,0.6,2,,Partially cloudy,partly-cloudy-day,"72505394728,KJFK,KLGA,74486094789,F8726,KNYC,72503014732"
New york,2025-07-24T19:00:00,82.1,84.3,65.9,58.11,0,0,,0,0,24.9,8.5,183,1017.2,65.3,9.9,87,0.3,1,,Partially cloudy,partly-cloudy-day,"72505394728,KJFK,KLGA,74486094789,F8726,KNYC,72503014732"
New york,2025-07-24T20:00:00,80.9,83.1,66.2,60.88,0,0,,0,0,25.7,10.6,183,1017,54.9,9.9,14,0.1,0,,Partially cloudy,partly-cloudy-day,"72505394728,KJFK,KLGA,74486094789,F8726,KNYC,72503014732"
New york,2025-07-24T21:00:00,80.6,82.8,66.5,62.31,0,0,,0,0,14.1,8.1,232,1016.9,54.9,9.9,0,0,0,,Partially cloudy,partly-cloudy-night,"72505394728,KJFK,KLGA,74486094789,F8726,KNYC,72503014732"
New york,2025-07-24T22:00:00,80.6,82.8,66.5,62.31,0,0,,0,0,15.4,9,203,1017.3,54.9,9.9,0,0,0,,Partially cloudy,partly-cloudy-night,"72505394728,KJFK,KLGA,74486094789,F8726,KNYC,72503014732"
New york,2025-07-24T23:00:00,79.5,79.5,65.6,62.66,0,0,,0,0,16.8,10.6,196,1017.1,21.1,9.9,0,0,0,,Partially cloudy,partly-cloudy-night,"72505394728,KJFK,KLGA,74486094789,F8726,KNYC,72503014732"
