name,datetime,temp,feelslike,dew,humidity,precip,precipprob,preciptype,snow,snowdepth,windgust,windspeed,winddir,sealevelpressure,cloudcover,visibility,solarradiation,solarenergy,uvindex,severerisk,conditions,icon,stations
New york,2025-05-04T00:00:00,65,65,58.7,79.89,0.006,100,rain,0,0,11,5.1,125,1012.2,93.1,8.8,0,0,0,,"Rain, Overcast",rain,"72505394728,KJFK,KLGA,74486094789,F8726,KNYC,72503014732"
New york,2025-05-04T01:00:00,64.5,64.5,58,79.35,0,0,,0,0,11.6,7.5,125,1012.5,88.9,8.5,0,0,0,,Partially cloudy,partly-cloudy-night,"72505394728,KJFK,KLGA,74486094789,F8726,KNYC,72503014732"
New york,2025-05-04T02:00:00,63.3,63.3,56.7,79.02,0,0,,0,0,11.4,7.6,135,1012.2,74,8,0,0,0,,Partially cloudy,partly-cloudy-night,"72505394728,KJFK,KLGA,74486094789,F8726,KNYC,72503014732"
New york,2025-05-04T03:00:00,63.1,63.1,56.1,77.84,0,0,,0,0,11.4,5.4,131,1012,88.9,9.2,0,0,0,,Partially cloudy,partly-cloudy-night,"72505394728,KJFK,KLGA,74486094789,F8726,KNYC,72503014732"
New york,2025-05-04T04:00:00,63.3,63.3,56.5,78.35,0,0,,0,0,12.1,5.1,44,1011.5,65.3,9.2,0,0,0,,Partially cloudy,partly-cloudy-night,"72505394728,KJFK,KLGA,74486094789,F8726,KNYC,72503014732"
New york,2025-05-04T05:00:00,62.7,62.7,55.8,78.41,0,0,,0,0,12.1,6.6,123,1011.8,65.3,9.5,0,0,0,,Partially cloudy,partly-cloudy-night,"72505394728,KJFK,KLGA,74486094789,F8726,KNYC,72503014732"
New york,2025-05-04T06:00:00,61.3,61.3,56.3,83.84,0,0,,0,0,11.2,6.7,160,1011.8,54.9,8.9,11,0,0,,Partially cloudy,partly-cloudy-day,"72505394728,KJFK,KLGA,74486094789,F8726,KNYC,72503014732"
New york,2025-05-04T07:00:00,61.7,61.7,57,84.39,0,0,,0,0,12.3,6.9,166,1012.6,54.9,8.5,53,0.2,1,,Partially cloudy,partly-cloudy-day,"72505394728,KJFK,KLGA,74486094789,F8726,KNYC,72503014732"
New york,2025-05-04T08:00:00,63.9,63.9,57.7,80.23,0,0,,0,0,13.2,6.3,163,1012.8,68.3,8,141,0.5,1,,Partially cloudy,partly-cloudy-day,"72505394728,KJFK,KLGA,74486094789,F8726,KNYC,72503014732"
New york,2025-05-04T09:00:00,65,65,57.5,76.76,0,0,,0,0,14.8,6.9,173,1013.1,88.9,8,296,1.1,3,,Partially cloudy,partly-cloudy-day,"72505394728,KJFK,KLGA,74486094789,F8726,KNYC,72503014732"
New york,2025-05-04T10:00:00,65.7,65.7,57.2,73.81,0,0,,0,0,18.6,7.2,166,1013.2,81.7,8.4,515,1.9,5,,Partially cloudy,partly-cloudy-day,"72505394728,KJFK,KLGA,74486094789,F8726,KNYC,72503014732"
New york,2025-05-04T11:00:00,68.6,68.6,57.7,68.27,0,0,,0,0,17.7,11.4,166,1013.3,88.9,8.4,394,1.4,4,,Partially cloudy,partly-cloudy-day,"72505394728,KJFK,KLGA,74486094789,F8726,KNYC,72503014732"
New york,2025-05-04T12:00:00,67.8,67.8,57.1,68.61,0,0,,0,0,32.2,8.5,125,1013.3,93.1,8.4,211,0.8,2,,Overcast,cloudy,"72505394728,KJFK,KLGA,74486094789,F8726,KNYC,72503014732"
New york,2025-05-04T13:00:00,66.2,66.2,60.7,82.3,0.024,100,rain,0,0,18.8,8.4,176,1013,98.2,5.3,290,1,3,,"Rain, Overcast",rain,"72505394728,KJFK,KLGA,74486094789,F8726,KNYC,72503014732"
New york,2025-05-04T14:00:00,66.8,66.8,62.2,85.17,0.013,100,rain,0,0,27,13.3,176,1013.1,85.6,8.3,365,1.3,4,,"Rain, Partially cloudy",rain,"72505394728,KJFK,KLGA,F8726,KNYC,72503014732"
New york,2025-05-04T15:00:00,65.6,65.6,60.2,82.7,0,0,,0,0,26.4,12,180,1013.1,98.2,7.6,135,0.5,1,,Overcast,cloudy,"72505394728,KJFK,KLGA,74486094789,F8726,KNYC,72503014732"
New york,2025-05-04T16:00:00,64.2,64.2,58.8,82.53,0.005,100,rain,0,0,18.8,8.5,170,1013.2,97.4,6.2,115,0.4,1,,"Rain, Overcast",rain,"72505394728,KJFK,KLGA,F8726,KNYC,72503014732"
New york,2025-05-04T17:00:00,63.5,63.5,58.8,84.5,0.039,100,rain,0,0,20.6,6.1,125,1013.4,100,6.3,115,0.4,1,,"Rain, Overcast",rain,"72505394728,KJFK,KLGA,74486094789,F8726,KNYC,72503014732"
New york,2025-05-04T18:00:00,63.3,63.3,60.2,89.6,0.048,100,rain,0,0,16.3,5.4,165,1013.4,100,5.1,58,0.2,1,,"Rain, Overcast",rain,"72505394728,KJFK,KLGA,74486094789,F8726,KNYC,72503014732"
New york,2025-05-04T19:00:00,62.9,62.9,59.6,88.77,0.018,100,rain,0,0,13,7.5,158,1013.7,100,4.2,15,0.1,0,,"Rain, Overcast",rain,"72505394728,KJFK,KLGA,74486094789,F8726,KNYC,72503014732"
New york,2025-05-04T20:00:00,61.3,61.3,58.5,90.42,0.014,100,rain,0,0,12.5,4.3,117,1014.1,100,4.4,0,0,0,,"Rain, Overcast",rain,"72505394728,KJFK,KLGA,74486094789,F8726,KNYC,72503014732"
New york,2025-05-04T21:00:00,61.5,61.5,58.8,90.79,0.017,100,rain,0,0,11.4,6.6,103,1014.6,100,4.7,0,0,0,,"Rain, Overcast",rain,"72505394728,KJFK,KLGA,74486094789,F8726,KNYC,72503014732"
New york,2025-05-04T22:00:00,61,61,58.5,91.53,0.011,100,rain,0,0,11.4,4.1,96,1015.2,100,5.1,0,0,0,,"Rain, Overcast",rain,"72505394728,KJFK,KLGA,74486094789,F8726,KNYC,72503014732"
New york,2025-05-04T23:00:00,61.3,61.3,58.3,89.7,0,0,,0,0,11,2.1,44,1015.4,100,4.3,0,0,0,,Overcast,cloudy,"72505394728,KJFK,KLGA,74486094789,F8726,KNYC,72503014732"
New york,2025-05-05T00:00:00,61.3,61.3,58.5,90.42,0,0,,0,0,10.5,3.3,88,1015.7,100,2.8,0,0,0,,Overcast,cloudy,"72505394728,KJFK,KLGA,74486094789,F8726,KNYC,72503014732"
New york,2025-05-05T01:00:00,61,61,58,90.04,0,0,,0,0,10.3,4.1,91,1016.2,100,1.1,0,0,0,,Overcast,cloudy,"72505394728,KJFK,KLGA,F8726,KNYC,72503014732"
New york,2025-05-05T02:00:00,60.7,60.7,58.3,91.81,0,0,,0,0,10.3,5.8,114,1016,100,1.5,0,0,0,,Overcast,cloudy,"72505394728,KJFK,KLGA,74486094789,F8726,KNYC,72503014732"
New york,2025-05-05T03:00:00,60,60,57.7,92.17,0,0,,0,0,9.2,6.1,63,1015.9,100,1.2,0,0,0,,Overcast,cloudy,"72505394728,KJFK,KLGA,74486094789,F8726,KNYC,72503014732"
New york,2025-05-05T04:00:00,59.7,59.7,57.3,91.82,0,0,,0,0,9.2,4.1,52,1016.3,100,1.2,0,0,0,,Overcast,cloudy,"72505394728,KJFK,KLGA,74486094789,F8726,KNYC,72503014732"
New york,2025-05-05T05:00:00,58.7,58.7,56.1,90.87,0,0,,0,0,10.7,7,49,1016.8,100,1.2,0,0,0,,Overcast,cloudy,"72505394728,KJFK,KLGA,74486094789,F8726,KNYC,72503014732"
New york,2025-05-05T06:00:00,58.9,58.9,56.3,91.05,0,0,,0,0,12.1,7.4,50,1016.8,100,1.3,8,0,0,,Overcast,cloudy,"72505394728,KJFK,KLGA,74486094789,F8726,KNYC,72503014732"
New york,2025-05-05T07:00:00,58.4,58.4,55.6,90.45,0,0,,0,0,13.6,11,55,1017.9,100,1.1,32,0.1,0,,Overcast,cloudy,"72505394728,KJFK,KLGA,F8726,KNYC,72503014732"
New york,2025-05-05T08:00:00,58.9,58.9,56.3,91.05,0,0,,0,0,14.5,10.3,53,1018.1,100,1.5,99,0.4,1,,Overcast,cloudy,"72505394728,KJFK,KLGA,74486094789,F8726,KNYC,72503014732"
New york,2025-05-05T09:00:00,58.7,58.7,56.3,91.61,0,0,,0,0,15.9,9.2,59,1018.8,100,1.7,273,1,3,,Overcast,cloudy,"72505394728,KJFK,KLGA,74486094789,F8726,KNYC,72503014732"
New york,2025-05-05T10:00:00,59.4,59.4,56,88.56,0,0,,0,0,21.9,10.4,64,1019.6,100,3.2,193,0.7,2,,Overcast,cloudy,"72505394728,KJFK,KLGA,F8726,KNYC,72503014732"
New york,2025-05-05T11:00:00,60.1,60.1,56.3,87.15,0,0,,0,0,17.2,11,52,1019.5,100,2.8,201,0.7,2,,Overcast,cloudy,"72505394728,KJFK,KLGA,74486094789,F8726,KNYC,72503014732"
New york,2025-05-05T12:00:00,58.8,58.8,56.2,90.8,0.012,100,rain,0,0,20.1,10.7,57,1020,100,1.7,145,0.5,1,,"Rain, Overcast",rain,"72505394728,KJFK,KLGA,F8726,KNYC,72503014732"
New york,2025-05-05T13:00:00,59.7,59.7,57,90.6,0.133,100,rain,0,0,19.9,10.5,55,1019.5,100,1.3,208,0.7,2,,"Rain, Overcast",rain,"72505394728,KJFK,KLGA,74486094789,F8726,KNYC,72503014732"
New york,2025-05-05T14:00:00,58.9,58.9,55.8,89.32,0.089,100,rain,0,0,19.9,9.2,59,1019.2,100,2.1,192,0.7,2,,"Rain, Overcast",rain,"72505394728,KLGA,F8726,KNYC,72503014732"
New york,2025-05-05T15:00:00,59.2,59.2,56.9,92.01,0.133,100,rain,0,0,16.6,11,59,1018.9,100,1,146,0.5,1,,"Rain, Overcast",rain,"72505394728,KJFK,KLGA,74486094789,F8726,KNYC,72503014732"
New york,2025-05-05T16:00:00,59.2,59.2,56.4,90.54,0.011,100,rain,0,0,17.4,10.4,61,1018.6,100,2.4,68,0.2,1,,"Rain, Overcast",rain,"72505394728,KJFK,KLGA,74486094789,F8726,KNYC,72503014732"
New york,2025-05-05T17:00:00,58.7,58.7,55.8,90.05,0.104,100,rain,0,0,17.7,7.6,56,1018.7,100,0.9,46,0.2,0,,"Rain, Overcast",rain,"72505394728,KJFK,KLGA,F8726,KNYC,72503014732"
New york,2025-05-05T18:00:00,59.2,59.2,56.4,90.54,0.162,100,rain,0,0,17.4,12.1,69,1018.4,100,1.5,23,0.1,0,,"Rain, Overcast",rain,"72505394728,KJFK,KLGA,74486094789,F8726,KNYC,72503014732"
New york,2025-05-05T19:00:00,60.7,60.7,58,90.77,0.079,100,rain,0,0,22.6,10.6,104,1018.6,100,2.3,12,0,0,,"Rain, Overcast",rain,"72505394728,KJFK,KLGA,74486094789,F8726,KNYC,72503014732"
New york,2025-05-05T20:00:00,60.8,60.8,58.3,91.53,0,0,,0,0,22.6,9.7,120,1018.9,100,1.2,0,0,0,,Overcast,cloudy,"72505394728,KJFK,KLGA,74486094789,F8726,KNYC,72503014732"
New york,2025-05-05T21:00:00,61,61,57.7,88.84,0.039,100,rain,0,0,15.4,9,127,1019.4,100,2.4,0,0,0,,"Rain, Overcast",rain,"72505394728,KJFK,KLGA,74486094789,F8726,KNYC,72503014732"
New york,2025-05-05T22:00:00,61.3,61.3,58.5,90.42,0.005,100,rain,0,0,15.7,10.3,122,1019.7,100,4.1,0,0,0,,"Rain, Overcast",rain,"72505394728,KJFK,KLGA,74486094789,F8726,KNYC,72503014732"
New york,2025-05-05T23:00:00,59.6,59.6,56.7,90.02,0.021,100,rain,0,0,24.2,8.3,70,1020,98.6,5,0,0,0,,"Rain, Overcast",rain,"72505394728,KJFK,KLGA,F8726,KNYC,72503014732"
New york,2025-05-06T00:00:00,58,58,55.5,91.38,0.027,100,rain,0,0,24.2,10.1,57,1019.7,100,5.7,0,0,0,,"Rain, Overcast",rain,"72505394728,KJFK,KLGA,74486094789,F8726,KNYC,72503014732"
New york,2025-05-06T01:00:00,56.9,56.9,54.9,93.02,0.052,100,rain,0,0,15.7,6.6,53,1019.6,100,3.5,0,0,0,,"Rain, Overcast",rain,"72505394728,KJFK,KLGA,74486094789,F8726,KNYC,72503014732"
New york,2025-05-06T02:00:00,57.7,57.7,55.1,91.18,0.139,100,rain,0,0,15.2,4.7,44,1019,100,2.7,0,0,0,,"Rain, Overcast",rain,"72505394728,KJFK,KLGA,74486094789,F8726,KNYC,72503014732"
New york,2025-05-06T03:00:00,57.5,57.5,54.9,90.78,0.003,100,rain,0,0,13.9,6.4,66,1019.1,100,1.6,0,0,0,,"Rain, Overcast",rain,"72505394728,KJFK,KLGA,F8726,KNYC,72503014732"
New york,2025-05-06T04:00:00,57.7,57.7,55.7,93.21,0.005,100,rain,0,0,12.5,5.1,92,1019.1,100,1,0,0,0,,"Rain, Overcast",rain,"72505394728,KJFK,KLGA,74486094789,F8726,KNYC,72503014732"
New york,2025-05-06T05:00:00,59.9,59.9,57.7,92.39,0.002,100,rain,0,0,13,5.3,112,1019,100,0.7,0,0,0,,"Rain, Overcast",rain,"72505394728,KJFK,KLGA,74486094789,F8726,KNYC,72503014732"
New york,2025-05-06T06:00:00,59.9,59.9,57.1,90.19,0.007,100,rain,0,0,13.4,7.4,107,1018.5,100,1.7,4,0,0,,"Rain, Overcast",rain,"72505394728,KJFK,KLGA,74486094789,F8726,KNYC,72503014732"
New york,2025-05-06T07:00:00,61.3,61.3,59,92.02,0,0,,0,0,15.2,4.8,130,1019.1,100,1.9,29,0.1,0,,Overcast,cloudy,"72505394728,KLGA,F8726,KNYC"
New york,2025-05-06T08:00:00,61.9,61.9,59,90.31,0,0,,0,0,17.7,8,136,1018.6,100,1.1,107,0.4,1,,Overcast,cloudy,"72505394728,KJFK,KLGA,F8726,KNYC,72503014732"
New york,2025-05-06T09:00:00,61,61,58.8,92.42,0,0,,0,0,18.3,8.3,134,1018.5,100,0.7,89,0.3,1,,Overcast,cloudy,"72505394728,KJFK,KLGA,74486094789,F8726,KNYC,72503014732"
New york,2025-05-06T10:00:00,61.7,61.7,58.5,89.2,0.084,100,rain,0,0,19.2,9,120,1018.4,100,4.5,122,0.4,1,,"Rain, Overcast",rain,"72505394728,KJFK,KLGA,74486094789,F8726,KNYC,72503014732"
New york,2025-05-06T11:00:00,62.1,62.1,59.4,91.02,0.002,100,rain,0,0,20.4,7.6,106,1018.2,100,4.1,182,0.7,2,,"Rain, Overcast",rain,"72505394728,KJFK,KLGA,74486094789,F8726,KNYC,72503014732"
New york,2025-05-06T12:00:00,61.4,61.4,58.5,90.19,0.01,100,rain,0,0,23,8.1,144,1018.2,98.6,4.7,134,0.5,1,,"Rain, Overcast",rain,"72505394728,KJFK,KLGA,F8726,KNYC,72503014732"
New york,2025-05-06T13:00:00,63.1,63.1,59.8,89.04,0.002,100,rain,0,0,23.9,8.1,120,1016.8,96.1,6.7,240,0.9,2,,"Rain, Overcast",rain,"72505394728,KJFK,KLGA,74486094789,F8726,KNYC,72503014732"
New york,2025-05-06T14:00:00,64.2,64.2,58.9,82.96,0,0,,0,0,20.8,11.3,107,1016.8,100,9.2,233,0.8,2,,Overcast,cloudy,"72505394728,KJFK,KLGA,74486094789,F8726,KNYC,72503014732"
New york,2025-05-06T15:00:00,64.1,64.1,58.1,80.98,0,0,,0,0,27.5,9.9,147,1015.7,100,9.5,433,1.6,4,,Overcast,cloudy,"72505394728,KJFK,KLGA,74486094789,F8726,KNYC,72503014732"
New york,2025-05-06T16:00:00,63.3,63.3,58.1,83.22,0,0,,0,0,23,14.6,150,1014.7,100,8.4,140,0.5,1,,Overcast,cloudy,"72505394728,KJFK,KLGA,74486094789,F8726,KNYC,72503014732"
New york,2025-05-06T17:00:00,61.9,61.9,58.5,88.66,0,0,,0,0,31.1,15.7,133,1014.1,100,1.7,150,0.5,2,,Overcast,cloudy,"72505394728,KJFK,KLGA,74486094789,F8726,KNYC,72503014732"
New york,2025-05-06T18:00:00,59.9,59.9,56.7,89.08,0,0,,0,0,29.8,17.2,140,1013.7,100,1.5,51,0.2,1,,Overcast,cloudy,"72505394728,KJFK,KLGA,74486094789,F8726,KNYC,72503014732"
New york,2025-05-06T19:00:00,59.7,59.7,56.9,90.68,0,0,,0,0,21.5,10.8,157,1013.6,100,1.2,17,0.1,0,,Overcast,cloudy,"72505394728,KJFK,KLGA,74486094789,F8726,KNYC,72503014732"
New york,2025-05-06T20:00:00,59.3,59.3,56.5,90.67,0,0,,0,0,17.4,9,174,1013.8,100,1.2,0,0,0,,Overcast,cloudy,"72505394728,KJFK,KLGA,74486094789,F8726,KNYC,72503014732"
New york,2025-05-06T21:00:00,59.7,59.7,56.9,90.34,0,0,,0,0,21.9,5.4,236,1014.8,95.2,3.7,0,0,0,,Overcast,cloudy,"72505394728,KJFK,KLGA,74486094789,F8726,KNYC,72503014732"
New york,2025-05-06T22:00:00,59.1,59.1,55.6,88.3,0,0,,0,0,13,2.5,0,1015,88.9,6.7,0,0,0,,Partially cloudy,partly-cloudy-night,"72505394728,KJFK,KLGA,74486094789,F8726,KNYC,72503014732"
New york,2025-05-06T23:00:00,60.1,60.1,53.6,79.12,0,0,,0,0,12.1,5.5,185,1015,30.9,9.2,0,0,0,,Partially cloudy,partly-cloudy-night,"72505394728,KJFK,KLGA,74486094789,F8726,KNYC,72503014732"
New york,2025-05-07T00:00:00,59.6,59.6,52.1,76.2,0,0,,0,0,11,3.1,302,1015.2,47.4,9.2,0,0,0,,Partially cloudy,partly-cloudy-night,"72505394728,KJFK,KLGA,74486094789,F8726,KNYC,72503014732"
New york,2025-05-07T01:00:00,58.8,58.8,51.1,75.64,0,0,,0,0,10.5,0.6,39,1015,43.1,9.3,0,0,0,,Partially cloudy,partly-cloudy-night,"72505394728,KJFK,KLGA,74486094789,F8726,KNYC,72503014732"
New york,2025-05-07T02:00:00,57.8,57.8,52.3,81.74,0,0,,0,0,11.4,3.6,131,1014.6,64.9,9.9,0,0,0,,Partially cloudy,partly-cloudy-night,"72505394728,KJFK,KLGA,74486094789,F8726,KNYC,72503014732"
New york,2025-05-07T03:00:00,58.4,58.4,51.5,77.83,0,0,,0,0,10.5,2.6,133,1014.3,93.1,9.9,0,0,0,,Overcast,cloudy,"72505394728,KJFK,KLGA,74486094789,F8726,KNYC,72503014732"
New york,2025-05-07T04:00:00,58.2,58.2,51.5,78.6,0,0,,0,0,10.5,4.2,136,1014.4,88.9,9.9,0,0,0,,Partially cloudy,partly-cloudy-night,"72505394728,KJFK,KLGA,74486094789,F8726,KNYC,72503014732"
New york,2025-05-07T05:00:00,58,58,51.8,79.73,0.005,100,rain,0,0,11.4,4,245,1014.6,97.9,9.2,0,0,0,,"Rain, Overcast",rain,"72505394728,KJFK,KLGA,74486094789,F8726,KNYC,72503014732"
New york,2025-05-07T06:00:00,57.1,57.1,51,80.06,0.005,100,rain,0,0,11.6,7.2,206,1014.5,39,9.9,14,0.1,0,,"Rain, Partially cloudy",rain,"72505394728,KJFK,KLGA,74486094789,F8726,KNYC,72503014732"
New york,2025-05-07T07:00:00,58.5,58.5,51.3,77.12,0,0,,0,0,11.2,6.3,208,1014.8,81.5,9.9,132,0.5,1,,Partially cloudy,partly-cloudy-day,"72505394728,KJFK,KLGA,74486094789,F8726,KNYC,72503014732"
New york,2025-05-07T08:00:00,60.5,60.5,49.9,67.94,0,0,,0,0,10.7,6,190,1015.6,65.3,9.9,212,0.8,2,,Partially cloudy,partly-cloudy-day,"72505394728,KJFK,KLGA,74486094789,F8726,KNYC,72503014732"
New york,2025-05-07T09:00:00,62.6,62.6,49.1,61.44,0,0,,0,0,11.9,6.1,249,1016,57.9,9.9,515,1.9,5,,Partially cloudy,partly-cloudy-day,"72505394728,KJFK,KLGA,74486094789,F8726,KNYC,72503014732"
New york,2025-05-07T10:00:00,65.2,65.2,49,55.59,0,0,,0,0,13.6,7.9,209,1015.9,47.4,9.9,666,2.4,7,,Partially cloudy,partly-cloudy-day,"72505394728,KJFK,KLGA,74486094789,F8726,KNYC,72503014732"
New york,2025-05-07T11:00:00,66.8,66.8,49.1,53,0,0,,0,0,16.1,3.6,277,1015.5,30.9,9.9,709,2.6,7,,Partially cloudy,partly-cloudy-day,"72505394728,KJFK,KLGA,74486094789,F8726,KNYC,72503014732"
New york,2025-05-07T12:00:00,69.3,69.3,48.5,47.45,0,0,,0,0,17,7.6,203,1015.6,47.4,9.9,540,1.9,5,,Partially cloudy,partly-cloudy-day,"72505394728,KJFK,KLGA,74486094789,F8726,KNYC,72503014732"
New york,2025-05-07T13:00:00,71.1,71.1,48,43.87,0,0,,0,0,18.3,6.1,273,1015.3,30.9,9.9,824,3,8,,Partially cloudy,partly-cloudy-day,"72505394728,KJFK,KLGA,74486094789,F8726,KNYC,72503014732"
New york,2025-05-07T14:00:00,72,72,47,40.98,0,0,,0,0,17.2,9,214,1014.5,50,9.9,754,2.7,8,,Partially cloudy,partly-cloudy-day,"72505394728,KJFK,KLGA,F8726,KNYC,72503014732"
New york,2025-05-07T15:00:00,73.7,73.7,47.3,39.17,0,0,,0,0,18.3,10.6,211,1014.2,66.6,9.9,800,2.9,8,,Partially cloudy,partly-cloudy-day,"72505394728,KJFK,KLGA,74486094789,F8726,KNYC,72503014732"
New york,2025-05-07T16:00:00,73.5,73.5,48.5,41.25,0,0,,0,0,20.8,10.1,173,1013.3,47.4,9.9,538,1.9,5,,Partially cloudy,partly-cloudy-day,"72505394728,KJFK,KLGA,74486094789,F8726,KNYC,72503014732"
New york,2025-05-07T17:00:00,70.3,70.3,47.6,44.47,0,0,,0,0,14.3,11.7,183,1013.6,93.1,9.9,57,0.2,1,,Overcast,cloudy,"72505394728,KJFK,KLGA,74486094789,F8726,KNYC,72503014732"
New york,2025-05-07T18:00:00,68.3,68.3,48.7,49.48,0,0,,0,0,13.6,7.7,232,1014.1,93.1,9.9,31,0.1,0,,Overcast,cloudy,"72505394728,KJFK,KLGA,74486094789,F8726,KNYC,72503014732"
New york,2025-05-07T19:00:00,69.5,69.5,48.5,47.18,0,0,,0,0,13.4,4.9,245,1014.3,93.1,9.9,53,0.2,1,,Overcast,cloudy,"72505394728,KJFK,KLGA,74486094789,F8726,KNYC,72503014732"
New york,2025-05-07T20:00:00,69,69,47.8,46.81,0,0,,0,0,13,2.4,286,1014.4,74,9.9,2,0,0,,Partially cloudy,partly-cloudy-night,"72505394728,KJFK,KLGA,74486094789,F8726,KNYC,72503014732"
New york,2025-05-07T21:00:00,66.7,66.7,49.5,53.86,0,0,,0,0,12.5,0,0,1014.4,65.3,9.9,0,0,0,,Partially cloudy,partly-cloudy-night,"72505394728,KJFK,KLGA,74486094789,F8726,KNYC,72503014732"
New york,2025-05-07T22:00:00,65.3,65.3,50,57.68,0,0,,0,0,12.5,0.6,312,1015.3,38.3,9.9,0,0,0,,Partially cloudy,partly-cloudy-night,"72505394728,KJFK,KLGA,74486094789,F8726,KNYC,72503014732"
New york,2025-05-07T23:00:00,65,65,50.5,59.33,0,0,,0,0,12.8,2.3,121,1015.4,54.9,9.9,0,0,0,,Partially cloudy,partly-cloudy-night,"72505394728,KJFK,KLGA,74486094789,F8726,KNYC,72503014732"
New york,2025-05-08T00:00:00,64.6,64.6,51,61.49,0,0,,0,0,12.8,1.4,64,1015.6,74,9.9,0,0,0,,Partially cloudy,partly-cloudy-night,"72505394728,KJFK,KLGA,74486094789,F8726,KNYC,72503014732"
New york,2025-05-08T01:00:00,63.6,63.6,50.7,62.86,0,0,,0,0,12.3,0.6,309,1015.4,54.9,9.9,0,0,0,,Partially cloudy,partly-cloudy-night,"72505394728,KJFK,KLGA,74486094789,F8726,KNYC,72503014732"
New york,2025-05-08T02:00:00,63,63,50.8,64.52,0,0,,0,0,11.6,2.7,267,1015.1,54.9,9.9,0,0,0,,Partially cloudy,partly-cloudy-night,"72505394728,KJFK,KLGA,74486094789,F8726,KNYC,72503014732"
New york,2025-05-08T03:00:00,64.5,64.5,50.8,61.16,0,0,,0,0,9.2,5.1,226,1015.2,93.1,9.9,0,0,0,,Overcast,cloudy,"72505394728,KJFK,KLGA,74486094789,F8726,KNYC,72503014732"
New york,2025-05-08T04:00:00,63.1,63.1,49.6,61.38,0,0,,0,0,8.9,4.4,276,1015.4,47.4,9.9,0,0,0,,Partially cloudy,partly-cloudy-night,"72505394728,KJFK,KLGA,74486094789,F8726,KNYC,72503014732"
New york,2025-05-08T05:00:00,61.1,61.1,51.5,70.69,0,0,,0,0,8.3,3.8,3,1015.3,54.9,9.9,0,0,0,,Partially cloudy,partly-cloudy-night,"72505394728,KJFK,KLGA,74486094789,F8726,KNYC,72503014732"
New york,2025-05-08T06:00:00,59.9,59.9,51.1,72.67,0,0,,0,0,7.4,4.3,5,1015.3,54.9,9.9,18,0.1,0,,Partially cloudy,partly-cloudy-day,"72505394728,KJFK,KLGA,74486094789,F8726,KNYC,72503014732"
New york,2025-05-08T07:00:00,61.5,61.5,52.4,72.12,0,0,,0,0,6.9,2.5,20,1015.6,54.9,9.9,124,0.4,1,,Partially cloudy,partly-cloudy-day,"72505394728,KJFK,KLGA,74486094789,F8726,KNYC,72503014732"
New york,2025-05-08T08:00:00,64.2,64.2,52.8,66.54,0,0,,0,0,6,1.1,357,1016,54.9,9.9,366,1.3,4,,Partially cloudy,partly-cloudy-day,"72505394728,KJFK,KLGA,74486094789,F8726,KNYC,72503014732"
New york,2025-05-08T09:00:00,68.1,68.1,53.1,58.67,0,0,,0,0,4.9,3.4,19,1016.7,51.5,9.9,543,2,5,,Partially cloudy,partly-cloudy-day,"72505394728,KJFK,KLGA,74486094789,F8726,KNYC,72503014732"
New york,2025-05-08T10:00:00,70.4,70.4,53.6,55.11,0,0,,0,0,4.3,5.4,86,1016.7,49.8,9.9,646,2.3,6,,Partially cloudy,partly-cloudy-day,"72505394728,KJFK,KLGA,74486094789,F8726,KNYC,72503014732"
New york,2025-05-08T11:00:00,71.2,71.2,53.1,52.7,0,0,,0,0,4.5,7.5,92,1016.5,93.1,9.9,450,1.6,5,,Overcast,cloudy,"72505394728,KJFK,KLGA,74486094789,F8726,KNYC,72503014732"
New york,2025-05-08T12:00:00,73.9,73.9,53.6,49.24,0,0,,0,0,10.1,7.5,96,1016.2,93.1,9.9,823,3,8,,Overcast,cloudy,"72505394728,KJFK,KLGA,74486094789,F8726,KNYC,72503014732"
New york,2025-05-08T13:00:00,75.4,75.4,52.4,44.78,0,0,,0,0,11,8.6,87,1015.5,81.5,9.9,982,3.5,10,,Partially cloudy,partly-cloudy-day,"72505394728,KJFK,KLGA,74486094789,F8726,KNYC,72503014732"
New york,2025-05-08T14:00:00,75.6,75.6,52.8,45.06,0,0,,0,0,10.5,7.1,80,1014.8,81.5,9.9,898,3.2,9,,Partially cloudy,partly-cloudy-day,"72505394728,KJFK,KLGA,74486094789,F8726,KNYC,72503014732"
New york,2025-05-08T15:00:00,73.4,73.4,52.3,47.48,0,0,,0,0,16.1,9.4,169,1014.5,81.5,9.9,800,2.9,8,,Partially cloudy,partly-cloudy-day,"72505394728,KJFK,KLGA,74486094789,F8726,KNYC,72503014732"
New york,2025-05-08T16:00:00,74.2,74.2,49.6,41.86,0,0,,0,0,21.9,12.2,166,1014.1,62.2,9.9,586,2.1,6,,Partially cloudy,partly-cloudy-day,"72505394728,KJFK,KLGA,74486094789,F8726,KNYC,72503014732"
New york,2025-05-08T17:00:00,72,72,49.3,44.74,0,0,,0,0,10.7,15.4,176,1014.2,57.9,9.9,252,0.9,3,,Partially cloudy,partly-cloudy-day,"72505394728,KJFK,KLGA,74486094789,F8726,KNYC,72503014732"
New york,2025-05-08T18:00:00,70.9,70.9,49.4,46.64,0,0,,0,0,10.5,10.8,176,1014.3,85.7,9.9,70,0.3,1,,Partially cloudy,partly-cloudy-day,"72505394728,KJFK,KLGA,74486094789,F8726,KNYC,72503014732"
New york,2025-05-08T19:00:00,66.1,66.1,53.6,63.98,0,0,,0,0,21.5,10.3,304,1015,93.1,9.9,6,0,0,,Overcast,cloudy,"72505394728,KJFK,KLGA,74486094789,F8726,KNYC,72503014732"
New york,2025-05-08T20:00:00,64.2,64.2,54.7,71.36,0,0,,0,0,10.1,7.9,72,1015.6,93.1,8.5,0,0,0,,Overcast,cloudy,"72505394728,KJFK,KLGA,74486094789,F8726,KNYC,72503014732"
New york,2025-05-08T21:00:00,64.2,64.2,56.2,75.11,0,0,,0,0,15,6.6,46,1016,93.1,9.9,0,0,0,,Overcast,cloudy,"72505394728,KJFK,KLGA,74486094789,F8726,KNYC,72503014732"
New york,2025-05-08T22:00:00,63.2,63.2,56.2,77.95,0,0,,0,0,17.2,8.7,31,1016.4,93.1,9.9,0,0,0,,Overcast,cloudy,"72505394728,KJFK,KLGA,74486094789,F8726,KNYC,72503014732"
New york,2025-05-08T23:00:00,61.7,61.7,55,78.49,0,0,,0,0,16.3,8.4,32,1016.7,97.9,9.9,0,0,0,,Overcast,cloudy,"72505394728,KJFK,KLGA,74486094789,F8726,KNYC,72503014732"
New york,2025-05-09T00:00:00,61,61,53.8,77.06,0,0,,0,0,15.7,10.1,46,1016.4,100,9.9,0,0,0,,Overcast,cloudy,"72505394728,KJFK,KLGA,74486094789,F8726,KNYC,72503014732"
New york,2025-05-09T01:00:00,60.5,60.5,52.7,75.24,0,0,,0,0,13.9,8.2,35,1016.1,88.9,9.9,0,0,0,,Partially cloudy,partly-cloudy-night,"72505394728,KJFK,KLGA,74486094789,F8726,KNYC,72503014732"
New york,2025-05-09T02:00:00,59.6,59.6,53.2,79.26,0.013,100,rain,0,0,12.5,7,20,1015.6,100,6.5,0,0,0,,"Rain, Overcast",rain,"72505394728,KJFK,KLGA,74486094789,F8726,KNYC,72503014732"
New york,2025-05-09T03:00:00,59.1,59.1,54,83.1,0,0,,0,0,14.1,6.5,44,1014.9,97.9,9.9,0,0,0,,Overcast,cloudy,"72505394728,KJFK,KLGA,74486094789,F8726,KNYC,72503014732"
New york,2025-05-09T04:00:00,58.9,58.9,54,83.58,0,0,,0,0,15.7,5.8,40,1014.9,100,9.9,0,0,0,,Overcast,cloudy,"72505394728,KJFK,KLGA,74486094789,F8726,KNYC,72503014732"
New york,2025-05-09T05:00:00,58.9,58.9,54,83.58,0,0,,0,0,14.5,9,60,1014.4,100,9.9,0,0,0,,Overcast,cloudy,"72505394728,KJFK,KLGA,74486094789,F8726,KNYC,72503014732"
New york,2025-05-09T06:00:00,58.9,58.9,54,83.58,0,0,,0,0,24.2,12.1,51,1013.8,97.9,9.9,2,0,0,,Overcast,cloudy,"72505394728,KJFK,KLGA,74486094789,F8726,KNYC,72503014732"
New york,2025-05-09T07:00:00,58.8,58.8,54,84.1,0.005,100,rain,0,0,17.2,10.7,63,1013.8,100,9.9,22,0.1,0,,"Rain, Overcast",rain,"72505394728,KJFK,KLGA,74486094789,F8726,KNYC,72503014732"
New york,2025-05-09T08:00:00,58.9,58.9,54,83.58,0,0,,0,0,23,14.2,60,1013.3,95.2,9.2,43,0.2,0,,Overcast,cloudy,"72505394728,KJFK,KLGA,74486094789,F8726,KNYC,72503014732"
New york,2025-05-09T09:00:00,58.4,58.4,54.4,86.54,0.089,100,rain,0,0,17.2,12.2,60,1012.9,99.2,1.5,100,0.4,1,,"Rain, Overcast",rain,"72505394728,KJFK,KLGA,74486094789,F8726,KNYC,72503014732"
New york,2025-05-09T10:00:00,58.2,58.2,54.2,86.37,0.075,100,rain,0,0,23,14.1,58,1012,100,2.9,35,0.1,0,,"Rain, Overcast",rain,"72505394728,KJFK,KLGA,74486094789,F8726,KNYC,72503014732"
New york,2025-05-09T11:00:00,56.9,56.9,53.5,88.38,0.11,100,rain,0,0,24.4,12,63,1012,100,1.8,80,0.3,1,,"Rain, Overcast",rain,"72505394728,KJFK,KLGA,F8726,KNYC,72503014732"
New york,2025-05-09T12:00:00,57.2,57.2,53.9,88.69,0.114,100,rain,0,0,27.7,12.3,62,1011.7,100,1.9,129,0.5,1,,"Rain, Overcast",rain,"72505394728,KJFK,KLGA,F8726,KNYC,72503014732"
New york,2025-05-09T13:00:00,58.9,58.9,55.4,87.94,0.027,100,rain,0,0,21,8.1,35,1010.5,100,2.9,212,0.8,2,,"Rain, Overcast",rain,"72505394728,KJFK,KLGA,74486094789,F8726,KNYC,72503014732"
New york,2025-05-09T14:00:00,58.9,58.9,55.7,89.04,0,0,,0,0,21.9,9,68,1010.4,100,2,124,0.4,1,,Overcast,cloudy,"72505394728,KJFK,KLGA,74486094789,F8726,KNYC,72503014732"
New york,2025-05-09T15:00:00,58.1,58.1,54.9,89.2,0,0,,0,0,15.2,8.3,37,1010.4,100,1.2,98,0.4,1,,Overcast,cloudy,"72505394728,KLGA,F8726,KNYC,72503014732"
New york,2025-05-09T16:00:00,59.8,59.8,56.1,87.51,0,0,,0,0,12.3,6.3,7,1010.3,100,1.9,54,0.2,1,,Overcast,cloudy,"72505394728,KJFK,KLGA,74486094789,F8726,KNYC,72503014732"
New york,2025-05-09T17:00:00,58.8,58.8,54.9,87.09,0.013,100,rain,0,0,15,5.4,360,1010,100,2.7,64,0.2,1,,"Rain, Overcast",rain,"72505394728,KJFK,KLGA,74486094789,F8726,KNYC,72503014732"
New york,2025-05-09T18:00:00,56.6,56.6,53.2,88.42,0.018,100,rain,0,0,15.9,9.7,301,1010.5,100,3.6,64,0.2,1,,"Rain, Overcast",rain,"72505394728,KJFK,KLGA,F8726,KNYC,72503014732"
New york,2025-05-09T19:00:00,55.6,55.6,51.4,85.87,0.02,100,rain,0,0,15.4,11.6,303,1010.7,100,9.9,12,0,0,,"Rain, Overcast",rain,"72505394728,KJFK,KLGA,74486094789,F8726,KNYC,72503014732"
New york,2025-05-09T20:00:00,55.1,55.1,51.2,86.78,0,0,,0,0,14.3,8.1,306,1010.9,95.2,8.8,1,0,0,,Overcast,cloudy,"72505394728,KJFK,KLGA,74486094789,F8726,KNYC,72503014732"
New york,2025-05-09T21:00:00,54.4,54.4,49.7,84.17,0,0,,0,0,15.7,7.8,338,1011.2,98.6,9.9,0,0,0,,Overcast,cloudy,"72505394728,KJFK,KLGA,F8726,KNYC,72503014732"
New york,2025-05-09T22:00:00,55.2,55.2,49.7,81.64,0,0,,0,0,23,12,299,1011.5,97.9,9.9,0,0,0,,Overcast,cloudy,"72505394728,KJFK,KLGA,74486094789,F8726,KNYC,72503014732"
New york,2025-05-09T23:00:00,55.1,55.1,49.7,82.15,0,0,,0,0,18.3,11.7,290,1011.7,97.9,9.9,0,0,0,,Overcast,cloudy,"72505394728,KJFK,KLGA,74486094789,F8726,KNYC,72503014732"
New york,2025-05-10T00:00:00,54.3,54.3,48.3,80.06,0,0,,0,0,25.3,13.5,297,1011.6,97.9,8.6,0,0,0,,Overcast,cloudy,"72505394728,KJFK,KLGA,74486094789,F8726,KNYC,72503014732"
New york,2025-05-10T01:00:00,53.5,53.5,46,75.82,0,0,,0,0,23.4,12.9,303,1011.5,97.9,9.9,0,0,0,,Overcast,cloudy,"72505394728,KJFK,KLGA,74486094789,F8726,KNYC,72503014732"
New york,2025-05-10T02:00:00,52.3,52.3,44.5,74.45,0,0,,0,0,19.7,11.8,290,1011.4,93.1,9.9,0,0,0,,Overcast,cloudy,"72505394728,KJFK,KLGA,74486094789,F8726,KNYC,72503014732"
New york,2025-05-10T03:00:00,51.5,51.5,43.4,73.93,0,0,,0,0,22.8,15.8,313,1010.8,88.9,9.9,0,0,0,,Partially cloudy,partly-cloudy-night,"72505394728,KJFK,KLGA,74486094789,F8726,KNYC,72503014732"
New york,2025-05-10T04:00:00,51.9,51.9,43.4,72.72,0,0,,0,0,22.4,10.6,300,1010.9,93.1,9.9,0,0,0,,Overcast,cloudy,"72505394728,KJFK,KLGA,74486094789,F8726,KNYC,72503014732"
New york,2025-05-10T05:00:00,52.3,52.3,43.3,71.1,0,0,,0,0,26.4,11.2,280,1011.6,97.9,9.9,0,0,0,,Overcast,cloudy,"72505394728,KJFK,KLGA,74486094789,F8726,KNYC,72503014732"
New york,2025-05-10T06:00:00,52.3,52.3,42.9,70.07,0,0,,0,0,25.9,13.7,286,1011.8,93.1,9.9,21,0.1,0,,Overcast,cloudy,"72505394728,KJFK,KLGA,74486094789,F8726,KNYC,72503014732"
New york,2025-05-10T07:00:00,52.5,52.5,42.5,68.72,0,0,,0,0,29.8,16,303,1011.9,66.6,9.9,178,0.6,2,,Partially cloudy,partly-cloudy-day,"72505394728,KJFK,KLGA,74486094789,F8726,KNYC,72503014732"
New york,2025-05-10T08:00:00,54.7,54.7,41.4,60.74,0,0,,0,0,35.8,17.7,296,1012.4,66.6,9.9,271,1,3,,Partially cloudy,partly-cloudy-day,"72505394728,KJFK,KLGA,74486094789,F8726,KNYC,72503014732"
New york,2025-05-10T09:00:00,56.2,56.2,41.6,57.94,0,0,,0,0,34.6,18.5,302,1012.6,81.5,9.9,581,2.1,6,,Partially cloudy,partly-cloudy-day,"72505394728,KJFK,KLGA,74486094789,F8726,KNYC,72503014732"
New york,2025-05-10T10:00:00,58.6,58.6,42.7,55.48,0,0,,0,0,35.1,16.2,333,1012.4,45.6,9.9,768,2.8,8,,Partially cloudy,partly-cloudy-day,"72505394728,KJFK,KLGA,74486094789,F8726,KNYC,72503014732"
New york,2025-05-10T11:00:00,62.3,62.3,43.1,49.44,0,0,,0,0,31.1,15.3,310,1013.2,45.6,9.9,886,3.2,9,,Partially cloudy,partly-cloudy-day,"72505394728,KJFK,KLGA,74486094789,F8726,KNYC,72503014732"
New york,2025-05-10T12:00:00,64.6,64.6,42.5,44.51,0,0,,0,0,32.6,16.2,317,1013.3,45.6,9.9,967,3.5,10,,Partially cloudy,partly-cloudy-day,"72505394728,KJFK,KLGA,74486094789,F8726,KNYC,72503014732"
New york,2025-05-10T13:00:00,66.9,66.9,42.9,41.73,0,0,,0,0,30.1,13.2,299,1013.6,50,9.9,1069,3.8,10,,Partially cloudy,partly-cloudy-day,"72505394728,KJFK,KLGA,74486094789,F8726,KNYC,72503014732"
New york,2025-05-10T14:00:00,69.6,69.6,42,36.66,0,0,,0,0,26.6,13.8,313,1014,37,9.9,694,2.5,7,,Partially cloudy,partly-cloudy-day,"72505394728,KJFK,KLGA,74486094789,F8726,KNYC,72503014732"
New york,2025-05-10T15:00:00,70.3,70.3,39.2,32.15,0,0,,0,0,28.9,16.8,292,1013.8,27.2,9.9,794,2.9,8,,Partially cloudy,partly-cloudy-day,"72505394728,KJFK,KLGA,74486094789,F8726,KNYC,72503014732"
New york,2025-05-10T16:00:00,71.1,71.1,37.1,28.83,0,0,,0,0,28.5,14.4,300,1014,27.2,9.9,619,2.2,6,,Partially cloudy,partly-cloudy-day,"72505394728,KJFK,KLGA,74486094789,F8726,KNYC,72503014732"
New york,2025-05-10T17:00:00,72.3,72.3,36.4,26.88,0,0,,0,0,28.6,14.6,298,1014.3,16.8,9.9,403,1.5,4,,Clear,clear-day,"72505394728,KJFK,KLGA,74486094789,F8726,KNYC,72503014732"
New york,2025-05-10T18:00:00,72.9,72.9,32.8,22.95,0,0,,0,0,25.3,14.2,313,1014.6,16.8,9.9,195,0.7,2,,Clear,clear-day,"72505394728,KJFK,KLGA,74486094789,F8726,KNYC,72503014732"
New york,2025-05-10T19:00:00,72.3,72.3,31.1,21.78,0,0,,0,0,28.9,15.8,323,1015.3,16.8,9.9,56,0.2,1,,Clear,clear-day,"72505394728,KJFK,KLGA,74486094789,F8726,KNYC,72503014732"
New york,2025-05-10T20:00:00,70.9,70.9,31.1,22.88,0,0,,0,0,11.4,9.3,309,1016.5,26.5,9.9,2,0,0,,Partially cloudy,partly-cloudy-day,"72505394728,KJFK,KLGA,74486094789,F8726,KNYC,72503014732"
New york,2025-05-10T21:00:00,69.5,69.5,32.6,25.42,0,0,,0,0,21.9,7.8,300,1017.8,30.9,9.9,0,0,0,,Partially cloudy,partly-cloudy-night,"72505394728,KJFK,KLGA,74486094789,F8726,KNYC,72503014732"
New york,2025-05-10T22:00:00,67.8,67.8,32.1,26.51,0,0,,0,0,10.7,4.2,327,1018.8,30.9,9.9,0,0,0,,Partially cloudy,partly-cloudy-night,"72505394728,KJFK,KLGA,74486094789,F8726,KNYC,72503014732"
New york,2025-05-10T23:00:00,66.7,66.7,32.4,27.84,0,0,,0,0,10.7,3.9,322,1019,30.9,9.9,0,0,0,,Partially cloudy,partly-cloudy-night,"72505394728,KJFK,KLGA,74486094789,F8726,KNYC,72503014732"
New york,2025-05-11T00:00:00,65.4,65.4,35.4,32.78,0,0,,0,0,11.2,4.8,305,1019.4,30.9,9.9,0,0,0,,Partially cloudy,partly-cloudy-night,"72505394728,KJFK,KLGA,74486094789,F8726,KNYC,72503014732"
New york,2025-05-11T01:00:00,65.3,65.3,34.9,32.36,0,0,,0,0,11.2,4.5,308,1019.7,30.9,9.9,0,0,0,,Partially cloudy,partly-cloudy-night,"72505394728,KJFK,KLGA,74486094789,F8726,KNYC,72503014732"
New york,2025-05-11T02:00:00,61.6,61.6,38.6,42.48,0,0,,0,0,11.2,4.2,290,1019.5,21.1,9.9,0,0,0,,Partially cloudy,partly-cloudy-night,"72505394728,KJFK,KLGA,74486094789,F8726,KNYC,72503014732"
New york,2025-05-11T03:00:00,60.7,60.7,38.4,43.63,0,0,,0,0,9.8,3.6,304,1019.5,16.8,9.9,0,0,0,,Clear,clear-night,"72505394728,KJFK,KLGA,74486094789,F8726,KNYC,72503014732"
New york,2025-05-11T04:00:00,59.8,59.8,39,46.04,0,0,,0,0,9.6,2.9,306,1019.8,16.8,9.9,0,0,0,,Clear,clear-night,"72505394728,KJFK,KLGA,74486094789,F8726,KNYC,72503014732"
New york,2025-05-11T05:00:00,59.6,59.6,38.6,45.63,0,0,,0,0,9.8,2.9,313,1020.1,16.8,9.9,0,0,0,,Clear,clear-night,"72505394728,KJFK,KLGA,74486094789,F8726,KNYC,72503014732"
New york,2025-05-11T06:00:00,58.9,58.9,38.6,46.72,0,0,,0,0,10.3,0.6,318,1020.4,16.8,9.9,22,0.1,0,,Clear,clear-day,"72505394728,KJFK,KLGA,74486094789,F8726,KNYC,72503014732"
New york,2025-05-11T07:00:00,61.3,61.3,40.6,46.38,0,0,,0,0,10.7,2.4,299,1021.1,16.8,9.9,128,0.5,1,,Clear,clear-day,"72505394728,KJFK,KLGA,74486094789,F8726,KNYC,72503014732"
New york,2025-05-11T08:00:00,64.6,64.6,40.1,40.64,0,0,,0,0,11,4.7,320,1021.6,16.8,9.9,319,1.1,3,,Clear,clear-day,"72505394728,KJFK,KLGA,74486094789,F8726,KNYC,72503014732"
New york,2025-05-11T09:00:00,67.5,67.5,39.2,35.45,0,0,,0,0,10.7,7.9,316,1021.9,16.8,9.9,554,2,6,,Clear,clear-day,"72505394728,KJFK,KLGA,74486094789,F8726,KNYC,72503014732"
New york,2025-05-11T10:00:00,69.6,69.6,39.9,33.77,0,0,,0,0,13.6,10.6,322,1022.1,16.8,9.9,756,2.7,8,,Clear,clear-day,"72505394728,KJFK,KLGA,74486094789,F8726,KNYC,72503014732"
New york,2025-05-11T11:00:00,72.5,72.5,39.8,30.5,0,0,,0,0,14.5,7.6,342,1022.3,16.8,9.9,886,3.2,9,,Clear,clear-day,"72505394728,KJFK,KLGA,74486094789,F8726,KNYC,72503014732"
New york,2025-05-11T12:00:00,74.2,74.2,39,27.99,0,0,,0,0,19.7,9.3,345,1022.5,16.8,9.9,968,3.5,10,,Clear,clear-day,"72505394728,KJFK,KLGA,74486094789,F8726,KNYC,72503014732"
New york,2025-05-11T13:00:00,75.3,75.3,39.8,27.78,0,0,,0,0,18.3,5.5,337,1022.3,16.8,9.9,981,3.5,10,,Clear,clear-day,"72505394728,KJFK,KLGA,74486094789,F8726,KNYC,72503014732"
New york,2025-05-11T14:00:00,77,77,39.7,26.19,0,0,,0,0,19,11.4,306,1022.2,21.1,9.9,919,3.3,9,,Partially cloudy,partly-cloudy-day,"72505394728,KJFK,KLGA,74486094789,F8726,KNYC,72503014732"
New york,2025-05-11T15:00:00,77.4,77.4,40.8,26.98,0,0,,0,0,17.5,7.5,319,1022.3,28.5,9.9,782,2.8,8,,Partially cloudy,partly-cloudy-day,"72505394728,KJFK,KLGA,74486094789,F8726,KNYC,72503014732"
New york,2025-05-11T16:00:00,77.8,77.8,37.1,23.01,0,0,,0,0,19.7,4.7,337,1022.2,54.9,9.9,551,2,6,,Partially cloudy,partly-cloudy-day,"72505394728,KJFK,KLGA,74486094789,F8726,KNYC,72503014732"
New york,2025-05-11T17:00:00,76.9,76.9,34.7,21.59,0,0,,0,0,18.3,8.1,320,1022.4,54.9,9.9,386,1.4,4,,Partially cloudy,partly-cloudy-day,"72505394728,KJFK,KLGA,74486094789,F8726,KNYC,72503014732"
New york,2025-05-11T18:00:00,75.4,75.4,35.7,23.57,0,0,,0,0,14.3,6.9,291,1023.2,54.9,9.9,179,0.6,2,,Partially cloudy,partly-cloudy-day,"72505394728,KJFK,KLGA,74486094789,F8726,KNYC,72503014732"
New york,2025-05-11T19:00:00,72.8,72.8,40,30.61,0,0,,0,0,12.1,7,78,1023.5,54.9,9.9,56,0.2,1,,Partially cloudy,partly-cloudy-day,"72505394728,KJFK,KLGA,74486094789,F8726,KNYC,72503014732"
New york,2025-05-11T20:00:00,71,71,38.8,31,0,0,,0,0,10.1,5.7,49,1024.2,54.9,9.9,3,0,0,,Partially cloudy,partly-cloudy-day,"72505394728,KJFK,KLGA,74486094789,F8726,KNYC,72503014732"
New york,2025-05-11T21:00:00,68.6,68.6,41.7,37.56,0,0,,0,0,11.6,5.1,110,1025.1,54.9,9.9,0,0,0,,Partially cloudy,partly-cloudy-night,"72505394728,KJFK,KLGA,74486094789,F8726,KNYC,72503014732"
New york,2025-05-11T22:00:00,67,67,40.1,37.32,0,0,,0,0,12.1,6.6,110,1025.8,54.9,9.9,0,0,0,,Partially cloudy,partly-cloudy-night,"72505394728,KJFK,KLGA,74486094789,F8726,KNYC,72503014732"
New york,2025-05-11T23:00:00,64.9,64.9,39.9,39.92,0,0,,0,0,11.4,5.8,80,1026.2,38.3,9.9,0,0,0,,Partially cloudy,partly-cloudy-night,"72505394728,KJFK,KLGA,74486094789,F8726,KNYC,72503014732"
New york,2025-05-12T00:00:00,63.1,63.1,36.8,37.61,0,0,,0,0,11,5.2,60,1026.5,30.9,9.9,0,0,0,,Partially cloudy,partly-cloudy-night,"72505394728,KJFK,KLGA,74486094789,F8726,KNYC,72503014732"
New york,2025-05-12T01:00:00,61.3,61.3,38.5,42.9,0,0,,0,0,9.8,3.4,54,1026.6,30.9,9.9,0,0,0,,Partially cloudy,partly-cloudy-night,"72505394728,KJFK,KLGA,74486094789,F8726,KNYC,72503014732"
New york,2025-05-12T02:00:00,59.9,59.9,39.5,46.77,0,0,,0,0,9.2,4.1,62,1026.4,30.9,9.9,0,0,0,,Partially cloudy,partly-cloudy-night,"72505394728,KJFK,KLGA,74486094789,F8726,KNYC,72503014732"
New york,2025-05-12T03:00:00,58.4,58.4,41,52.4,0,0,,0,0,11.6,4.4,79,1026.4,21.1,9.9,0,0,0,,Partially cloudy,partly-cloudy-night,"72505394728,KJFK,KLGA,74486094789,F8726,KNYC,72503014732"
New york,2025-05-12T04:00:00,57.4,57.4,40.1,52.41,0,0,,0,0,11.9,2.1,35,1026.5,21.1,9.9,0,0,0,,Partially cloudy,partly-cloudy-night,"72505394728,KJFK,KLGA,74486094789,F8726,KNYC,72503014732"
New york,2025-05-12T05:00:00,56,56,41.5,58.21,0,0,,0,0,12.8,3.3,56,1027,16.8,9.9,0,0,0,,Clear,clear-night,"72505394728,KJFK,KLGA,74486094789,F8726,KNYC,72503014732"
New york,2025-05-12T06:00:00,55.8,55.8,40.9,57.26,0,0,,0,0,13.9,4.1,90,1027.6,21.1,9.9,22,0.1,0,,Partially cloudy,partly-cloudy-day,"72505394728,KJFK,KLGA,74486094789,F8726,KNYC,72503014732"
New york,2025-05-12T07:00:00,57.7,57.7,42.7,57.2,0,0,,0,0,14.3,6,79,1028.2,30.9,9.9,153,0.6,2,,Partially cloudy,partly-cloudy-day,"72505394728,KJFK,KLGA,74486094789,F8726,KNYC,72503014732"
New york,2025-05-12T08:00:00,60.9,60.9,37.3,41.45,0,0,,0,0,14.1,6.9,75,1028.2,30.9,9.9,366,1.3,4,,Partially cloudy,partly-cloudy-day,"72505394728,KJFK,KLGA,74486094789,F8726,KNYC,72503014732"
New york,2025-05-12T09:00:00,64.1,64.1,35,33.83,0,0,,0,0,15.4,6.1,88,1028.3,30.9,9.9,599,2.2,6,,Partially cloudy,partly-cloudy-day,"72505394728,KJFK,KLGA,74486094789,F8726,KNYC,72503014732"
New york,2025-05-12T10:00:00,66.1,66.1,30.2,25.92,0,0,,0,0,15.9,9,127,1028,38.3,9.9,766,2.8,8,,Partially cloudy,partly-cloudy-day,"72505394728,KJFK,KLGA,74486094789,F8726,KNYC,72503014732"
New york,2025-05-12T11:00:00,67.3,67.3,28.4,23.11,0,0,,0,0,15.9,9.7,133,1027.6,38.3,9.9,917,3.3,9,,Partially cloudy,partly-cloudy-day,"72505394728,KJFK,KLGA,74486094789,F8726,KNYC,72503014732"
New york,2025-05-12T12:00:00,69.8,69.8,30,22.76,0,0,,0,0,15.4,8.1,164,1026.9,54.9,9.9,920,3.3,9,,Partially cloudy,partly-cloudy-day,"72505394728,KJFK,KLGA,74486094789,F8726,KNYC,72503014732"
New york,2025-05-12T13:00:00,70.7,70.7,31.5,23.39,0,0,,0,0,18.3,8.1,118,1026,54.9,9.9,738,2.7,7,,Partially cloudy,partly-cloudy-day,"72505394728,KJFK,KLGA,74486094789,F8726,KNYC,72503014732"
New york,2025-05-12T14:00:00,70.5,70.5,30.2,22.34,0,0,,0,0,13.4,7.4,186,1024.8,54.9,9.9,932,3.4,9,,Partially cloudy,partly-cloudy-day,"72505394728,KJFK,KLGA,74486094789,F8726,KNYC,72503014732"
New york,2025-05-12T15:00:00,71.4,71.4,33.1,24.3,0,0,,0,0,14.1,8.6,166,1024.1,54.9,9.9,663,2.4,7,,Partially cloudy,partly-cloudy-day,"72505394728,KJFK,KLGA,74486094789,F8726,KNYC,72503014732"
New york,2025-05-12T16:00:00,70.1,70.1,39.7,33.07,0,0,,0,0,14.1,8.9,170,1023.6,54.9,9.9,581,2.1,6,,Partially cloudy,partly-cloudy-day,"72505394728,KJFK,KLGA,74486094789,F8726,KNYC,72503014732"
New york,2025-05-12T17:00:00,70.3,70.3,42.7,36.92,0,0,,0,0,13.6,7.6,167,1022.8,54.9,9.9,383,1.4,4,,Partially cloudy,partly-cloudy-day,"72505394728,KJFK,KLGA,74486094789,F8726,KNYC,72503014732"
New york,2025-05-12T18:00:00,68.6,68.6,46.6,45.33,0,0,,0,0,11.9,7.2,173,1022,54.9,9.9,170,0.6,2,,Partially cloudy,partly-cloudy-day,"72505394728,KJFK,KLGA,74486094789,F8726,KNYC,72503014732"
New york,2025-05-12T19:00:00,66.1,66.1,48.5,53.04,0,0,,0,0,18.3,5.5,311,1021.5,54.9,9.9,60,0.2,1,,Partially cloudy,partly-cloudy-day,"72505394728,KJFK,KLGA,74486094789,F8726,KNYC,72503014732"
New york,2025-05-12T20:00:00,64.6,64.6,49.4,57.83,0,0,,0,0,13.4,5,133,1021.7,54.9,9.9,2,0,0,,Partially cloudy,partly-cloudy-day,"72505394728,KJFK,KLGA,74486094789,F8726,KNYC,72503014732"
New york,2025-05-12T21:00:00,63.4,63.4,51.9,66.26,0,0,,0,0,13.4,5.2,128,1021.6,54.9,9.9,0,0,0,,Partially cloudy,partly-cloudy-night,"72505394728,KJFK,KLGA,74486094789,F8726,KNYC,72503014732"
New york,2025-05-12T22:00:00,62.9,62.9,53.6,71.66,0,0,,0,0,13,3.9,111,1021.8,54.9,9.9,0,0,0,,Partially cloudy,partly-cloudy-night,"72505394728,KJFK,KLGA,74486094789,F8726,KNYC,72503014732"
New york,2025-05-12T23:00:00,63.1,63.1,54.4,73.15,0,0,,0,0,13.9,3.6,136,1021.6,54.9,9.9,0,0,0,,Partially cloudy,partly-cloudy-night,"72505394728,KJFK,KLGA,74486094789,F8726,KNYC,72503014732"
New york,2025-05-13T00:00:00,63.1,63.1,55.5,76.17,0,0,,0,0,12.5,4.3,234,1021.6,54.9,9.9,0,0,0,,Partially cloudy,partly-cloudy-night,"72505394728,KJFK,KLGA,74486094789,F8726,KNYC,72503014732"
New york,2025-05-13T01:00:00,63.9,63.9,55.5,73.98,0,0,,0,0,10.7,6.3,190,1020.9,59.6,9.9,0,0,0,,Partially cloudy,partly-cloudy-night,"72505394728,KJFK,KLGA,74486094789,F8726,KNYC,72503014732"
New york,2025-05-13T02:00:00,64.1,64.1,55.8,74.46,0,0,,0,0,10.5,3.5,49,1020.9,59.6,9.9,0,0,0,,Partially cloudy,partly-cloudy-night,"72505394728,KJFK,KLGA,74486094789,F8726,KNYC,72503014732"
New york,2025-05-13T03:00:00,64.5,64.5,56,73.93,0,0,,0,0,9.4,2.9,136,1021,59.6,9.9,0,0,0,,Partially cloudy,partly-cloudy-night,"72505394728,KJFK,KLGA,74486094789,F8726,KNYC,72503014732"
New york,2025-05-13T04:00:00,63.8,63.8,55.5,74.49,0,0,,0,0,8.5,2.5,38,1021.1,59.6,9.9,0,0,0,,Partially cloudy,partly-cloudy-night,"72505394728,KJFK,KLGA,74486094789,F8726,KNYC,72503014732"
New york,2025-05-13T05:00:00,61.6,61.6,55.2,79.31,0,0,,0,0,6.3,3,35,1021.3,59.6,9.9,0,0,0,,Partially cloudy,partly-cloudy-night,"72505394728,KJFK,KLGA,74486094789,F8726,KNYC,72503014732"
New york,2025-05-13T06:00:00,60.5,60.5,55.8,84.5,0,0,,0,0,4.7,2.5,29,1021.8,59.6,9.1,12,0,0,,Partially cloudy,partly-cloudy-day,"72505394728,KJFK,KLGA,74486094789,F8726,KNYC,72503014732"
New york,2025-05-13T07:00:00,62.2,62.2,56.7,82.17,0,0,,0,0,5.8,1.1,36,1021.9,88.9,9.5,56,0.2,1,,Partially cloudy,partly-cloudy-day,"72505394728,KJFK,KLGA,74486094789,F8726,KNYC,72503014732"
New york,2025-05-13T08:00:00,64.7,64.7,57.5,77.69,0,0,,0,0,6.5,2.6,83,1021.9,95.8,9.5,54,0.2,1,,Overcast,cloudy,"72505394728,KJFK,KLGA,74486094789,F8726,KNYC,72503014732"
New york,2025-05-13T09:00:00,66.1,66.1,56.6,71.33,0,0,,0,0,6,5,68,1022.1,94.9,9.5,164,0.6,2,,Overcast,cloudy,"72505394728,KJFK,KLGA,74486094789,F8726,KNYC,72503014732"
New york,2025-05-13T10:00:00,66.3,66.3,56.9,71.64,0,0,,0,0,6,6.3,65,1022.5,80,9.5,236,0.8,2,,Partially cloudy,partly-cloudy-day,"72505394728,KJFK,KLGA,74486094789,F8726,KNYC,72503014732"
New york,2025-05-13T11:00:00,66.5,66.5,57,71.35,0,0,,0,0,8.3,6.3,56,1022.5,95.8,9.5,297,1.1,3,,Overcast,cloudy,"72505394728,KJFK,KLGA,74486094789,F8726,KNYC,72503014732"
New york,2025-05-13T12:00:00,67.5,67.5,57.2,69.45,0,0,,0,0,11,9.4,79,1022.7,95.8,9.5,349,1.3,3,,Overcast,cloudy,"72505394728,KJFK,KLGA,74486094789,F8726,KNYC,72503014732"
New york,2025-05-13T13:00:00,67.3,67.3,56.9,69.25,0,0,,0,0,12.1,8.5,69,1022.5,99.2,9.2,341,1.2,3,,Overcast,cloudy,"72505394728,KJFK,KLGA,74486094789,F8726,KNYC,72503014732"
New york,2025-05-13T14:00:00,66.2,66.2,57.7,74.07,0,0,,0,0,11.9,10.8,65,1022.3,97.4,9.5,273,1,3,,Overcast,cloudy,"72505394728,KJFK,KLGA,74486094789,F8726,KNYC,72503014732"
New york,2025-05-13T15:00:00,63.7,63.7,57.5,80.38,0,0,,0,0,14.8,7,58,1022.7,100,8.4,209,0.8,2,,Overcast,cloudy,"72505394728,KJFK,KLGA,F8726,KNYC,72503014732"
New york,2025-05-13T16:00:00,65.6,65.6,58.8,78.53,0.002,100,rain,0,0,15.9,11.6,110,1021.9,100,9.2,180,0.6,2,,"Rain, Overcast",rain,"72505394728,KJFK,KLGA,74486094789,F8726,KNYC,72503014732"
New york,2025-05-13T17:00:00,64.5,64.5,58.2,79.91,0,0,,0,0,16.3,10.8,107,1021.5,100,9.9,91,0.3,1,,Overcast,cloudy,"72505394728,KJFK,KLGA,F8726,KNYC,72503014732"
New york,2025-05-13T18:00:00,64.9,64.9,58.3,79.24,0,0,,0,0,15.7,10.7,93,1021.2,100,9.9,46,0.2,0,,Overcast,cloudy,"72505394728,KJFK,KLGA,74486094789,F8726,KNYC,72503014732"
New york,2025-05-13T19:00:00,65.3,65.3,58,77.02,0,0,,0,0,15.9,8.1,108,1021,100,9.9,25,0.1,0,,Overcast,cloudy,"72505394728,KJFK,KLGA,F8726,KNYC,72503014732"
New york,2025-05-13T20:00:00,62.4,62.4,56.7,81.45,0,0,,0,0,16.1,11.2,59,1020.6,100,9.9,1,0,0,,Overcast,cloudy,"72505394728,KJFK,KLGA,74486094789,F8726,KNYC,72503014732"
New york,2025-05-13T21:00:00,60.8,60.8,55.8,83.61,0,0,,0,0,15.9,10.1,55,1020.9,100,9.4,0,0,0,,Overcast,cloudy,"72505394728,KJFK,KLGA,F8726,KNYC,72503014732"
New york,2025-05-13T22:00:00,60.5,60.5,56.6,86.72,0.01,100,rain,0,0,21.9,11,65,1021.1,100,7.1,0,0,0,,"Rain, Overcast",rain,"72505394728,KJFK,KLGA,74486094789,F8726,KNYC,72503014732"
New york,2025-05-13T23:00:00,58.7,58.7,55.8,90.05,0.028,100,rain,0,0,16.1,8.6,64,1021.2,100,4.7,0,0,0,,"Rain, Overcast",rain,"72505394728,KJFK,KLGA,F8726,KNYC,72503014732"
New york,2025-05-14T00:00:00,58.7,58.7,56.6,92.5,0.096,100,rain,0,0,15,7.9,65,1021.3,100,4.7,0,0,0,,"Rain, Overcast",rain,"72505394728,KJFK,KLGA,74486094789,F8726,KNYC,72503014732"
New york,2025-05-14T01:00:00,58.6,58.6,56.3,92.17,0.014,100,rain,0,0,14.1,7.1,42,1021,100,5.8,0,0,0,,"Rain, Overcast",rain,"72505394728,KJFK,KLGA,F8726,KNYC,72503014732"
New york,2025-05-14T02:00:00,58.3,58.3,55.7,91.19,0.039,100,rain,0,0,14.5,9,76,1020.6,100,3.8,0,0,0,,"Rain, Overcast",rain,"72505394728,KJFK,KLGA,74486094789,F8726,KNYC,72503014732"
New york,2025-05-14T03:00:00,58.1,58.1,55.7,91.88,0.025,100,rain,0,0,16.1,11,58,1019.9,100,6.5,0,0,0,,"Rain, Overcast",rain,"72505394728,KJFK,KLGA,74486094789,F8726,KNYC,72503014732"
New york,2025-05-14T04:00:00,58.1,58.1,55.5,91.15,0,0,,0,0,17.2,11.2,60,1019.2,100,7.6,0,0,0,,Overcast,cloudy,"72505394728,KJFK,KLGA,74486094789,F8726,KNYC,72503014732"
New york,2025-05-14T05:00:00,57.7,57.7,55.2,91.14,0,0,,0,0,17.4,12.7,51,1019,100,7.6,0,0,0,,Overcast,cloudy,"72505394728,KJFK,KLGA,74486094789,F8726,KNYC,72503014732"
New york,2025-05-14T06:00:00,57.7,57.7,54.3,88.43,0,0,,0,0,17.2,12.4,63,1019.1,100,7,28,0.1,0,,Overcast,cloudy,"72505394728,KJFK,KLGA,74486094789,F8726,KNYC,72503014732"
New york,2025-05-14T07:00:00,57.9,57.9,54.8,89.26,0,0,,0,0,18.1,9.4,51,1019.4,99.2,7.6,49,0.2,0,,Overcast,cloudy,"72505394728,KJFK,KLGA,74486094789,F8726,KNYC,72503014732"
New york,2025-05-14T08:00:00,58.7,58.7,55.4,88.74,0.005,100,rain,0,0,24.2,10.2,55,1019.5,99.2,5.7,90,0.3,1,,"Rain, Overcast",rain,"72505394728,KJFK,KLGA,74486094789,F8726,KNYC,72503014732"
New york,2025-05-14T09:00:00,58.1,58.1,54.8,88.84,0.044,100,rain,0,0,21.9,12.3,57,1019.6,100,3.1,39,0.1,0,,"Rain, Overcast",rain,"72505394728,KJFK,KLGA,F8726,KNYC,72503014732"
New york,2025-05-14T10:00:00,57.8,57.8,55.4,91.62,0.127,100,rain,0,0,20.8,9.8,51,1020,100,2,92,0.3,1,,"Rain, Overcast",rain,"72505394728,KJFK,KLGA,F8726,KNYC,72503014732"
New york,2025-05-14T11:00:00,58.6,58.6,55.9,90.75,0.101,100,rain,0,0,24.6,11.1,54,1019.3,100,2.6,180,0.6,2,,"Rain, Overcast",rain,"72505394728,KJFK,KLGA,74486094789,F8726,KNYC,72503014732"
New york,2025-05-14T12:00:00,59.8,59.8,56.8,89.9,0.111,100,rain,0,0,24.5,11.4,59,1019.1,100,3.7,327,1.2,3,,"Rain, Overcast",rain,"72505394728,KJFK,KLGA,74486094789,F8726,KNYC,72503014732"
New york,2025-05-14T13:00:00,61.8,61.8,57.4,85.54,0,0,,0,0,19.7,12.3,72,1018.5,100,6.5,290,1,3,,Overcast,cloudy,"72505394728,KJFK,KLGA,74486094789,F8726,KNYC,72503014732"
New york,2025-05-14T14:00:00,62.3,62.3,57.6,84.47,0.021,100,rain,0,0,33.3,12.2,92,1018.1,100,5.2,137,0.5,1,,"Rain, Overcast",rain,"72505394728,KJFK,KLGA,F8726,KNYC,72503014732"
New york,2025-05-14T15:00:00,61.3,61.3,57.1,86.16,0.093,100,rain,0,0,24.1,12.6,77,1017.3,100,3,62,0.2,1,,"Rain, Overcast",rain,"72505394728,KJFK,KLGA,F8726,KNYC,72503014732"
New york,2025-05-14T16:00:00,61.4,61.4,57.7,87.61,0.059,100,rain,0,0,26.2,12,82,1016.3,100,4.6,77,0.3,1,,"Rain, Overcast",rain,"72505394728,KJFK,KLGA,F8726,KNYC,72503014732"
New york,2025-05-14T17:00:00,63.1,63.1,58.9,86.06,0.006,100,rain,0,0,34.4,12.6,93,1015.6,100,6.7,69,0.2,1,,"Rain, Overcast",rain,"72505394728,KJFK,KLGA,74486094789,F8726,KNYC,72503014732"
New york,2025-05-14T18:00:00,61.4,61.4,57.8,87.72,0.006,100,rain,0,0,33.3,10.8,63,1015,98.6,6.2,51,0.2,1,,"Rain, Overcast",rain,"72505394728,KJFK,KLGA,F8726,KNYC,72503014732"
New york,2025-05-14T19:00:00,61.4,61.4,57.7,87.63,0.097,100,rain,0,0,28.9,11.6,59,1014.8,100,6,11,0,0,,"Rain, Overcast",rain,"72505394728,KJFK,KLGA,74486094789,F8726,KNYC,72503014732"
New york,2025-05-14T20:00:00,61.2,61.2,58.2,89.78,0.031,100,rain,0,0,21.9,7.4,62,1014.8,100,4.3,0,0,0,,"Rain, Overcast",rain,"72505394728,KJFK,KLGA,F8726,KNYC,72503014732"
New york,2025-05-14T21:00:00,61.5,61.5,58.4,89.64,0.017,100,rain,0,0,19.5,7.8,47,1015.1,100,4.3,0,0,0,,"Rain, Overcast",rain,"72505394728,KJFK,KLGA,F8726,KNYC,72503014732"
New york,2025-05-14T22:00:00,60.7,60.7,57.8,90.17,0.004,100,rain,0,0,16.6,7.2,62,1015.3,100,2.4,0,0,0,,"Rain, Overcast",rain,"72505394728,KJFK,KLGA,F8726,KNYC,72503014732"
New york,2025-05-14T23:00:00,60.9,60.9,58,90.1,0.016,100,rain,0,0,13.4,8.8,82,1015,100,1.5,0,0,0,,"Rain, Overcast",rain,"72505394728,KJFK,KLGA,74486094789,F8726,KNYC,72503014732"
New york,2025-05-15T00:00:00,60.7,60.7,58.5,92.54,0,0,,0,0,11.4,5,57,1014.6,100,1,0,0,0,,Overcast,cloudy,"72505394728,KJFK,KLGA,74486094789,F8726,KNYC,72503014732"
New york,2025-05-15T01:00:00,60.7,60.7,58.5,92.54,0.005,100,rain,0,0,10.5,5.2,59,1014.5,100,0.5,0,0,0,,"Rain, Overcast",rain,"72505394728,KJFK,KLGA,74486094789,F8726,KNYC,72503014732"
New york,2025-05-15T02:00:00,60.7,60.7,58.1,91.27,0,0,,0,0,9.8,6.3,51,1013.7,100,0.2,0,0,0,,Overcast,fog,"72505394728,KJFK,KLGA,74486094789,F8726,KNYC,72503014732"
New york,2025-05-15T03:00:00,59.8,59.8,57.7,92.58,0.002,100,rain,0,0,8.7,7.4,55,1013.7,100,0.5,0,0,0,,"Rain, Overcast",rain,"72505394728,KJFK,KLGA,74486094789,F8726,KNYC,72503014732"
New york,2025-05-15T04:00:00,59.8,59.8,57.3,91.31,0,0,,0,0,8.9,7.1,49,1013.1,100,0.2,0,0,0,,Overcast,fog,"72505394728,KJFK,KLGA,74486094789,F8726,KNYC,72503014732"
New york,2025-05-15T05:00:00,59.6,59.6,57.5,92.79,0,0,,0,0,10.7,6.8,46,1013,100,0.5,0,0,0,,Overcast,fog,"72505394728,KJFK,KLGA,74486094789,F8726,KNYC,72503014732"
New york,2025-05-15T06:00:00,60,60,57.9,92.58,0,0,,0,0,12.1,5.4,39,1013.1,100,0.5,17,0.1,0,,Overcast,fog,"72505394728,KJFK,KLGA,74486094789,F8726,KNYC,72503014732"
New york,2025-05-15T07:00:00,60.2,60.2,57.7,91.39,0,0,,0,0,12.3,7.5,59,1013.4,100,0.2,42,0.2,0,,Overcast,fog,"72505394728,KJFK,KLGA,74486094789,F8726,KNYC,72503014732"
New york,2025-05-15T08:00:00,60.9,60.9,58.9,92.95,0,0,,0,0,12.8,7.4,40,1013,100,0.5,154,0.6,2,,Overcast,fog,"72505394728,KJFK,KLGA,74486094789,F8726,KNYC,72503014732"
New york,2025-05-15T09:00:00,61.4,61.4,59.5,93.48,0,0,,0,0,13.4,6.8,52,1013.4,100,1.3,220,0.8,2,,Overcast,cloudy,"72505394728,KJFK,KLGA,74486094789,F8726,KNYC,72503014732"
New york,2025-05-15T10:00:00,62.4,62.4,59.9,91.69,0,0,,0,0,12.3,7.5,40,1013.1,100,2.7,329,1.2,3,,Overcast,cloudy,"72505394728,KJFK,KLGA,74486094789,F8726,KNYC,72503014732"
New york,2025-05-15T11:00:00,63.7,63.7,60.9,90.7,0,0,,0,0,13,6.3,67,1012.9,100,4.4,417,1.5,4,,Overcast,cloudy,"72505394728,KJFK,KLGA,74486094789,F8726,KNYC,72503014732"
New york,2025-05-15T12:00:00,64.9,64.9,59.5,82.66,0,0,,0,0,21.9,7.9,56,1012.6,100,5.9,432,1.6,4,,Overcast,cloudy,"72505394728,KJFK,KLGA,F8726,KNYC,72503014732"
New york,2025-05-15T13:00:00,66.9,66.9,61.3,82.29,0,0,,0,0,9.8,7.1,60,1012.3,100,5.8,720,2.6,7,,Overcast,cloudy,"72505394728,KJFK,KLGA,74486094789,F8726,KNYC,72503014732"
New york,2025-05-15T14:00:00,68.7,68.7,62.8,81.72,0,0,,0,0,11.4,8.3,82,1012,100,8.2,243,0.9,2,,Overcast,cloudy,"72505394728,KJFK,KLGA,74486094789,F8726,KNYC,72503014732"
New york,2025-05-15T15:00:00,67.1,67.1,60.9,80.56,0,0,,0,0,13.9,8.2,81,1011.6,94.5,5.1,560,2,6,,Overcast,cloudy,"72505394728,KJFK,KLGA,74486094789,F8726,KNYC,72503014732"
New york,2025-05-15T16:00:00,66.6,66.6,60.7,81.15,0,0,,0,0,12.1,9.1,65,1011,97.9,5.1,170,0.6,2,,Overcast,cloudy,"72505394728,KJFK,KLGA,74486094789,F8726,KNYC,72503014732"
New york,2025-05-15T17:00:00,65.2,65.2,59.9,82.96,0,0,,0,0,13.4,5.5,78,1010.7,97.9,4.9,282,1,3,,Overcast,cloudy,"72505394728,KJFK,KLGA,74486094789,F8726,KNYC,72503014732"
New york,2025-05-15T18:00:00,66.5,66.5,60.4,80.64,0,0,,0,0,13.4,5.2,351,1010.3,65.3,8.8,171,0.6,2,,Partially cloudy,partly-cloudy-day,"72505394728,KJFK,KLGA,74486094789,F8726,KNYC,72503014732"
New york,2025-05-15T19:00:00,66.7,66.7,61,82.17,0,0,,0,0,8.1,3.6,71,1010.1,93.1,9.2,29,0.1,0,,Overcast,cloudy,"72505394728,KJFK,KLGA,74486094789,F8726,KNYC,72503014732"
New york,2025-05-15T20:00:00,65.1,65.1,60.1,83.79,0,0,,0,0,6.7,6.1,92,1009.9,95.2,9.9,4,0,0,,Overcast,cloudy,"72505394728,KJFK,KLGA,74486094789,F8726,KNYC,72503014732"
New york,2025-05-15T21:00:00,63.4,63.4,58.8,84.8,0,0,,0,0,6.5,5.5,58,1010.1,93.4,7.6,0,0,0,,Overcast,cloudy,"72505394728,KJFK,KLGA,F8726,KNYC,72503014732"
New york,2025-05-15T22:00:00,62.9,62.9,59.3,88.29,0,0,,0,0,6.5,4.5,55,1009.8,100,6.9,0,0,0,,Overcast,cloudy,"72505394728,KJFK,KLGA,74486094789,F8726,KNYC,72503014732"
New york,2025-05-15T23:00:00,62.9,62.9,59.7,89.38,0,0,,0,0,6.7,3.6,61,1009.9,100,4.3,0,0,0,,Overcast,cloudy,"72505394728,KJFK,KLGA,74486094789,F8726,KNYC,72503014732"
New york,2025-05-16T00:00:00,62.9,62.9,59.5,88.83,0,0,,0,0,6.7,2.2,105,1009.8,100,3.9,0,0,0,,Overcast,cloudy,"72505394728,KJFK,KLGA,74486094789,F8726,KNYC,72503014732"
New york,2025-05-16T01:00:00,62.2,62.2,60,92.46,0,0,,0,0,6.7,4.5,234,1009.9,100,2,0,0,0,,Overcast,cloudy,"72505394728,KJFK,KLGA,74486094789,F8726,KNYC,72503014732"
New york,2025-05-16T02:00:00,62.3,62.3,60.1,92.41,0,0,,0,0,5.8,2.7,70,1009.8,100,2,0,0,0,,Overcast,cloudy,"72505394728,KJFK,KLGA,F8726,KNYC,72503014732"
New york,2025-05-16T03:00:00,62,62,59.2,90.64,0,0,,0,0,7.6,1.6,267,1009.7,92.8,4.3,0,0,0,,Overcast,cloudy,"72505394728,KJFK,KLGA,F8726,KNYC,72503014732"
New york,2025-05-16T04:00:00,61.9,61.9,59.2,90.84,0,0,,0,0,7.8,0,0,1009.6,100,4.1,0,0,0,,Overcast,cloudy,"72505394728,KJFK,KLGA,74486094789,F8726,KNYC,72503014732"
New york,2025-05-16T05:00:00,61.9,61.9,58.9,89.94,0,0,,0,0,6.7,3,58,1009.1,100,3.4,0,0,0,,Overcast,cloudy,"72505394728,KJFK,KLGA,74486094789,F8726,KNYC,72503014732"
New york,2025-05-16T06:00:00,61.9,61.9,59.7,92.45,0,0,,0,0,4.9,1.4,99,1008.6,100,1.5,19,0.1,0,,Overcast,cloudy,"72505394728,KJFK,KLGA,74486094789,F8726,KNYC,72503014732"
New york,2025-05-16T07:00:00,62.6,62.6,60.7,93.44,0,0,,0,0,5.6,1.1,315,1008.8,100,1.5,103,0.4,1,,Overcast,cloudy,"72505394728,KJFK,KLGA,74486094789,F8726,KNYC,72503014732"
New york,2025-05-16T08:00:00,64.4,64.4,60.9,88.26,0,0,,0,0,6.9,0,0,1008.7,100,1.8,221,0.8,2,,Overcast,cloudy,"72505394728,KJFK,KLGA,74486094789,F8726,KNYC,72503014732"
New york,2025-05-16T09:00:00,65.7,65.7,61.3,85.56,0,0,,0,0,6.7,3.4,282,1008.6,100,2.7,328,1.2,3,,Overcast,cloudy,"72505394728,KJFK,KLGA,74486094789,F8726,KNYC,72503014732"
New york,2025-05-16T10:00:00,69.3,69.3,61.7,76.68,0,0,,0,0,7.6,4.4,337,1008.6,78.8,4,528,1.9,5,,Partially cloudy,partly-cloudy-day,"72505394728,KJFK,KLGA,74486094789,F8726,KNYC,72503014732"
New york,2025-05-16T11:00:00,70.7,70.7,61.8,73.47,0,0,,0,0,8.9,4,292,1008.8,62,4.4,495,1.8,5,,Partially cloudy,partly-cloudy-day,"D9152,72505394728,KJFK,KLGA,74486094789,KNYC,72503014732"
New york,2025-05-16T12:00:00,70.9,70.9,61.3,71.66,0,0,,0,0,9.8,4.5,247,1009.1,73.6,6.5,105,0.4,1,,Partially cloudy,partly-cloudy-day,"D9152,72505394728,KJFK,KLGA,74486094789,KNYC,72503014732"
New york,2025-05-16T13:00:00,68.4,68.4,62.3,81.06,0.022,100,rain,0,0,10.1,6.2,206,1009,100,4.2,68,0.2,1,,"Rain, Overcast",rain,"72505394728,KJFK,KLGA,F8726,KNYC,72503014732"
New york,2025-05-16T14:00:00,66.6,66.6,63.6,90.09,0.056,100,rain,0,0,11.4,8.8,158,1007.7,100,2.8,194,0.7,2,,"Rain, Overcast",rain,"72505394728,KJFK,KLGA,74486094789,F8726,KNYC,72503014732"
New york,2025-05-16T15:00:00,65.4,65.4,62.6,90.58,0.001,100,rain,0,0,22,9.1,187,1006.3,99.2,5.5,253,0.9,3,,"Rain, Overcast",rain,"72505394728,KJFK,KLGA,74486094789,F8726,KNYC,72503014732"
New york,2025-05-16T16:00:00,65,65,61.3,87.81,0,0,,0,0,16.1,4,292,1007.5,100,6.2,208,0.7,2,,Overcast,cloudy,"72505394728,KJFK,KLGA,74486094789,F8726,KNYC,72503014732"
New york,2025-05-16T17:00:00,67.4,67.4,61.3,80.89,0,0,,0,0,12.8,5.7,145,1007.4,87,8.4,260,0.9,3,,Partially cloudy,partly-cloudy-day,"72505394728,KJFK,KLGA,F8726,KNYC,72503014732"
New york,2025-05-16T18:00:00,66.8,66.8,61.6,83.37,0,0,,0,0,11.6,4.8,115,1006.5,57,8,126,0.5,1,,Partially cloudy,partly-cloudy-day,"72505394728,KJFK,KLGA,74486094789,F8726,KNYC,72503014732"
New york,2025-05-16T19:00:00,66.3,66.3,61.8,85.38,0,0,,0,0,9.4,4.5,131,1006.1,68.3,8.5,54,0.2,1,,Partially cloudy,partly-cloudy-day,"72505394728,KJFK,KLGA,74486094789,F8726,KNYC,72503014732"
New york,2025-05-16T20:00:00,66.5,66.5,62.2,86.06,0,0,,0,0,8.7,5.2,126,1005.7,47.3,8.8,2,0,0,,Partially cloudy,partly-cloudy-day,"72505394728,KJFK,KLGA,74486094789,F8726,KNYC,72503014732"
New york,2025-05-16T21:00:00,65.2,65.2,61.2,87.16,0,0,,0,0,9.4,7.2,157,1005.8,61.8,8.8,0,0,0,,Partially cloudy,partly-cloudy-night,"72505394728,KJFK,KLGA,74486094789,F8726,KNYC,72503014732"
New york,2025-05-16T22:00:00,64.4,64.4,60.6,87.28,0,0,,0,0,9.2,4.8,121,1006.3,52.8,8.5,0,0,0,,Partially cloudy,partly-cloudy-night,"72505394728,KJFK,KLGA,74486094789,F8726,KNYC,72503014732"
New york,2025-05-16T23:00:00,64.1,64.1,60.6,88.34,0,0,,0,0,8.1,3.8,118,1006.4,80.9,8.5,0,0,0,,Partially cloudy,partly-cloudy-night,"72505394728,KJFK,KLGA,74486094789,F8726,KNYC,72503014732"
New york,2025-05-17T00:00:00,63.9,63.9,60.2,87.68,0,0,,0,0,8.3,4.7,105,1005.4,49.8,6.5,0,0,0,,Partially cloudy,partly-cloudy-night,"72505394728,KJFK,KLGA,74486094789,F8726,KNYC,72503014732"
New york,2025-05-17T01:00:00,62.4,62.4,59.3,89.69,0,0,,0,0,8.1,0.9,30,1004.5,54.9,5.6,0,0,0,,Partially cloudy,partly-cloudy-night,"72505394728,KJFK,KLGA,74486094789,F8726,KNYC,72503014732"
New york,2025-05-17T02:00:00,63,63,60.1,90.32,0,0,,0,0,8.3,2.5,94,1005,93.4,5.7,0,0,0,,Overcast,cloudy,"72505394728,KJFK,KLGA,F8726,KNYC,72503014732"
New york,2025-05-17T03:00:00,64.3,64.3,60.9,88.8,0,0,,0,0,9.4,2.5,267,1004.6,100,6.2,0,0,0,,Overcast,cloudy,"72505394728,KJFK,KLGA,74486094789,F8726,KNYC,72503014732"
New york,2025-05-17T04:00:00,63.9,63.9,60.7,89.27,0,0,,0,0,10.3,3.1,124,1004.7,100,6.4,0,0,0,,Overcast,cloudy,"72505394728,KJFK,KLGA,74486094789,F8726,KNYC,72503014732"
New york,2025-05-17T05:00:00,64.8,64.8,61.8,89.87,0,0,,0,0,8.9,2.3,113,1004.3,67.5,4.8,0,0,0,,Partially cloudy,partly-cloudy-night,"72505394728,KJFK,KLGA,74486094789,F8726,KNYC,72503014732"
New york,2025-05-17T06:00:00,62.8,62.8,60.7,92.81,0,0,,0,0,8.3,3.6,60,1003.8,47.4,2.4,26,0.1,0,,Partially cloudy,partly-cloudy-day,"72505394728,KJFK,KLGA,74486094789,F8726,KNYC,72503014732"
New york,2025-05-17T07:00:00,64.5,64.5,62.5,93.06,0,0,,0,0,9.2,4.3,136,1004,54.9,4.1,129,0.5,1,,Partially cloudy,partly-cloudy-day,"72505394728,KJFK,KLGA,74486094789,F8726,KNYC,72503014732"
New york,2025-05-17T08:00:00,68,68,63,84.01,0,0,,0,0,11,6.4,227,1003.7,54.9,8.8,228,0.8,2,,Partially cloudy,partly-cloudy-day,"72505394728,KJFK,KLGA,74486094789,F8726,KNYC,72503014732"
New york,2025-05-17T09:00:00,69.8,69.8,62.2,76.96,0,0,,0,0,10.5,4.9,51,1004,54.9,9.5,352,1.3,4,,Partially cloudy,partly-cloudy-day,"72505394728,KJFK,KLGA,74486094789,F8726,KNYC,72503014732"
New york,2025-05-17T10:00:00,70.9,70.9,62.2,73.98,0,0,,0,0,8.7,9.1,169,1002.9,54.9,9.9,218,0.8,2,,Partially cloudy,partly-cloudy-day,"72505394728,KJFK,KLGA,74486094789,F8726,KNYC,72503014732"
New york,2025-05-17T11:00:00,69.7,69.7,62.8,78.84,0,0,,0,0,12.1,10.6,176,1002.5,56.2,9.9,162,0.6,2,,Partially cloudy,partly-cloudy-day,"72505394728,KJFK,KLGA,74486094789,F8726,KNYC,72503014732"
New york,2025-05-17T12:00:00,70.1,70.1,62.8,77.81,0,0,,0,0,20.1,6.3,125,1001.4,93.1,9.9,783,2.8,8,,Overcast,cloudy,"72505394728,KJFK,KLGA,74486094789,F8726,KNYC,72503014732"
New york,2025-05-17T13:00:00,75.8,75.8,62.6,63.81,0,0,,0,0,25.7,5.7,187,999.4,26.5,9.9,937,3.4,9,,Partially cloudy,partly-cloudy-day,"72505394728,KJFK,KLGA,74486094789,F8726,KNYC,72503014732"
New york,2025-05-17T14:00:00,78.9,78.9,61.4,55.12,0,0,,0,0,21.9,11.1,184,998.5,26.5,9.9,885,3.2,9,,Partially cloudy,partly-cloudy-day,"72505394728,KJFK,KLGA,74486094789,F8726,KNYC,72503014732"
New york,2025-05-17T15:00:00,75.2,75.2,62.8,65.51,0,0,,0,0,26.2,12.2,173,997.5,26.5,9.9,848,3.1,8,,Partially cloudy,partly-cloudy-day,"72505394728,KJFK,KLGA,74486094789,F8726,KNYC,72503014732"
New york,2025-05-17T16:00:00,76,76,61.8,61.43,0,0,,0,0,21.7,13.1,162,996.7,64.9,9.9,515,1.9,5,,Partially cloudy,partly-cloudy-day,"72505394728,KJFK,KLGA,74486094789,F8726,KNYC,72503014732"
New york,2025-05-17T17:00:00,79.1,79.1,59.3,50.81,0,0,,0,0,17,8.4,153,996.2,26.5,9.9,405,1.5,4,,Partially cloudy,partly-cloudy-day,"72505394728,KJFK,KLGA,74486094789,F8726,KNYC,72503014732"
New york,2025-05-17T18:00:00,80.6,80.4,54.9,41.27,0,0,,0,0,25.6,10.9,219,996.4,48.8,9.9,177,0.6,2,,Partially cloudy,partly-cloudy-day,"72505394728,KJFK,KLGA,74486094789,F8726,KNYC,72503014732"
New york,2025-05-17T19:00:00,81.5,80.8,52.9,37.21,0,0,,0,0,29.8,11.9,257,996.9,41.3,9.9,42,0.2,0,,Partially cloudy,partly-cloudy-day,"72505394728,KJFK,KLGA,74486094789,F8726,KNYC,72503014732"
New york,2025-05-17T20:00:00,80.2,80,53.4,39.54,0,0,,0,0,24.2,8.6,247,997.2,66.6,9.9,3,0,0,,Partially cloudy,partly-cloudy-day,"72505394728,KJFK,KLGA,74486094789,F8726,KNYC,72503014732"
New york,2025-05-17T21:00:00,80,80,50.4,35.75,0,0,,0,0,29.6,10.8,254,998,66.6,9.9,0,0,0,,Partially cloudy,partly-cloudy-night,"72505394728,KJFK,KLGA,74486094789,F8726,KNYC,72503014732"
New york,2025-05-17T22:00:00,74.1,74.1,51.9,45.8,0,0,,0,0,32.3,16.2,316,1000.3,93.4,9.9,0,0,0,,Overcast,cloudy,"72505394728,KJFK,KLGA,F8726,KNYC,72503014732"
New york,2025-05-17T23:00:00,70.8,70.8,51.9,51.23,0,0,,0,0,26.8,16.3,316,1001.3,97.9,9.9,0,0,0,,Overcast,cloudy,"72505394728,KJFK,KLGA,74486094789,F8726,KNYC,72503014732"
New york,2025-05-18T00:00:00,69.5,69.5,49.6,49.21,0,0,,0,0,27.8,10.4,315,1002,93.1,9.9,0,0,0,,Overcast,cloudy,"72505394728,KJFK,KLGA,74486094789,F8726,KNYC,72503014732"
New york,2025-05-18T01:00:00,67.4,67.4,47.2,48.24,0,0,,0,0,16.1,10.3,316,1002.1,88.9,9.9,0,0,0,,Partially cloudy,partly-cloudy-night,"72505394728,KJFK,KLGA,74486094789,F8726,KNYC,72503014732"
New york,2025-05-18T02:00:00,66.5,66.5,47.9,51.26,0,0,,0,0,20.8,9.7,290,1002.4,30.9,9.9,0,0,0,,Partially cloudy,partly-cloudy-night,"72505394728,KJFK,KLGA,74486094789,F8726,KNYC,72503014732"
New york,2025-05-18T03:00:00,65.6,65.6,48.2,53.33,0,0,,0,0,23.4,11.6,278,1002.1,64.9,9.9,0,0,0,,Partially cloudy,partly-cloudy-night,"72505394728,KJFK,KLGA,74486094789,F8726,KNYC,72503014732"
New york,2025-05-18T04:00:00,64.2,64.2,47,53.48,0,0,,0,0,22.8,11.5,273,1002.2,31.6,9.9,0,0,0,,Partially cloudy,partly-cloudy-night,"72505394728,KJFK,KLGA,74486094789,F8726,KNYC,72503014732"
New york,2025-05-18T05:00:00,62.8,62.8,47,56.16,0,0,,0,0,23.1,13.9,282,1002.4,21.1,9.9,0,0,0,,Partially cloudy,partly-cloudy-night,"72505394728,KJFK,KLGA,74486094789,F8726,KNYC,72503014732"
New york,2025-05-18T06:00:00,62.2,62.2,46.5,56.3,0,0,,0,0,25.8,11,274,1003,16.8,9.9,26,0.1,0,,Clear,clear-day,"72505394728,KJFK,KLGA,74486094789,F8726,KNYC,72503014732"
New york,2025-05-18T07:00:00,62.5,62.5,45.6,54,0,0,,0,0,27.7,19.7,266,1003.3,16.8,9.9,177,0.6,2,,Clear,clear-day,"72505394728,KJFK,KLGA,74486094789,F8726,KNYC,72503014732"
New york,2025-05-18T08:00:00,64,64,45.2,50.26,0,0,,0,0,25.2,12.3,282,1002.9,27.2,9.9,358,1.3,4,,Partially cloudy,partly-cloudy-day,"72505394728,KJFK,KLGA,74486094789,F8726,KNYC,72503014732"
New york,2025-05-18T09:00:00,66,66,45.2,46.99,0,0,,0,0,30.4,17,264,1002.9,27.2,9.9,583,2.1,6,,Partially cloudy,partly-cloudy-day,"72505394728,KJFK,KLGA,74486094789,F8726,KNYC,72503014732"
New york,2025-05-18T10:00:00,67.3,67.3,45.8,45.93,0,0,,0,0,30.8,13.2,274,1002.5,69.1,9.9,806,2.9,8,,Partially cloudy,partly-cloudy-day,"72505394728,KJFK,KLGA,74486094789,F8726,KNYC,72503014732"
New york,2025-05-18T11:00:00,69.3,69.3,46.7,44.51,0,0,,0,0,35.4,16.6,280,1002.2,72.3,9.9,825,3,8,,Partially cloudy,partly-cloudy-day,"72505394728,KJFK,KLGA,74486094789,F8726,KNYC,72503014732"
New york,2025-05-18T12:00:00,70,70,46.7,43.34,0,0,,0,0,34.1,18.6,297,1002,88.9,9.9,821,3,8,,Partially cloudy,partly-cloudy-day,"72505394728,KJFK,KLGA,74486094789,F8726,KNYC,72503014732"
New york,2025-05-18T13:00:00,71.7,71.7,47.1,41.65,0,0,,0,0,35.5,18.3,281,1001.6,88.8,9.9,659,2.4,7,,Partially cloudy,partly-cloudy-day,"72505394728,KJFK,KLGA,F8726,KNYC,72503014732"
New york,2025-05-18T14:00:00,73.7,73.7,47.8,39.86,0,0,,0,0,32.7,17,271,1001,74,9.9,944,3.4,9,,Partially cloudy,partly-cloudy-day,"72505394728,KJFK,KLGA,74486094789,F8726,KNYC,72503014732"
New york,2025-05-18T15:00:00,72.5,72.5,46.9,40.19,0,0,,0,0,31.2,17.7,273,1001.4,88.9,9.9,371,1.3,4,,Partially cloudy,partly-cloudy-day,"72505394728,KJFK,KLGA,74486094789,F8726,KNYC,72503014732"
New york,2025-05-18T16:00:00,72,72,48.3,43.06,0,0,,0,0,30.6,19.1,292,1001.6,93.1,9.9,354,1.3,4,,Overcast,cloudy,"72505394728,KJFK,KLGA,74486094789,F8726,KNYC,72503014732"
New york,2025-05-18T17:00:00,73.2,73.2,48.3,41.32,0,0,,0,0,31.1,14.1,270,1001.6,93.1,9.9,500,1.8,5,,Overcast,cloudy,"72505394728,KJFK,KLGA,74486094789,F8726,KNYC,72503014732"
New york,2025-05-18T18:00:00,71.5,71.5,48.2,43.59,0,0,,0,0,32.4,17,279,1002.1,93.1,9.9,142,0.5,1,,Overcast,cloudy,"72505394728,KJFK,KLGA,74486094789,F8726,KNYC,72503014732"
New york,2025-05-18T19:00:00,70.8,70.8,48.5,45.19,0,0,,0,0,30.3,14.8,298,1002.3,39,9.9,72,0.3,1,,Partially cloudy,partly-cloudy-day,"72505394728,KJFK,KLGA,74486094789,F8726,KNYC,72503014732"
New york,2025-05-18T20:00:00,69.7,69.7,48.9,47.63,0,0,,0,0,32.2,16.6,307,1002.6,74,9.9,3,0,0,,Partially cloudy,partly-cloudy-day,"72505394728,KJFK,KLGA,74486094789,F8726,KNYC,72503014732"
New york,2025-05-18T21:00:00,69.7,69.7,49.3,48.24,0,0,,0,0,29.8,13.4,296,1003.1,93.1,9.9,0,0,0,,Overcast,cloudy,"72505394728,KJFK,KLGA,74486094789,F8726,KNYC,72503014732"
New york,2025-05-18T22:00:00,67.4,67.4,48.9,51.38,0,0,,0,0,34.8,17.1,313,1003.9,93.1,9.9,0,0,0,,Overcast,cloudy,"72505394728,KJFK,KLGA,74486094789,F8726,KNYC,72503014732"
New york,2025-05-18T23:00:00,66,66,48.3,52.92,0,0,,0,0,29.8,16.4,300,1004.3,95.2,9.9,0,0,0,,Overcast,cloudy,"72505394728,KJFK,KLGA,74486094789,F8726,KNYC,72503014732"
New york,2025-05-19T00:00:00,64.6,64.6,48.3,55.44,0,0,,0,0,34.2,16,299,1004.5,93.1,9.9,0,0,0,,Overcast,cloudy,"72505394728,KJFK,KLGA,74486094789,F8726,KNYC,72503014732"
New york,2025-05-19T01:00:00,62.6,62.6,47.9,58.63,0,0,,0,0,34.7,19.8,306,1004.8,93.1,9.9,0,0,0,,Overcast,cloudy,"72505394728,KJFK,KLGA,74486094789,F8726,KNYC,72503014732"
New york,2025-05-19T02:00:00,61.1,61.1,47,59.75,0,0,,0,0,33,18,303,1005.2,48.8,9.9,0,0,0,,Partially cloudy,partly-cloudy-night,"72505394728,KJFK,KLGA,74486094789,F8726,KNYC,72503014732"
New york,2025-05-19T03:00:00,59.9,59.9,46.5,61.14,0,0,,0,0,33.5,18.7,306,1005.8,48.8,9.9,0,0,0,,Partially cloudy,partly-cloudy-night,"72505394728,KJFK,KLGA,74486094789,F8726,KNYC,72503014732"
New york,2025-05-19T04:00:00,59.2,59.2,47,63.87,0,0,,0,0,34.1,15.7,298,1006.1,21.1,9.9,0,0,0,,Partially cloudy,partly-cloudy-night,"72505394728,KJFK,KLGA,74486094789,F8726,KNYC,72503014732"
New york,2025-05-19T05:00:00,58.8,58.8,46,62.47,0,0,,0,0,31.4,18.2,303,1006.7,27.2,9.9,0,0,0,,Partially cloudy,partly-cloudy-night,"72505394728,KJFK,KLGA,74486094789,F8726,KNYC,72503014732"
New york,2025-05-19T06:00:00,57.7,57.7,45.8,64.47,0,0,,0,0,30.4,15.5,308,1007,41.3,9.9,25,0.1,0,,Partially cloudy,partly-cloudy-day,"72505394728,KJFK,KLGA,74486094789,F8726,KNYC,72503014732"
New york,2025-05-19T07:00:00,57.9,57.9,44.6,61.17,0,0,,0,0,29.4,14.9,313,1007.6,41.3,9.9,145,0.5,1,,Partially cloudy,partly-cloudy-day,"72505394728,KJFK,KLGA,74486094789,F8726,KNYC,72503014732"
New york,2025-05-19T08:00:00,58.6,58.6,42.9,55.81,0,0,,0,0,33.2,17,304,1008,50,9.9,364,1.3,4,,Partially cloudy,partly-cloudy-day,"72505394728,KJFK,KLGA,74486094789,F8726,KNYC,72503014732"
New york,2025-05-19T09:00:00,59.8,59.8,40.6,49.17,0,0,,0,0,32.9,20.3,304,1007.9,27.2,9.9,584,2.1,6,,Partially cloudy,partly-cloudy-day,"72505394728,KJFK,KLGA,74486094789,F8726,KNYC,72503014732"
New york,2025-05-19T10:00:00,61.1,61.1,39.5,44.92,0,0,,0,0,32.8,16.5,303,1008.3,35.9,9.9,780,2.8,8,,Partially cloudy,partly-cloudy-day,"72505394728,KJFK,KLGA,74486094789,F8726,KNYC,72503014732"
New york,2025-05-19T11:00:00,63,63,38.8,40.86,0,0,,0,0,29.4,16.8,320,1008.5,15.7,9.9,849,3.1,8,,Clear,clear-day,"72505394728,KJFK,KLGA,74486094789,F8726,KNYC,72503014732"
New york,2025-05-19T12:00:00,65.4,65.4,40.1,39.36,0,0,,0,0,32.9,14.9,317,1008.2,5.2,9.9,988,3.6,10,,Clear,clear-day,"72505394728,KJFK,KLGA,74486094789,F8726,KNYC,72503014732"
New york,2025-05-19T13:00:00,66.7,66.7,39.4,36.65,0,0,,0,0,27.2,15.3,309,1007.9,27.2,9.9,997,3.6,10,,Partially cloudy,partly-cloudy-day,"72505394728,KJFK,KLGA,74486094789,F8726,KNYC,72503014732"
New york,2025-05-19T14:00:00,68.6,68.6,39,33.82,0,0,,0,0,28,16.8,304,1007.6,64.9,9.9,1069,3.8,10,,Partially cloudy,partly-cloudy-day,"72505394728,KJFK,KLGA,74486094789,F8726,KNYC,72503014732"
New york,2025-05-19T15:00:00,70.1,70.1,40.1,33.52,0,0,,0,0,29.9,17.5,297,1007.4,41.3,9.9,843,3,8,,Partially cloudy,partly-cloudy-day,"72505394728,KJFK,KLGA,74486094789,F8726,KNYC,72503014732"
New york,2025-05-19T16:00:00,68.5,68.5,36.7,31.06,0,0,,0,0,31.9,21.6,327,1007.2,74,9.9,667,2.4,7,,Partially cloudy,partly-cloudy-day,"72505394728,KJFK,KLGA,74486094789,F8726,KNYC,72503014732"
New york,2025-05-19T17:00:00,68.3,68.3,33.9,27.92,0,0,,0,0,34.9,19.1,312,1007.3,27.2,9.9,599,2.2,6,,Partially cloudy,partly-cloudy-day,"72505394728,KJFK,KLGA,74486094789,F8726,KNYC,72503014732"
New york,2025-05-19T18:00:00,68.6,68.6,32.7,26.38,0,0,,0,0,31.9,16.4,311,1007.6,27.2,9.9,222,0.8,2,,Partially cloudy,partly-cloudy-day,"72505394728,KJFK,KLGA,74486094789,F8726,KNYC,72503014732"
New york,2025-05-19T19:00:00,67.1,67.1,32.5,27.54,0,0,,0,0,31.4,18.7,302,1008.3,27.2,9.9,65,0.2,1,,Partially cloudy,partly-cloudy-day,"72505394728,KJFK,KLGA,74486094789,F8726,KNYC,72503014732"
New york,2025-05-19T20:00:00,64.9,64.9,32.3,29.59,0,0,,0,0,32.8,21.5,313,1009.2,27.2,9.9,6,0,0,,Partially cloudy,partly-cloudy-day,"72505394728,KJFK,KLGA,74486094789,F8726,KNYC,72503014732"
New york,2025-05-19T21:00:00,63,63,33.3,32.77,0,0,,0,0,31.1,13.7,327,1009.9,27.2,9.9,0,0,0,,Partially cloudy,partly-cloudy-night,"72505394728,KJFK,KLGA,74486094789,F8726,KNYC,72503014732"
New york,2025-05-19T22:00:00,60.1,60.1,34.8,38.67,0,0,,0,0,25.2,13.8,352,1010.9,27.2,9.9,0,0,0,,Partially cloudy,partly-cloudy-night,"72505394728,KJFK,KLGA,74486094789,F8726,KNYC,72503014732"
New york,2025-05-19T23:00:00,55.7,55.7,36.5,48.48,0,0,,0,0,27.5,13.6,330,1011.8,27.2,9.9,0,0,0,,Partially cloudy,partly-cloudy-night,"72505394728,KJFK,KLGA,74486094789,F8726,KNYC,72503014732"
New york,2025-05-20T00:00:00,53.2,53.2,36.7,53.34,0,0,,0,0,26.4,12.3,339,1012.3,16.8,9.9,0,0,0,,Clear,clear-night,"72505394728,KJFK,KLGA,74486094789,F8726,KNYC,72503014732"
New york,2025-05-20T01:00:00,52.3,52.3,36.7,55.12,0,0,,0,0,21.9,10.8,342,1012.7,27.2,9.9,0,0,0,,Partially cloudy,partly-cloudy-night,"72505394728,KJFK,KLGA,74486094789,F8726,KNYC,72503014732"
New york,2025-05-20T02:00:00,51.5,51.5,36.7,56.93,0,0,,0,0,18.1,13.1,335,1012.8,16.8,9.9,0,0,0,,Clear,clear-night,"72505394728,KJFK,KLGA,74486094789,F8726,KNYC,72503014732"
New york,2025-05-20T03:00:00,50.9,50.9,36.4,57.37,0,0,,0,0,19.5,8.6,323,1012.7,14.9,9.9,0,0,0,,Clear,clear-night,"72505394728,KJFK,KLGA,74486094789,F8726,KNYC,72503014732"
New york,2025-05-20T04:00:00,50.7,50.7,36.4,57.74,0,0,,0,0,19.2,7.6,330,1012.9,16.8,9.9,0,0,0,,Clear,clear-night,"72505394728,KJFK,KLGA,74486094789,F8726,KNYC,72503014732"
New york,2025-05-20T05:00:00,50,46.2,36.4,59.33,0,0,,0,0,19,9.6,329,1013.1,16.8,9.9,0,0,0,,Clear,clear-night,"72505394728,KJFK,KLGA,74486094789,F8726,KNYC,72503014732"
New york,2025-05-20T06:00:00,49.5,47.2,36.4,60.32,0,0,,0,0,19,5.9,345,1013.1,16.8,9.9,26,0.1,0,,Clear,clear-day,"72505394728,KJFK,KLGA,74486094789,F8726,KNYC,72503014732"
New york,2025-05-20T07:00:00,49.9,45.6,36,58.54,0,0,,0,0,22.2,11.2,330,1014,16.8,9.9,183,0.7,2,,Clear,clear-day,"72505394728,KJFK,KLGA,74486094789,F8726,KNYC,72503014732"
New york,2025-05-20T08:00:00,51.6,51.6,36.6,56.42,0,0,,0,0,24,11.2,346,1013.8,16.8,9.9,393,1.4,4,,Clear,clear-day,"72505394728,KJFK,KLGA,74486094789,F8726,KNYC,72503014732"
New york,2025-05-20T09:00:00,53.5,53.5,36,51.41,0,0,,0,0,21.5,11.6,3,1014,16.8,9.9,606,2.2,6,,Clear,clear-day,"72505394728,KJFK,KLGA,74486094789,F8726,KNYC,72503014732"
New york,2025-05-20T10:00:00,55.6,55.6,36.5,48.53,0,0,,0,0,23.4,11.9,344,1014,16.8,9.9,803,2.9,8,,Clear,clear-day,"72505394728,KJFK,KLGA,74486094789,F8726,KNYC,72503014732"
New york,2025-05-20T11:00:00,57.9,57.9,37.2,45.85,0,0,,0,0,21.5,11.2,1,1014.2,16.8,9.9,923,3.3,9,,Clear,clear-day,"72505394728,KJFK,KLGA,74486094789,F8726,KNYC,72503014732"
New york,2025-05-20T12:00:00,60.4,60.4,38,43.37,0,0,,0,0,20.8,11.3,27,1014.1,21.1,9.9,1007,3.6,10,,Partially cloudy,partly-cloudy-day,"72505394728,KJFK,KLGA,74486094789,F8726,KNYC,72503014732"
New york,2025-05-20T13:00:00,63.4,63.4,39,40.48,0,0,,0,0,20.8,9.2,356,1013.6,38.3,9.9,1005,3.6,10,,Partially cloudy,partly-cloudy-day,"72505394728,KJFK,KLGA,74486094789,F8726,KNYC,72503014732"
New york,2025-05-20T14:00:00,64.8,64.8,39.5,39.42,0,0,,0,0,17.6,8.3,35,1013.5,54.9,9.9,949,3.4,9,,Partially cloudy,partly-cloudy-day,"72505394728,KJFK,KLGA,74486094789,F8726,KNYC,72503014732"
New york,2025-05-20T15:00:00,65.9,65.9,39.5,37.85,0,0,,0,0,18.3,8,30,1013.7,54.9,9.9,877,3.2,9,,Partially cloudy,partly-cloudy-day,"72505394728,KJFK,KLGA,74486094789,F8726,KNYC,72503014732"
New york,2025-05-20T16:00:00,66.2,66.2,40.8,39.47,0,0,,0,0,18.3,7.8,41,1013.6,54.9,9.9,667,2.4,7,,Partially cloudy,partly-cloudy-day,"72505394728,KJFK,KLGA,74486094789,F8726,KNYC,72503014732"
New york,2025-05-20T17:00:00,66.1,66.1,40.6,39.23,0,0,,0,0,20.8,9.8,40,1013.5,38.3,9.9,491,1.8,5,,Partially cloudy,partly-cloudy-day,"72505394728,KJFK,KLGA,74486094789,F8726,KNYC,72503014732"
New york,2025-05-20T18:00:00,65.6,65.6,40.3,39.57,0,0,,0,0,19.7,6.9,19,1013.8,38.3,9.9,267,1,3,,Partially cloudy,partly-cloudy-day,"72505394728,KJFK,KLGA,74486094789,F8726,KNYC,72503014732"
New york,2025-05-20T19:00:00,65.4,65.4,41.1,40.98,0,0,,0,0,13.2,11,45,1014,28.5,9.9,77,0.3,1,,Partially cloudy,partly-cloudy-day,"72505394728,KJFK,KLGA,74486094789,F8726,KNYC,72503014732"
New york,2025-05-20T20:00:00,63.3,63.3,41.2,44.21,0,0,,0,0,12.5,9,47,1014.5,21.1,9.9,5,0,0,,Partially cloudy,partly-cloudy-day,"72505394728,KJFK,KLGA,74486094789,F8726,KNYC,72503014732"
New york,2025-05-20T21:00:00,61.5,61.5,42.8,50.18,0,0,,0,0,11.6,8.6,69,1014.8,21.1,9.9,0,0,0,,Partially cloudy,partly-cloudy-night,"72505394728,KJFK,KLGA,74486094789,F8726,KNYC,72503014732"
New york,2025-05-20T22:00:00,60.1,60.1,42.2,51.59,0,0,,0,0,11,9.7,67,1015.6,81.5,9.9,0,0,0,,Partially cloudy,partly-cloudy-night,"72505394728,KJFK,KLGA,74486094789,F8726,KNYC,72503014732"
New york,2025-05-20T23:00:00,58.6,58.6,44.3,58.87,0,0,,0,0,12.3,6.6,126,1015.6,65.3,9.9,0,0,0,,Partially cloudy,partly-cloudy-night,"72505394728,KJFK,KLGA,74486094789,F8726,KNYC,72503014732"
New york,2025-05-21T00:00:00,58.3,58.3,46.5,64.73,0,0,,0,0,12.3,5.9,194,1015.6,97.9,9.9,0,0,0,,Overcast,cloudy,"72505394728,KJFK,KLGA,74486094789,F8726,KNYC,72503014732"
New york,2025-05-21T01:00:00,58.2,58.2,44.6,60.49,0,0,,0,0,11.9,3.6,306,1015.7,100,9.9,0,0,0,,Overcast,cloudy,"72505394728,KJFK,KLGA,74486094789,F8726,KNYC,72503014732"
New york,2025-05-21T02:00:00,58.7,58.7,44.1,58.1,0,0,,0,0,12.8,8.5,81,1016,100,9.9,0,0,0,,Overcast,cloudy,"72505394728,KJFK,KLGA,F8726,KNYC,72503014732"
New york,2025-05-21T03:00:00,56.9,56.9,44.6,63.21,0,0,,0,0,12.3,10.5,141,1015.9,100,9.9,0,0,0,,Overcast,cloudy,"72505394728,KJFK,KLGA,74486094789,F8726,KNYC,72503014732"
New york,2025-05-21T04:00:00,55.5,55.5,45.9,70.07,0,0,,0,0,15.2,8.2,84,1016,100,9.9,0,0,0,,Overcast,cloudy,"72505394728,KJFK,KLGA,F8726,KNYC,72503014732"
New york,2025-05-21T05:00:00,54.6,54.6,46.2,73.04,0,0,,0,0,24.2,11.2,113,1016.1,100,9.9,0,0,0,,Overcast,cloudy,"72505394728,KJFK,KLGA,F8726,KNYC,72503014732"
New york,2025-05-21T06:00:00,54.5,54.5,44.4,68.67,0,0,,0,0,20.8,10.1,104,1016,100,9.9,12,0,0,,Overcast,cloudy,"72505394728,KJFK,KLGA,74486094789,F8726,KNYC,72503014732"
New york,2025-05-21T07:00:00,54,54,44.6,70.47,0,0,,0,0,19.9,10.4,103,1016.4,100,9.9,22,0.1,0,,Overcast,cloudy,"72505394728,KJFK,KLGA,74486094789,F8726,KNYC,72503014732"
New york,2025-05-21T08:00:00,54,54,44.6,70.38,0,0,,0,0,20.8,15.3,103,1016.4,100,9.9,56,0.2,1,,Overcast,cloudy,"72505394728,KJFK,KLGA,74486094789,F8726,KNYC,72503014732"
New york,2025-05-21T09:00:00,54.5,54.5,45.4,71.46,0,0,,0,0,25.3,11.9,90,1016,100,9.9,88,0.3,1,,Overcast,cloudy,"72505394728,KJFK,KLGA,74486094789,F8726,KNYC,72503014732"
New york,2025-05-21T10:00:00,54.2,54.2,44.4,69.36,0,0,,0,0,26.4,12,117,1016.2,100,9.9,121,0.4,1,,Overcast,cloudy,"72505394728,KJFK,KLGA,74486094789,F8726,KNYC,72503014732"
New york,2025-05-21T11:00:00,53.2,53.2,46.1,76.68,0.02,100,rain,0,0,22.8,10.5,114,1016.1,100,5.2,157,0.6,2,,"Rain, Overcast",rain,"72505394728,KJFK,KLGA,74486094789,F8726,KNYC,72503014732"
New york,2025-05-21T12:00:00,53.2,53.2,46.3,77.18,0.011,100,rain,0,0,22.6,10.1,118,1016.1,100,9.1,158,0.6,2,,"Rain, Overcast",rain,"72505394728,KJFK,KLGA,74486094789,F8726,KNYC,72503014732"
New york,2025-05-21T13:00:00,52.7,52.7,45.6,76.75,0,0,,0,0,24.2,12.1,118,1016.3,100,9.9,148,0.5,1,,Overcast,cloudy,"72505394728,KJFK,KLGA,74486094789,F8726,KNYC,72503014732"
New york,2025-05-21T14:00:00,52.7,52.7,46.3,78.89,0.013,100,rain,0,0,26.4,10.3,97,1015.5,100,9.9,321,1.2,3,,"Rain, Overcast",rain,"72505394728,KJFK,KLGA,74486094789,F8726,KNYC,72503014732"
New york,2025-05-21T15:00:00,52.9,52.9,45.8,76.77,0,0,,0,0,26.4,16.9,100,1015.6,100,9.9,120,0.4,1,,Overcast,cloudy,"72505394728,KJFK,KLGA,74486094789,F8726,KNYC,72503014732"
New york,2025-05-21T16:00:00,52.3,52.3,43.4,71.79,0,0,,0,0,24.4,15.2,86,1014.9,100,9.9,216,0.8,2,,Overcast,cloudy,"72505394728,KJFK,KLGA,74486094789,F8726,KNYC,72503014732"
New york,2025-05-21T17:00:00,52.9,52.9,42.5,67.88,0,0,,0,0,27.7,18.3,90,1014.4,98.2,9.9,69,0.2,1,,Overcast,cloudy,"72505394728,KJFK,KLGA,74486094789,F8726,KNYC,72503014732"
New york,2025-05-21T18:00:00,52.7,52.7,42,66.97,0,0,,0,0,26.8,15.1,100,1014.2,100,9.9,35,0.1,0,,Overcast,cloudy,"72505394728,KJFK,KLGA,74486094789,F8726,KNYC,72503014732"
New york,2025-05-21T19:00:00,51.7,51.7,43,72.16,0,0,,0,0,27.7,13.1,100,1014.2,100,9.9,42,0.2,0,,Overcast,cloudy,"72505394728,KJFK,KLGA,74486094789,F8726,KNYC,72503014732"
New york,2025-05-21T20:00:00,50.2,50.2,43.3,76.96,0.001,100,rain,0,0,22.7,11.7,86,1014,100,8.6,1,0,0,,"Rain, Overcast",rain,"72505394728,KJFK,KLGA,74486094789,F8726,KNYC,72503014732"
New york,2025-05-21T21:00:00,50,44.7,44.2,80.44,0.011,100,rain,0,0,23,14.7,70,1014.2,100,7,0,0,0,,"Rain, Overcast",rain,"72505394728,KJFK,KLGA,74486094789,F8726,KNYC,72503014732"
New york,2025-05-21T22:00:00,49.5,43.6,43.8,80.74,0.002,100,rain,0,0,25.3,16.6,70,1014.1,100,9.7,0,0,0,,"Rain, Overcast",rain,"72505394728,KJFK,KLGA,74486094789,F8726,KNYC,72503014732"
New york,2025-05-21T23:00:00,50,45.5,44.2,80.44,0.002,100,rain,0,0,18.3,11.6,82,1013.7,100,9.7,0,0,0,,"Rain, Overcast",rain,"72505394728,KJFK,KLGA,74486094789,F8726,KNYC,72503014732"
New york,2025-05-22T00:00:00,50,45.4,45.2,83.38,0,0,,0,0,23.5,12,84,1013,100,7.2,0,0,0,,Overcast,cloudy,"72505394728,KJFK,KLGA,74486094789,F8726,KNYC,72503014732"
New york,2025-05-22T01:00:00,50.2,50.2,46.2,85.88,0.01,100,rain,0,0,19.5,9.6,56,1013.2,100,6.5,0,0,0,,"Rain, Overcast",rain,"72505394728,KJFK,KLGA,74486094789,F8726,KNYC,72503014732"
New york,2025-05-22T02:00:00,49.8,44.9,46.3,87.88,0.032,100,rain,0,0,20.8,13,72,1012.4,100,2.5,0,0,0,,"Rain, Overcast",rain,"72505394728,KJFK,KLGA,74486094789,F8726,KNYC,72503014732"
New york,2025-05-22T03:00:00,49.1,44.5,46.3,90.27,0.109,100,rain,0,0,24.6,11.2,70,1011.9,100,5.6,0,0,0,,"Rain, Overcast",rain,"72505394728,KJFK,KLGA,74486094789,F8726,KNYC,72503014732"
New york,2025-05-22T04:00:00,49.1,43.7,46.3,90.27,0.107,100,rain,0,0,23.9,13.9,70,1010.8,100,7.9,0,0,0,,"Rain, Overcast",rain,"72505394728,KJFK,KLGA,74486094789,F8726,KNYC,72503014732"
New york,2025-05-22T05:00:00,48.7,43.3,45.4,88.38,0.098,100,rain,0,0,24.2,13.9,80,1010.6,100,4.7,0,0,0,,"Rain, Overcast",rain,"72505394728,KJFK,KLGA,74486094789,F8726,KNYC,72503014732"
New york,2025-05-22T06:00:00,48.5,43,45.3,88.53,0.075,100,rain,0,0,19.7,13.7,70,1010.4,100,8.3,4,0,0,,"Rain, Overcast",rain,"72505394728,KJFK,KLGA,74486094789,F8726,KNYC,72503014732"
New york,2025-05-22T07:00:00,48.5,43.2,45.3,88.53,0.047,100,rain,0,0,24.2,13.2,68,1010.8,100,6.5,15,0.1,0,,"Rain, Overcast",rain,"72505394728,KJFK,KLGA,74486094789,F8726,KNYC,72503014732"
New york,2025-05-22T08:00:00,49.2,44.6,45.4,86.76,0.061,100,rain,0,0,17.2,11.4,64,1010.9,100,5.4,45,0.2,0,,"Rain, Overcast",rain,"72505394728,KJFK,KLGA,74486094789,F8726,KNYC,72503014732"
New york,2025-05-22T09:00:00,49.5,45.3,45.8,86.78,0.062,100,rain,0,0,24.8,10.5,64,1010.9,100,6,94,0.3,1,,"Rain, Overcast",rain,"72505394728,KJFK,KLGA,74486094789,F8726,KNYC,72503014732"
New york,2025-05-22T10:00:00,50.3,50.3,46.3,86.25,0.023,100,rain,0,0,23.9,10.4,51,1010.4,100,8.6,177,0.6,2,,"Rain, Overcast",rain,"72505394728,KJFK,KLGA,74486094789,F8726,KNYC,72503014732"
New york,2025-05-22T11:00:00,51.2,51.2,47.2,86.12,0.005,100,rain,0,0,21.9,15.3,49,1010.1,100,5.5,185,0.7,2,,"Rain, Overcast",rain,"72505394728,KJFK,KLGA,F8726,KNYC,72503014732"
New york,2025-05-22T12:00:00,51.3,51.3,47.1,85.52,0.002,100,rain,0,0,28.2,16.7,42,1009.2,100,5.9,212,0.8,2,,"Rain, Overcast",rain,"72505394728,KJFK,KLGA,74486094789,F8726,KNYC,72503014732"
New york,2025-05-22T13:00:00,51.3,51.3,46.5,83.71,0,0,,0,0,28.8,19.1,52,1008.9,100,8.6,207,0.7,2,,Overcast,cloudy,"72505394728,KJFK,KLGA,74486094789,F8726,KNYC,72503014732"
New york,2025-05-22T14:00:00,51.5,51.5,45.6,80.09,0,0,,0,0,24.9,14.4,56,1009.1,100,9.9,149,0.5,1,,Overcast,cloudy,"72505394728,KJFK,KLGA,74486094789,F8726,KNYC,72503014732"
New york,2025-05-22T15:00:00,51.9,51.9,45.4,78.45,0,0,,0,0,17.2,13.4,54,1009,100,9.9,119,0.4,1,,Overcast,cloudy,"72505394728,KJFK,KLGA,74486094789,F8726,KNYC,72503014732"
New york,2025-05-22T16:00:00,52.2,52.2,45.5,77.89,0.002,100,rain,0,0,21.9,11,51,1009,100,7.3,93,0.3,1,,"Rain, Overcast",rain,"72505394728,KJFK,KLGA,F8726,KNYC,72503014732"
New york,2025-05-22T17:00:00,51.7,51.7,46.7,82.81,0.036,100,rain,0,0,21.9,10.6,46,1009.1,100,7.9,108,0.4,1,,"Rain, Overcast",rain,"72505394728,KJFK,KLGA,74486094789,F8726,KNYC,72503014732"
New york,2025-05-22T18:00:00,50.2,50.2,46.2,85.88,0.046,100,rain,0,0,14.5,11.1,40,1009.1,100,7,44,0.2,0,,"Rain, Overcast",rain,"72505394728,KJFK,KLGA,74486094789,F8726,KNYC,72503014732"
New york,2025-05-22T19:00:00,49.6,46.1,45.3,84.87,0.042,100,rain,0,0,14.3,8.6,28,1009.4,100,7.2,25,0.1,0,,"Rain, Overcast",rain,"72505394728,KJFK,KLGA,F8726,KNYC,72503014732"
New york,2025-05-22T20:00:00,49.5,46.7,45.8,86.78,0.045,100,rain,0,0,13.9,6.9,17,1009.6,100,8.6,2,0,0,,"Rain, Overcast",rain,"72505394728,KJFK,KLGA,74486094789,F8726,KNYC,72503014732"
New york,2025-05-22T21:00:00,49.2,45.9,44.4,83.38,0.013,100,rain,0,0,13.6,7.7,14,1009.7,100,9.9,0,0,0,,"Rain, Overcast",rain,"72505394728,KJFK,KLGA,74486094789,F8726,KNYC,72503014732"
New york,2025-05-22T22:00:00,48.7,45.4,44,83.7,0.004,100,rain,0,0,13.6,7.6,21,1010,100,9.9,0,0,0,,"Rain, Overcast",rain,"72505394728,KJFK,KLGA,74486094789,F8726,KNYC,72503014732"
New york,2025-05-22T23:00:00,48.5,45.6,43.7,83.46,0,0,,0,0,12.1,6.5,13,1010.1,100,9.9,0,0,0,,Overcast,cloudy,"72505394728,KJFK,KLGA,F8726,KNYC,72503014732"
New york,2025-05-23T00:00:00,48.7,46.6,43.5,82.1,0,0,,0,0,10.7,5.2,5,1009.6,100,9.9,0,0,0,,Overcast,cloudy,"72505394728,KJFK,KLGA,74486094789,F8726,KNYC,72503014732"
New york,2025-05-23T01:00:00,48.7,45.8,43.4,81.91,0,0,,0,0,10.3,6.6,2,1009.2,100,9.9,0,0,0,,Overcast,cloudy,"72505394728,KJFK,KLGA,74486094789,F8726,KNYC,72503014732"
New york,2025-05-23T02:00:00,48.1,47,43.1,82.75,0.002,100,rain,0,0,9.4,3.6,353,1009.2,100,9.5,0,0,0,,"Rain, Overcast",rain,"72505394728,KJFK,KLGA,74486094789,F8726,KNYC,72503014732"
New york,2025-05-23T03:00:00,48.5,47.3,43.3,82.08,0,0,,0,0,8.3,3.8,10,1008.9,100,8.2,0,0,0,,Overcast,cloudy,"72505394728,KJFK,KLGA,74486094789,F8726,KNYC,72503014732"
New york,2025-05-23T04:00:00,48.1,48.1,43.3,83.14,0.005,100,rain,0,0,6.5,2.1,8,1008.5,100,9.9,0,0,0,,"Rain, Overcast",rain,"72505394728,KJFK,KLGA,74486094789,F8726,KNYC,72503014732"
New york,2025-05-23T05:00:00,48.1,48.1,43.1,82.6,0,0,,0,0,4.7,2.1,21,1008.5,100,9.9,0,0,0,,Overcast,cloudy,"72505394728,KJFK,KLGA,74486094789,F8726,KNYC,72503014732"
New york,2025-05-23T06:00:00,48.7,48.7,43.3,81.4,0,0,,0,0,3.8,2,360,1008.7,100,9.9,18,0.1,0,,Overcast,cloudy,"72505394728,KJFK,KLGA,74486094789,F8726,KNYC,72503014732"
New york,2025-05-23T07:00:00,48.7,48.7,43.8,82.99,0,0,,0,0,5.1,0.9,360,1008.8,100,9.9,71,0.3,1,,Overcast,cloudy,"72505394728,KJFK,KLGA,74486094789,F8726,KNYC,72503014732"
New york,2025-05-23T08:00:00,49.8,49.8,44.2,81.13,0,0,,0,0,7.2,0,0,1008.8,100,9.5,62,0.2,1,,Overcast,cloudy,"72505394728,KJFK,KLGA,74486094789,F8726,KNYC,72503014732"
New york,2025-05-23T09:00:00,50.4,50.4,44.6,80.34,0,0,,0,0,10.7,3.1,275,1009,100,8.4,170,0.6,2,,Overcast,cloudy,"72505394728,KJFK,KLGA,74486094789,F8726,KNYC,72503014732"
New york,2025-05-23T10:00:00,51.2,51.2,45.8,81.7,0,0,,0,0,13.9,5.7,239,1009.1,100,8,168,0.6,2,,Overcast,cloudy,"72505394728,KJFK,KLGA,74486094789,F8726,KNYC,72503014732"
New york,2025-05-23T11:00:00,51.7,51.7,47.3,85.04,0,0,,0,0,16.1,6,167,1009.4,100,3.6,619,2.2,6,,Overcast,cloudy,"72505394728,KJFK,KLGA,74486094789,F8726,KNYC,72503014732"
New york,2025-05-23T12:00:00,55,55,48.7,79.35,0,0,,0,0,18.3,5.2,125,1009.4,100,8.6,108,0.4,1,,Overcast,cloudy,"72505394728,KJFK,KLGA,74486094789,F8726,KNYC,72503014732"
New york,2025-05-23T13:00:00,54.6,54.6,47.2,75.91,0,0,,0,0,23.7,3.7,280,1009.5,100,9.9,378,1.4,4,,Overcast,cloudy,"72505394728,KJFK,KLGA,F8726,KNYC,72503014732"
New york,2025-05-23T14:00:00,56.3,56.3,45.6,67.51,0,0,,0,0,23,10.2,263,1009.5,97.9,9.9,78,0.3,1,,Overcast,cloudy,"72505394728,KJFK,KLGA,74486094789,F8726,KNYC,72503014732"
New york,2025-05-23T15:00:00,58.8,58.8,44.7,59.56,0,0,,0,0,21.9,9.6,273,1009.5,93.1,9.9,381,1.4,4,,Overcast,cloudy,"72505394728,KJFK,KLGA,74486094789,F8726,KNYC,72503014732"
New york,2025-05-23T16:00:00,61.8,61.8,44.2,52.39,0,0,,0,0,22.4,13.4,274,1009.4,93.1,9.9,544,2,5,,Overcast,cloudy,"72505394728,KJFK,KLGA,74486094789,F8726,KNYC,72503014732"
New york,2025-05-23T17:00:00,61.7,61.7,44,52.36,0,0,,0,0,21.2,11.2,324,1009.2,93.1,9.9,418,1.5,4,,Overcast,cloudy,"72505394728,KJFK,KLGA,74486094789,F8726,KNYC,72503014732"
New york,2025-05-23T18:00:00,59.2,59.2,48.6,67.86,0.028,100,rain,0,0,21.9,4.7,320,1009.8,88.9,9.9,117,0.4,1,,"Rain, Partially cloudy",rain,"72505394728,KJFK,KLGA,74486094789,F8726,KNYC,72503014732"
New york,2025-05-23T19:00:00,58.4,58.4,48,68.07,0.002,100,rain,0,0,18.6,6,332,1010.1,93.1,9.9,26,0.1,0,,"Rain, Overcast",rain,"72505394728,KJFK,KLGA,74486094789,F8726,KNYC,72503014732"
New york,2025-05-23T20:00:00,55.3,55.3,49,79.16,0.039,100,rain,0,0,11,1.9,285,1011,93.4,6.7,5,0,0,,"Rain, Overcast",rain,"72505394728,KJFK,KLGA,F8726,KNYC,72503014732"
New york,2025-05-23T21:00:00,53.4,53.4,48.9,84.7,0.087,100,rain,0,0,24.2,6.8,341,1011.6,93.4,5.6,0,0,0,,"Rain, Overcast",rain,"72505394728,KJFK,KLGA,F8726,KNYC,72503014732"
New york,2025-05-23T22:00:00,53.6,53.6,47.9,80.85,0.012,100,rain,0,0,12.8,1.3,360,1011.9,93.1,9.9,0,0,0,,"Rain, Overcast",rain,"72505394728,KJFK,KLGA,74486094789,F8726,KNYC,72503014732"
New york,2025-05-23T23:00:00,54.1,54.1,47.7,78.75,0,0,,0,0,14.3,6.7,250,1012.2,93.1,9.9,0,0,0,,Overcast,cloudy,"72505394728,KJFK,KLGA,74486094789,F8726,KNYC,72503014732"
New york,2025-05-24T00:00:00,54.1,54.1,47.5,78.24,0.005,100,rain,0,0,20.8,9.1,284,1012,93.1,9.9,0,0,0,,"Rain, Overcast",rain,"72505394728,KJFK,KLGA,74486094789,F8726,KNYC,72503014732"
New york,2025-05-24T01:00:00,53.3,53.3,46,76.17,0,0,,0,0,15,10.7,287,1012,93.1,9.9,0,0,0,,Overcast,cloudy,"72505394728,KJFK,KLGA,74486094789,F8726,KNYC,72503014732"
New york,2025-05-24T02:00:00,53.1,53.1,44.6,72.74,0,0,,0,0,15.7,10.6,289,1012,93.1,9.9,0,0,0,,Overcast,cloudy,"72505394728,KJFK,KLGA,74486094789,F8726,KNYC,72503014732"
New york,2025-05-24T03:00:00,52.3,52.3,44,73.43,0,0,,0,0,24.2,8.8,273,1012,93.6,9.9,0,0,0,,Overcast,cloudy,"72505394728,KJFK,KLGA,74486094789,F8726,KNYC,72503014732"
New york,2025-05-24T04:00:00,51.2,51.2,41.3,68.77,0,0,,0,0,18.3,8.4,259,1012,16.8,9.9,0,0,0,,Clear,clear-night,"72505394728,KJFK,KLGA,74486094789,F8726,KNYC,72503014732"
New york,2025-05-24T05:00:00,51.3,51.3,40.9,67.59,0,0,,0,0,18.1,10.7,256,1012.3,16.8,9.9,0,0,0,,Clear,clear-night,"72505394728,KJFK,KLGA,74486094789,F8726,KNYC,72503014732"
New york,2025-05-24T06:00:00,50.9,50.9,40,66.04,0,0,,0,0,18.3,10.8,264,1012.7,93.1,9.9,22,0.1,0,,Overcast,cloudy,"72505394728,KJFK,KLGA,74486094789,F8726,KNYC,72503014732"
New york,2025-05-24T07:00:00,51.5,51.5,40.8,66.78,0,0,,0,0,24.2,10.7,267,1013.4,93.1,9.9,105,0.4,1,,Overcast,cloudy,"72505394728,KJFK,KLGA,74486094789,F8726,KNYC,72503014732"
New york,2025-05-24T08:00:00,52.3,52.3,41,65.17,0,0,,0,0,21.3,10.4,263,1013.6,93.1,9.9,161,0.6,2,,Overcast,cloudy,"72505394728,KJFK,KLGA,74486094789,F8726,KNYC,72503014732"
New york,2025-05-24T09:00:00,54.5,54.5,42.9,64.62,0,0,,0,0,21.9,13.8,273,1013.7,88.9,9.9,473,1.7,5,,Partially cloudy,partly-cloudy-day,"72505394728,KJFK,KLGA,74486094789,F8726,KNYC,72503014732"
New york,2025-05-24T10:00:00,57.2,57.2,42.4,57.58,0,0,,0,0,22.6,10.8,294,1013.6,88.9,9.9,279,1,3,,Partially cloudy,partly-cloudy-day,"72505394728,KJFK,KLGA,74486094789,F8726,KNYC,72503014732"
New york,2025-05-24T11:00:00,57.9,57.9,41.5,54.39,0,0,,0,0,25.3,11,279,1013.4,93.1,9.9,162,0.6,2,,Overcast,cloudy,"72505394728,KJFK,KLGA,74486094789,F8726,KNYC,72503014732"
New york,2025-05-24T12:00:00,58.8,58.8,41.3,52.32,0,0,,0,0,26.4,11,300,1013.3,93.1,9.9,419,1.5,4,,Overcast,cloudy,"72505394728,KJFK,KLGA,74486094789,F8726,KNYC,72503014732"
New york,2025-05-24T13:00:00,60.2,60.2,40.9,48.87,0,0,,0,0,26.3,15.2,271,1013.4,93.1,9.9,213,0.8,2,,Overcast,cloudy,"72505394728,KJFK,KLGA,74486094789,F8726,KNYC,72503014732"
New york,2025-05-24T14:00:00,61.7,61.7,41.5,47.43,0,0,,0,0,25.3,12.9,293,1013.5,93.1,9.9,779,2.8,8,,Overcast,cloudy,"72505394728,KJFK,KLGA,74486094789,F8726,KNYC,72503014732"
New york,2025-05-24T15:00:00,63.5,63.5,41.3,44.09,0,0,,0,0,27.9,13.1,282,1013.4,88.9,9.9,675,2.4,7,,Partially cloudy,partly-cloudy-day,"72505394728,KJFK,KLGA,74486094789,F8726,KNYC,72503014732"
New york,2025-05-24T16:00:00,64.4,64.4,41.3,42.81,0,0,,0,0,28,14.4,280,1013.3,88.9,9.9,726,2.6,7,,Partially cloudy,partly-cloudy-day,"72505394728,KJFK,KLGA,74486094789,F8726,KNYC,72503014732"
New york,2025-05-24T17:00:00,64.2,64.2,41.5,43.5,0,0,,0,0,28.8,12.3,294,1013.2,88.9,9.9,121,0.4,1,,Partially cloudy,partly-cloudy-day,"72505394728,KJFK,KLGA,74486094789,F8726,KNYC,72503014732"
New york,2025-05-24T18:00:00,64.1,64.1,41.5,43.7,0,0,,0,0,29.8,18.9,286,1014,74,9.9,109,0.4,1,,Partially cloudy,partly-cloudy-day,"72505394728,KJFK,KLGA,74486094789,F8726,KNYC,72503014732"
New york,2025-05-24T19:00:00,62.3,62.3,42.2,47.78,0,0,,0,0,29.9,15.3,292,1014.8,88.9,9.9,41,0.1,0,,Partially cloudy,partly-cloudy-day,"72505394728,KJFK,KLGA,74486094789,F8726,KNYC,72503014732"
New york,2025-05-24T20:00:00,61.3,61.3,41.8,48.72,0,0,,0,0,30.4,13.2,313,1015.7,88.9,9.9,8,0,0,,Partially cloudy,partly-cloudy-day,"72505394728,KJFK,KLGA,74486094789,F8726,KNYC,72503014732"
New york,2025-05-24T21:00:00,58.9,58.9,41.8,53,0,0,,0,0,29.2,12.6,307,1016.3,85.5,9.9,0,0,0,,Partially cloudy,partly-cloudy-night,"72505394728,KJFK,KLGA,74486094789,F8726,KNYC,72503014732"
New york,2025-05-24T22:00:00,57.7,57.7,42.9,57.66,0,0,,0,0,28.6,9.4,310,1016.8,38.3,9.9,0,0,0,,Partially cloudy,partly-cloudy-night,"72505394728,KJFK,KLGA,74486094789,F8726,KNYC,72503014732"
New york,2025-05-24T23:00:00,57,57,43.4,60.46,0,0,,0,0,23,9.5,310,1017.3,76.5,9.9,0,0,0,,Partially cloudy,partly-cloudy-night,"72505394728,KJFK,KLGA,74486094789,F8726,KNYC,72503014732"
New york,2025-05-25T00:00:00,56.8,56.8,43.8,61.84,0,0,,0,0,16.8,5.9,312,1017.6,93.1,9.9,0,0,0,,Overcast,cloudy,"72505394728,KJFK,KLGA,74486094789,F8726,KNYC,72503014732"
New york,2025-05-25T01:00:00,56.8,56.8,44,62.27,0,0,,0,0,16.1,9.9,258,1017.5,93.1,9.9,0,0,0,,Overcast,cloudy,"72505394728,KJFK,KLGA,74486094789,F8726,KNYC,72503014732"
New york,2025-05-25T02:00:00,56.2,56.2,43,61.19,0,0,,0,0,24.2,13.5,273,1017.2,66.6,9.9,0,0,0,,Partially cloudy,partly-cloudy-night,"72505394728,KJFK,KLGA,74486094789,F8726,KNYC,72503014732"
New york,2025-05-25T03:00:00,54.7,54.7,42.2,62.67,0,0,,0,0,18.1,9.9,274,1017.3,30.9,9.9,0,0,0,,Partially cloudy,partly-cloudy-night,"72505394728,KJFK,KLGA,74486094789,F8726,KNYC,72503014732"
New york,2025-05-25T04:00:00,54.3,54.3,42.5,64.31,0,0,,0,0,18.8,9.8,284,1017.3,30.9,9.9,0,0,0,,Partially cloudy,partly-cloudy-night,"72505394728,KJFK,KLGA,74486094789,F8726,KNYC,72503014732"
New york,2025-05-25T05:00:00,53.6,53.6,42.5,66.01,0,0,,0,0,21.9,12.8,268,1018.3,30.9,9.9,0,0,0,,Partially cloudy,partly-cloudy-night,"72505394728,KJFK,KLGA,74486094789,F8726,KNYC,72503014732"
New york,2025-05-25T06:00:00,53.2,53.2,43.3,68.79,0,0,,0,0,18.8,9.4,296,1018.7,21.1,9.9,26,0.1,0,,Partially cloudy,partly-cloudy-day,"72505394728,KJFK,KLGA,74486094789,F8726,KNYC,72503014732"
New york,2025-05-25T07:00:00,54.2,54.2,43.4,66.89,0,0,,0,0,18.3,8.1,297,1018.9,30.9,9.9,182,0.7,2,,Partially cloudy,partly-cloudy-day,"72505394728,KJFK,KLGA,74486094789,F8726,KNYC,72503014732"
New york,2025-05-25T08:00:00,56.6,56.6,44,62.64,0,0,,0,0,20.1,10.3,301,1019,30.9,9.9,375,1.4,4,,Partially cloudy,partly-cloudy-day,"72505394728,KJFK,KLGA,74486094789,F8726,KNYC,72503014732"
New york,2025-05-25T09:00:00,59.1,59.1,43.4,55.97,0,0,,0,0,26.2,9.3,307,1019.1,50,9.9,507,1.8,5,,Partially cloudy,partly-cloudy-day,"72505394728,KJFK,KLGA,74486094789,F8726,KNYC,72503014732"
New york,2025-05-25T10:00:00,60.6,60.6,42.7,51.57,0,0,,0,0,27.7,11.4,324,1019,88.9,9.9,722,2.6,7,,Partially cloudy,partly-cloudy-day,"72505394728,KJFK,KLGA,74486094789,F8726,KNYC,72503014732"
New york,2025-05-25T11:00:00,61.1,61.1,43,51.43,0,0,,0,0,22.3,11.7,320,1019.1,93.1,9.9,331,1.2,3,,Overcast,cloudy,"72505394728,KJFK,KLGA,74486094789,F8726,KNYC,72503014732"
New york,2025-05-25T12:00:00,61.7,61.7,43,50.42,0,0,,0,0,23,16.8,320,1019.1,93.1,9.9,1054,3.8,10,,Overcast,cloudy,"72505394728,KJFK,KLGA,74486094789,F8726,KNYC,72503014732"
New york,2025-05-25T13:00:00,63.2,63.2,42.8,47.24,0,0,,0,0,26.8,16.5,321,1018.9,93.1,9.9,280,1,3,,Overcast,cloudy,"72505394728,KJFK,KLGA,74486094789,F8726,KNYC,72503014732"
New york,2025-05-25T14:00:00,63.2,63.2,42.4,46.54,0,0,,0,0,20.4,11.3,302,1018.6,93.1,9.9,767,2.8,8,,Overcast,cloudy,"72505394728,KJFK,KLGA,74486094789,F8726,KNYC,72503014732"
New york,2025-05-25T15:00:00,64.9,64.9,42.9,44.77,0,0,,0,0,21.3,13.9,313,1018.6,93.1,9.9,482,1.7,5,,Overcast,cloudy,"72505394728,KJFK,KLGA,74486094789,F8726,KNYC,72503014732"
New york,2025-05-25T16:00:00,65.4,65.4,41.5,41.76,0,0,,0,0,27.4,13.5,300,1018.1,93.1,9.9,296,1.1,3,,Overcast,cloudy,"72505394728,KJFK,KLGA,74486094789,F8726,KNYC,72503014732"
New york,2025-05-25T17:00:00,66,66,41.5,40.83,0,0,,0,0,24.5,13.9,317,1018,88.9,9.9,348,1.3,3,,Partially cloudy,partly-cloudy-day,"72505394728,KJFK,KLGA,74486094789,F8726,KNYC,72503014732"
New york,2025-05-25T18:00:00,65.8,65.8,42,41.99,0,0,,0,0,16.8,9.7,314,1018,91,9.9,129,0.5,1,,Overcast,cloudy,"72505394728,KJFK,KLGA,74486094789,F8726,KNYC,72503014732"
New york,2025-05-25T19:00:00,65.4,65.4,41.4,41.46,0,0,,0,0,23,10.7,299,1018.4,88.9,9.9,67,0.2,1,,Partially cloudy,partly-cloudy-day,"72505394728,KJFK,KLGA,74486094789,F8726,KNYC,72503014732"
New york,2025-05-25T20:00:00,64,64,42.1,44.7,0,0,,0,0,10.5,11.8,310,1018.7,89.8,9.9,7,0,0,,Partially cloudy,partly-cloudy-day,"72505394728,KJFK,KLGA,74486094789,F8726,KNYC,72503014732"
New york,2025-05-25T21:00:00,63.9,63.9,42.9,46.36,0,0,,0,0,10.5,14.6,313,1019.2,93.1,9.9,0,0,0,,Overcast,cloudy,"72505394728,KJFK,KLGA,74486094789,F8726,KNYC,72503014732"
New york,2025-05-25T22:00:00,63.4,63.4,43.4,48.18,0,0,,0,0,11.9,10,320,1019.8,93.1,9.9,0,0,0,,Overcast,cloudy,"72505394728,KJFK,KLGA,74486094789,F8726,KNYC,72503014732"
New york,2025-05-25T23:00:00,60.9,60.9,44,53.75,0,0,,0,0,13,7,337,1020.2,65.3,9.9,0,0,0,,Partially cloudy,partly-cloudy-night,"72505394728,KJFK,KLGA,74486094789,F8726,KNYC,72503014732"
New york,2025-05-26T00:00:00,58.8,58.8,44.1,58.12,0,0,,0,0,13,6.7,330,1020.4,38.3,9.9,0,0,0,,Partially cloudy,partly-cloudy-night,"72505394728,KJFK,KLGA,74486094789,F8726,KNYC,72503014732"
New york,2025-05-26T01:00:00,57.7,57.7,44.5,61.26,0,0,,0,0,13,6.5,306,1020.3,38.3,9.9,0,0,0,,Partially cloudy,partly-cloudy-night,"72505394728,KJFK,KLGA,74486094789,F8726,KNYC,72503014732"
New york,2025-05-26T02:00:00,56.1,56.1,44.8,65.85,0,0,,0,0,13.6,6.8,292,1020,54.9,9.9,0,0,0,,Partially cloudy,partly-cloudy-night,"72505394728,KJFK,KLGA,74486094789,F8726,KNYC,72503014732"
New york,2025-05-26T03:00:00,55.2,55.2,44.5,66.97,0,0,,0,0,13.4,7.4,321,1020,26.5,9.9,0,0,0,,Partially cloudy,partly-cloudy-night,"72505394728,KJFK,KLGA,74486094789,F8726,KNYC,72503014732"
New york,2025-05-26T04:00:00,55.1,55.1,44.5,67.39,0,0,,0,0,13.4,7.2,304,1020.9,16.8,9.9,0,0,0,,Clear,clear-night,"72505394728,KJFK,KLGA,74486094789,F8726,KNYC,72503014732"
New york,2025-05-26T05:00:00,54.1,54.1,44.8,70.69,0,0,,0,0,13.4,7,306,1021.2,16.8,9.9,0,0,0,,Clear,clear-night,"72505394728,KJFK,KLGA,74486094789,F8726,KNYC,72503014732"
New york,2025-05-26T06:00:00,53.8,53.8,44.8,71.39,0,0,,0,0,13.6,5.3,302,1021.6,16.8,9.9,28,0.1,0,,Clear,clear-day,"72505394728,KJFK,KLGA,74486094789,F8726,KNYC,72503014732"
New york,2025-05-26T07:00:00,55.2,55.2,44.6,67.41,0,0,,0,0,13.6,7.6,316,1022.4,26.5,9.9,195,0.7,2,,Partially cloudy,partly-cloudy-day,"72505394728,KJFK,KLGA,74486094789,F8726,KNYC,72503014732"
New york,2025-05-26T08:00:00,57,57,45,64.01,0,0,,0,0,13.6,4.7,324,1022.8,16.8,9.9,389,1.4,4,,Clear,clear-day,"72505394728,KJFK,KLGA,74486094789,F8726,KNYC,72503014732"
New york,2025-05-26T09:00:00,60.5,60.5,45,56.59,0,0,,0,0,13.2,7.4,353,1022.9,16.8,9.9,604,2.2,6,,Clear,clear-day,"72505394728,KJFK,KLGA,74486094789,F8726,KNYC,72503014732"
New york,2025-05-26T10:00:00,63,63,44.8,51.46,0,0,,0,0,11,7.2,318,1023.2,16.8,9.9,776,2.8,8,,Clear,clear-day,"72505394728,KJFK,KLGA,74486094789,F8726,KNYC,72503014732"
New york,2025-05-26T11:00:00,66,66,44.6,46.05,0,0,,0,0,8.9,6.9,360,1023,16.8,9.9,909,3.3,9,,Clear,clear-day,"72505394728,KJFK,KLGA,74486094789,F8726,KNYC,72503014732"
New york,2025-05-26T12:00:00,68.3,68.3,44,41.47,0,0,,0,0,18.3,10.3,19,1022.9,26.5,9.9,839,3,8,,Partially cloudy,partly-cloudy-day,"72505394728,KJFK,KLGA,74486094789,F8726,KNYC,72503014732"
New york,2025-05-26T13:00:00,70.3,70.3,43.4,37.98,0,0,,0,0,17.2,8.3,3,1022.7,30.9,9.9,1103,4,10,,Partially cloudy,partly-cloudy-day,"72505394728,KJFK,KLGA,74486094789,F8726,KNYC,72503014732"
New york,2025-05-26T14:00:00,71.2,71.2,42.6,35.65,0,0,,0,0,9.2,8.9,29,1022.5,30.9,9.9,894,3.2,9,,Partially cloudy,partly-cloudy-day,"72505394728,KJFK,KLGA,74486094789,F8726,KNYC,72503014732"
New york,2025-05-26T15:00:00,71.2,71.2,41.9,34.67,0,0,,0,0,18.3,8.3,82,1022.3,21.1,9.9,916,3.3,9,,Partially cloudy,partly-cloudy-day,"72505394728,KJFK,KLGA,74486094789,F8726,KNYC,72503014732"
New york,2025-05-26T16:00:00,71.2,71.2,41.4,33.96,0,0,,0,0,10.1,2,309,1021.9,21.1,9.9,704,2.5,7,,Partially cloudy,partly-cloudy-day,"72505394728,KJFK,KLGA,74486094789,F8726,KNYC,72503014732"
New york,2025-05-26T17:00:00,71.7,71.7,42,34.27,0,0,,0,0,23,13.1,200,1021.9,21.1,9.9,504,1.8,5,,Partially cloudy,partly-cloudy-day,"72505394728,KJFK,KLGA,74486094789,F8726,KNYC,72503014732"
New york,2025-05-26T18:00:00,70.8,70.8,42.3,35.69,0,0,,0,0,7.2,7.1,73,1022,31.6,9.9,296,1.1,3,,Partially cloudy,partly-cloudy-day,"72505394728,KJFK,KLGA,74486094789,F8726,KNYC,72503014732"
New york,2025-05-26T19:00:00,68.5,68.5,44.4,41.76,0,0,,0,0,5.1,7,125,1022.6,64.9,9.9,54,0.2,1,,Partially cloudy,partly-cloudy-day,"72505394728,KJFK,KLGA,74486094789,F8726,KNYC,72503014732"
New york,2025-05-26T20:00:00,65.2,65.2,45.2,48.22,0,0,,0,0,3.8,6.4,49,1023.5,55.1,9.9,9,0,0,,Partially cloudy,partly-cloudy-day,"72505394728,KJFK,KLGA,74486094789,F8726,KNYC,72503014732"
New york,2025-05-26T21:00:00,63.1,63.1,45.5,52.79,0,0,,0,0,5.1,6.6,51,1023.9,21.1,9.9,0,0,0,,Partially cloudy,partly-cloudy-night,"72505394728,KJFK,KLGA,74486094789,F8726,KNYC,72503014732"
New york,2025-05-26T22:00:00,62.1,62.1,47.3,58.24,0,0,,0,0,5.8,5,244,1024.7,31.6,9.9,0,0,0,,Partially cloudy,partly-cloudy-night,"72505394728,KJFK,KLGA,74486094789,F8726,KNYC,72503014732"
New york,2025-05-26T23:00:00,62,62,47.6,59.29,0,0,,0,0,6.3,2.8,231,1024.9,31.6,9.9,0,0,0,,Partially cloudy,partly-cloudy-night,"72505394728,KJFK,KLGA,74486094789,F8726,KNYC,72503014732"
New york,2025-05-27T00:00:00,61.6,61.6,46.9,58.49,0,0,,0,0,6.3,5.6,247,1025.2,30.9,9.9,0,0,0,,Partially cloudy,partly-cloudy-night,"72505394728,KJFK,KLGA,74486094789,F8726,KNYC,72503014732"
New york,2025-05-27T01:00:00,61.5,61.5,46.7,58.32,0,0,,0,0,6.5,4.2,245,1024.9,21.1,9.9,0,0,0,,Partially cloudy,partly-cloudy-night,"72505394728,KJFK,KLGA,74486094789,F8726,KNYC,72503014732"
New york,2025-05-27T02:00:00,60.7,60.7,46.5,59.37,0,0,,0,0,7.6,2.6,288,1024.8,21.1,9.9,0,0,0,,Partially cloudy,partly-cloudy-night,"72505394728,KJFK,KLGA,74486094789,F8726,KNYC,72503014732"
New york,2025-05-27T03:00:00,59.5,59.5,47,63.26,0,0,,0,0,6.9,2.6,252,1025,21.1,9.9,0,0,0,,Partially cloudy,partly-cloudy-night,"72505394728,KJFK,KLGA,74486094789,F8726,KNYC,72503014732"
New york,2025-05-27T04:00:00,58.9,58.9,48.3,67.74,0,0,,0,0,6.7,1.8,312,1025.4,21.1,9.9,0,0,0,,Partially cloudy,partly-cloudy-night,"72505394728,KJFK,KLGA,74486094789,F8726,KNYC,72503014732"
New york,2025-05-27T05:00:00,58.3,58.3,47.6,67.38,0,0,,0,0,7.2,2.6,285,1026.1,16.8,9.9,0,0,0,,Clear,clear-night,"72505394728,KJFK,KLGA,74486094789,F8726,KNYC,72503014732"
New york,2025-05-27T06:00:00,57,57,50,77.62,0,0,,0,0,7.4,2.5,345,1026.6,26.5,9.9,31,0.1,0,,Partially cloudy,partly-cloudy-day,"72505394728,KJFK,KLGA,74486094789,F8726,KNYC,72503014732"
New york,2025-05-27T07:00:00,60.2,60.2,50.4,70.25,0,0,,0,0,7.4,2.6,8,1027.3,38.3,9.9,192,0.7,2,,Partially cloudy,partly-cloudy-day,"72505394728,KJFK,KLGA,74486094789,F8726,KNYC,72503014732"
New york,2025-05-27T08:00:00,63,63,49.6,61.73,0,0,,0,0,6.5,2,41,1027.3,54.9,9.9,384,1.4,4,,Partially cloudy,partly-cloudy-day,"72505394728,KJFK,KLGA,74486094789,F8726,KNYC,72503014732"
New york,2025-05-27T09:00:00,65.8,65.8,47.1,50.88,0,0,,0,0,5.6,4.4,62,1027.4,54.9,9.9,593,2.1,6,,Partially cloudy,partly-cloudy-day,"72505394728,KJFK,KLGA,74486094789,F8726,KNYC,72503014732"
New york,2025-05-27T10:00:00,69.4,69.4,45,41.44,0,0,,0,0,6,3.6,41,1027.3,54.9,9.9,643,2.3,6,,Partially cloudy,partly-cloudy-day,"72505394728,KJFK,KLGA,74486094789,F8726,KNYC,72503014732"
New york,2025-05-27T11:00:00,69.9,69.9,45.1,41.04,0,0,,0,0,5.8,4.5,349,1027.1,54.9,9.9,685,2.5,7,,Partially cloudy,partly-cloudy-day,"72505394728,KJFK,KLGA,74486094789,F8726,KNYC,72503014732"
New york,2025-05-27T12:00:00,71.6,71.6,43.2,35.96,0,0,,0,0,4.7,6.9,314,1027.3,54.9,9.9,703,2.5,7,,Partially cloudy,partly-cloudy-day,"72505394728,KJFK,KLGA,74486094789,F8726,KNYC,72503014732"
New york,2025-05-27T13:00:00,72.7,72.7,44.5,36.39,0,0,,0,0,6,4.4,341,1027.1,57,9.9,673,2.4,7,,Partially cloudy,partly-cloudy-day,"72505394728,KJFK,KLGA,74486094789,F8726,KNYC,72503014732"
New york,2025-05-27T14:00:00,73.5,73.5,46.5,38.22,0,0,,0,0,7.6,8.6,183,1026.7,61.8,9.9,531,1.9,5,,Partially cloudy,partly-cloudy-day,"72505394728,KJFK,KLGA,74486094789,F8726,KNYC,72503014732"
New york,2025-05-27T15:00:00,72.1,72.1,46.6,40.24,0,0,,0,0,9.8,8.3,38,1026.4,61.8,9.9,461,1.7,5,,Partially cloudy,partly-cloudy-day,"72505394728,KJFK,KLGA,74486094789,F8726,KNYC,72503014732"
New york,2025-05-27T16:00:00,70.3,70.3,48.5,46,0,0,,0,0,21.9,10,186,1026.4,61.8,9.9,342,1.2,3,,Partially cloudy,partly-cloudy-day,"72505394728,KJFK,KLGA,74486094789,F8726,KNYC,72503014732"
New york,2025-05-27T17:00:00,68.9,68.9,47.3,45.97,0,0,,0,0,12.3,9.6,176,1026.2,61.8,9.9,143,0.5,1,,Partially cloudy,partly-cloudy-day,"72505394728,KJFK,KLGA,74486094789,F8726,KNYC,72503014732"
New york,2025-05-27T18:00:00,67.3,67.3,45.5,45.55,0,0,,0,0,13.2,8.5,172,1026.3,61.8,9.9,110,0.4,1,,Partially cloudy,partly-cloudy-day,"72505394728,KJFK,KLGA,74486094789,F8726,KNYC,72503014732"
New york,2025-05-27T19:00:00,66.6,66.6,46.1,47.69,0,0,,0,0,12.5,9,183,1026.2,61.8,9.9,41,0.1,0,,Partially cloudy,partly-cloudy-day,"72505394728,KJFK,KLGA,74486094789,F8726,KNYC,72503014732"
New york,2025-05-27T20:00:00,65.9,65.9,48.3,52.95,0,0,,0,0,11.2,7.4,183,1026,61.8,9.9,3,0,0,,Partially cloudy,partly-cloudy-day,"72505394728,KJFK,KLGA,74486094789,F8726,KNYC,72503014732"
New york,2025-05-27T21:00:00,64.6,64.6,48.5,55.88,0,0,,0,0,11,6.8,234,1025.8,61.8,9.9,0,0,0,,Partially cloudy,partly-cloudy-night,"72505394728,KJFK,KLGA,74486094789,F8726,KNYC,72503014732"
New york,2025-05-27T22:00:00,64.6,64.6,48.7,56.32,0,0,,0,0,10.5,6,195,1026.2,61.8,9.9,0,0,0,,Partially cloudy,partly-cloudy-night,"72505394728,KJFK,KLGA,74486094789,F8726,KNYC,72503014732"
New york,2025-05-27T23:00:00,63.9,63.9,48.6,57.44,0,0,,0,0,9.8,8,186,1026.3,61.8,9.9,0,0,0,,Partially cloudy,partly-cloudy-night,"72505394728,KJFK,KLGA,74486094789,F8726,KNYC,72503014732"
New york,2025-05-28T00:00:00,64.3,64.3,47,53.36,0,0,,0,0,9.2,7.5,200,1026.2,61.8,9.9,0,0,0,,Partially cloudy,partly-cloudy-night,"72505394728,KJFK,KLGA,74486094789,F8726,KNYC,72503014732"
New york,2025-05-28T01:00:00,63.4,63.4,46.8,54.63,0,0,,0,0,8.7,3.8,235,1025.9,61.8,9.9,0,0,0,,Partially cloudy,partly-cloudy-night,"72505394728,KJFK,KLGA,74486094789,F8726,KNYC,72503014732"
New york,2025-05-28T02:00:00,62.6,62.6,46.6,55.81,0,0,,0,0,7.4,3.6,136,1025.3,61.8,9.9,0,0,0,,Partially cloudy,partly-cloudy-night,"72505394728,KJFK,KLGA,74486094789,F8726,KNYC,72503014732"
New york,2025-05-28T03:00:00,61.6,61.6,45.6,55.59,0,0,,0,0,8.1,4.9,183,1025.4,61.8,9.9,0,0,0,,Partially cloudy,partly-cloudy-night,"72505394728,KJFK,KLGA,74486094789,F8726,KNYC,72503014732"
New york,2025-05-28T04:00:00,61.8,61.8,46.2,56.45,0,0,,0,0,8.7,5.8,199,1025.8,61.8,9.9,0,0,0,,Partially cloudy,partly-cloudy-night,"72505394728,KJFK,KLGA,74486094789,F8726,KNYC,72503014732"
New york,2025-05-28T05:00:00,61.1,61.1,47,59.87,0,0,,0,0,10.3,4.4,207,1025.8,61.8,9.9,0,0,0,,Partially cloudy,partly-cloudy-night,"72505394728,KJFK,KLGA,74486094789,F8726,KNYC,72503014732"
New york,2025-05-28T06:00:00,60.9,60.9,47.1,60.53,0,0,,0,0,10.7,5.8,205,1025.8,61.8,9.9,21,0.1,0,,Partially cloudy,partly-cloudy-day,"72505394728,KJFK,KLGA,74486094789,F8726,KNYC,72503014732"
New york,2025-05-28T07:00:00,61.3,61.3,47,59.19,0,0,,0,0,10.5,4.1,244,1026.4,59.6,9.9,63,0.2,1,,Partially cloudy,partly-cloudy-day,"72505394728,KJFK,KLGA,74486094789,F8726,KNYC,72503014732"
New york,2025-05-28T08:00:00,61.5,61.5,47.8,60.72,0,0,,0,0,11.6,5.8,233,1026.5,72.2,9.9,184,0.7,2,,Partially cloudy,partly-cloudy-day,"72505394728,KJFK,KLGA,74486094789,F8726,KNYC,72503014732"
New york,2025-05-28T09:00:00,62.6,62.6,47.5,57.79,0,0,,0,0,12.3,4,264,1026.6,80.9,9.2,275,1,3,,Partially cloudy,partly-cloudy-day,"72505394728,KJFK,KLGA,74486094789,F8726,KNYC,72503014732"
New york,2025-05-28T10:00:00,64,64,46.4,52.79,0,0,,0,0,12.3,5.1,230,1026.3,100,9.5,358,1.3,4,,Overcast,cloudy,"72505394728,KJFK,KLGA,74486094789,F8726,KNYC,72503014732"
New york,2025-05-28T11:00:00,65.6,65.6,46,49.16,0,0,,0,0,11.2,2.5,315,1026.1,100,9.9,315,1.1,3,,Overcast,cloudy,"72505394728,KJFK,KLGA,74486094789,F8726,KNYC,72503014732"
New york,2025-05-28T12:00:00,64.9,64.9,39.6,39.51,0,0,,0,0,24.2,15.8,176,1026.5,95.8,9.9,359,1.3,4,,Overcast,cloudy,"72505394728,KJFK,KLGA,74486094789,F8726,KNYC,72503014732"
New york,2025-05-28T13:00:00,61.7,61.7,39.2,43.31,0,0,,0,0,8.9,11.1,170,1026.4,100,9.9,245,0.9,2,,Overcast,cloudy,"72505394728,KJFK,KLGA,74486094789,F8726,KNYC,72503014732"
New york,2025-05-28T14:00:00,59.2,59.2,42.3,53.36,0,0,,0,0,10.1,5.8,170,1026.1,100,9.9,240,0.9,2,,Overcast,cloudy,"72505394728,KJFK,KLGA,74486094789,F8726,KNYC,72503014732"
New york,2025-05-28T15:00:00,58.9,58.9,45.5,61.04,0,0,,0,0,11.2,3.3,35,1024.8,100,9.9,139,0.5,1,,Overcast,cloudy,"72505394728,KJFK,KLGA,74486094789,F8726,KNYC,72503014732"
New york,2025-05-28T16:00:00,58.6,58.6,47.7,67.05,0.005,100,rain,0,0,11.6,3.6,17,1024.3,100,9.2,100,0.4,1,,"Rain, Overcast",rain,"72505394728,KJFK,KLGA,74486094789,F8726,KNYC,72503014732"
New york,2025-05-28T17:00:00,58.1,58.1,47.9,68.69,0.008,100,rain,0,0,10.5,3.1,39,1024.1,100,8.8,124,0.4,1,,"Rain, Overcast",rain,"72505394728,KJFK,KLGA,74486094789,F8726,KNYC,72503014732"
New york,2025-05-28T18:00:00,57.4,57.4,47.9,70.62,0.018,100,rain,0,0,11.6,5.8,81,1023.8,100,8.8,51,0.2,1,,"Rain, Overcast",rain,"72505394728,KJFK,KLGA,74486094789,F8726,KNYC,72503014732"
New york,2025-05-28T19:00:00,55.6,55.6,48.4,76.75,0.032,100,rain,0,0,13.2,5.9,77,1023.4,100,7.2,13,0,0,,"Rain, Overcast",rain,"72505394728,KJFK,KLGA,74486094789,F8726,KNYC,72503014732"
New york,2025-05-28T20:00:00,55.1,55.1,48.3,77.91,0.085,100,rain,0,0,13,8.8,67,1022.7,98.2,6,2,0,0,,"Rain, Overcast",rain,"72505394728,KJFK,KLGA,74486094789,F8726,KNYC,72503014732"
New york,2025-05-28T21:00:00,54.3,54.3,49.1,82.5,0.07,100,rain,0,0,13.6,10.5,60,1022.7,98.2,6.2,0,0,0,,"Rain, Overcast",rain,"72505394728,KJFK,KLGA,74486094789,F8726,KNYC,72503014732"
New york,2025-05-28T22:00:00,54.2,54.2,50.5,87.41,0.053,100,rain,0,0,15,8.6,62,1022.8,100,6.3,0,0,0,,"Rain, Overcast",rain,"72505394728,KJFK,KLGA,74486094789,F8726,KNYC,72503014732"
New york,2025-05-28T23:00:00,54.6,54.6,51.2,88.3,0.062,100,rain,0,0,15.2,11.1,67,1022,100,8.7,0,0,0,,"Rain, Overcast",rain,"KJFK,KLGA,74486094789,F8726,72503014732"
New york,2025-05-29T00:00:00,54.9,54.9,52.4,91.51,0.013,100,rain,0,0,15.4,9.9,60,1021.4,100,8.5,0,0,0,,"Rain, Overcast",rain,"72505394728,KJFK,KLGA,74486094789,F8726,KNYC,72503014732"
New york,2025-05-29T01:00:00,55.7,55.7,53,90.72,0.014,100,rain,0,0,15.9,10.7,69,1020.5,100,9.9,0,0,0,,"Rain, Overcast",rain,"KJFK,KLGA,74486094789,F8726,72503014732"
New york,2025-05-29T02:00:00,56.1,56.1,54.5,94.34,0.008,100,rain,0,0,16.6,10.3,66,1019.5,100,8.8,0,0,0,,"Rain, Overcast",rain,"72505394728,KJFK,KLGA,74486094789,F8726,KNYC,72503014732"
New york,2025-05-29T03:00:00,56.1,56.1,54.7,94.93,0.004,100,rain,0,0,14.3,13.2,50,1019,100,7.5,0,0,0,,"Rain, Overcast",rain,"72505394728,KJFK,KLGA,74486094789,F8726,KNYC,72503014732"
New york,2025-05-29T04:00:00,56.1,56.1,54.5,94.34,0.004,100,rain,0,0,14.3,15.4,50,1018.4,100,9,0,0,0,,"Rain, Overcast",rain,"72505394728,KJFK,KLGA,74486094789,F8726,KNYC,72503014732"
New york,2025-05-29T05:00:00,56.1,56.1,54.7,94.93,0.003,100,rain,0,0,16.3,15.9,47,1018,100,5.9,0,0,0,,"Rain, Overcast",rain,"72505394728,KJFK,KLGA,74486094789,F8726,KNYC,72503014732"
New york,2025-05-29T06:00:00,56.1,56.1,55.1,96.27,0.011,100,rain,0,0,15.4,12.8,44,1018.1,100,2.1,18,0.1,0,,"Rain, Overcast",rain,"72505394728,KJFK,KLGA,74486094789,F8726,KNYC,72503014732"
New york,2025-05-29T07:00:00,57.5,57.5,55.4,92.96,0.016,100,rain,0,0,23,11.3,40,1018.1,100,2.3,45,0.2,0,,"Rain, Overcast",rain,"KJFK,KLGA,74486094789,F8726,KNYC,72503014732"
New york,2025-05-29T08:00:00,58,58,56.4,94.4,0.005,100,rain,0,0,12.5,11,37,1018,100,3.8,108,0.4,1,,"Rain, Overcast",rain,"72505394728,KJFK,KLGA,74486094789,F8726,KNYC,72503014732"
New york,2025-05-29T09:00:00,58.5,58.5,56.8,94.05,0.001,100,rain,0,0,24.2,13.5,34,1017.9,100,2.1,328,1.2,3,,"Rain, Overcast",rain,"72505394728,KJFK,KLGA,74486094789,F8726,KNYC,72503014732"
New york,2025-05-29T10:00:00,60.1,60.1,57.9,92.57,0,0,,0,0,23,13.9,44,1017.3,100,6.6,273,1,3,,Overcast,cloudy,"72505394728,KJFK,KLGA,F8726,KNYC,72503014732"
New york,2025-05-29T11:00:00,61.3,61.3,56.9,85.42,0,0,,0,0,15.4,10.3,41,1017.3,100,9.9,524,1.9,5,,Overcast,cloudy,"72505394728,KJFK,KLGA,74486094789,F8726,KNYC,72503014732"
New york,2025-05-29T12:00:00,62.1,62.1,56.3,81.25,0,0,,0,0,12.5,9.8,49,1016.7,100,9.9,294,1.1,3,,Overcast,cloudy,"72505394728,KJFK,KLGA,F8726,KNYC,72503014732"
New york,2025-05-29T13:00:00,61.7,61.7,55.3,79.48,0,0,,0,0,8.9,7.7,56,1016.4,100,9.9,170,0.6,2,,Overcast,cloudy,"72505394728,KJFK,KLGA,74486094789,F8726,KNYC,72503014732"
New york,2025-05-29T14:00:00,61.6,61.6,55.7,80.73,0,0,,0,0,6.5,6.2,62,1016,100,9.9,219,0.8,2,,Overcast,cloudy,"72505394728,KJFK,KLGA,F8726,KNYC,72503014732"
New york,2025-05-29T15:00:00,63.2,63.2,55.7,76.57,0,0,,0,0,7.6,5.1,19,1015.8,100,9.9,234,0.8,2,,Overcast,cloudy,"72505394728,KJFK,KLGA,74486094789,F8726,KNYC,72503014732"
New york,2025-05-29T16:00:00,65.4,65.4,56.3,72.57,0,0,,0,0,6.7,3.8,39,1015.1,95.2,9.9,274,1,3,,Overcast,cloudy,"72505394728,KJFK,KLGA,74486094789,F8726,KNYC,72503014732"
New york,2025-05-29T17:00:00,65.4,65.4,55.8,71.14,0,0,,0,0,6.5,3.1,20,1014.3,97.9,9.5,186,0.7,2,,Overcast,cloudy,"72505394728,KJFK,KLGA,74486094789,F8726,KNYC,72503014732"
New york,2025-05-29T18:00:00,66.1,66.1,57.3,73.23,0,0,,0,0,6.7,3.8,353,1013.6,88.9,9.9,177,0.6,2,,Partially cloudy,partly-cloudy-day,"72505394728,KJFK,KLGA,74486094789,F8726,KNYC,72503014732"
New york,2025-05-29T19:00:00,66.8,66.8,56.7,69.92,0,0,,0,0,7.2,6.9,206,1013.1,47.7,9.9,74,0.3,1,,Partially cloudy,partly-cloudy-day,"72505394728,KJFK,KLGA,74486094789,F8726,KNYC,72503014732"
New york,2025-05-29T20:00:00,64.7,64.7,56.5,74.82,0,0,,0,0,9.4,5.9,51,1013.3,47.7,9.9,9,0,0,,Partially cloudy,partly-cloudy-day,"72505394728,KJFK,KLGA,74486094789,F8726,KNYC,72503014732"
New york,2025-05-29T21:00:00,62.6,62.6,55.7,78.05,0,0,,0,0,10.1,6.1,136,1013.4,88.9,9.9,0,0,0,,Partially cloudy,partly-cloudy-night,"72505394728,KJFK,KLGA,74486094789,F8726,KNYC,72503014732"
New york,2025-05-29T22:00:00,61.7,61.7,56.3,82.53,0,0,,0,0,8.9,4.5,227,1012.9,54.9,9.5,0,0,0,,Partially cloudy,partly-cloudy-night,"72505394728,KJFK,KLGA,74486094789,F8726,KNYC,72503014732"
New york,2025-05-29T23:00:00,61.7,61.7,56.7,83.56,0,0,,0,0,7.8,4.9,229,1012.7,54.9,9.9,0,0,0,,Partially cloudy,partly-cloudy-night,"72505394728,KJFK,KLGA,74486094789,F8726,KNYC,72503014732"
New york,2025-05-30T00:00:00,61.3,61.3,56.7,84.96,0,0,,0,0,8.3,5.8,197,1011.9,54.9,9.9,0,0,0,,Partially cloudy,partly-cloudy-night,"72505394728,KJFK,KLGA,74486094789,F8726,KNYC,72503014732"
New york,2025-05-30T01:00:00,61.8,61.8,56.7,83.33,0,0,,0,0,9.8,7.5,216,1011.9,35.7,9.7,0,0,0,,Partially cloudy,partly-cloudy-night,"72505394728,KJFK,KLGA,74486094789,F8726,KNYC,72503014732"
New york,2025-05-30T02:00:00,62.7,62.7,56.8,80.91,0,0,,0,0,10.7,5.6,206,1011.2,88.3,9.6,0,0,0,,Partially cloudy,partly-cloudy-night,"72505394728,KJFK,KLGA,74486094789,F8726,KNYC,72503014732"
New york,2025-05-30T03:00:00,61.6,61.6,56.2,82.32,0,0,,0,0,11.2,3.9,208,1010.3,47.2,9.2,0,0,0,,Partially cloudy,partly-cloudy-night,"72505394728,KJFK,KLGA,74486094789,F8726,KNYC,72503014732"
New york,2025-05-30T04:00:00,61.8,61.8,56.3,82.18,0,0,,0,0,11.2,5.8,192,1009.7,88.3,9.2,0,0,0,,Partially cloudy,partly-cloudy-night,"72505394728,KJFK,KLGA,74486094789,F8726,KNYC,72503014732"
New york,2025-05-30T05:00:00,62.1,62.1,57.3,84.37,0,0,,0,0,10.5,4.2,200,1009.2,92,8.8,0,0,0,,Overcast,cloudy,"72505394728,KJFK,KLGA,74486094789,F8726,KNYC,72503014732"
New york,2025-05-30T06:00:00,63.5,63.5,58.7,84.3,0,0,,0,0,17.2,7.4,213,1008.4,92,8.8,15,0.1,0,,Overcast,cloudy,"72505394728,KJFK,KLGA,74486094789,F8726,KNYC,72503014732"
New york,2025-05-30T07:00:00,64.5,64.5,59.2,82.97,0,0,,0,0,9.2,6.5,224,1008.1,96.2,8.5,46,0.2,0,,Overcast,cloudy,"72505394728,KJFK,KLGA,74486094789,F8726,KNYC,72503014732"
New york,2025-05-30T08:00:00,64.1,64.1,59.2,84.09,0,0,,0,0,10.7,3.6,133,1007.5,98.7,8.6,58,0.2,1,,Overcast,cloudy,"72505394728,KJFK,KLGA,74486094789,F8726,KNYC,72503014732"
New york,2025-05-30T09:00:00,64.6,64.6,59.2,82.57,0,0,,0,0,12.8,5.2,121,1007.2,98.7,9.3,179,0.6,2,,Overcast,cloudy,"72505394728,KJFK,KLGA,74486094789,F8726,KNYC,72503014732"
New york,2025-05-30T10:00:00,64.2,64.2,58.9,82.95,0,0,,0,0,12.8,6.9,175,1006.8,100,7.1,395,1.4,4,,Overcast,cloudy,"72505394728,KJFK,KLGA,74486094789,F8726,KNYC,72503014732"
New york,2025-05-30T11:00:00,67.1,67.1,59.8,77.51,0,0,,0,0,16.1,5,170,1006.4,92,7,791,2.8,8,,Overcast,cloudy,"72505394728,KJFK,KLGA,74486094789,F8726,KNYC,72503014732"
New york,2025-05-30T12:00:00,70.9,70.9,60.9,70.7,0,0,,0,0,14.3,5.6,49,1005.4,92.9,8.2,528,1.9,5,,Overcast,cloudy,"72505394728,KJFK,KLGA,74486094789,F8726,KNYC,72503014732"
New york,2025-05-30T13:00:00,71.6,71.6,61.4,70.31,0,0,,0,0,15.2,8.9,166,1004,92,8.9,1088,3.9,10,,Overcast,cloudy,"72505394728,KJFK,KLGA,74486094789,F8726,KNYC,72503014732"
New york,2025-05-30T14:00:00,73.1,73.1,61.3,66.45,0,0,,0,0,18.3,8.4,183,1003,88.3,9.9,350,1.3,4,,Partially cloudy,partly-cloudy-day,"72505394728,KJFK,KLGA,74486094789,F8726,KNYC,72503014732"
New york,2025-05-30T15:00:00,72.1,72.1,61.3,68.64,0,0,,0,0,15.9,11.7,156,1002.4,76.3,9.3,809,2.9,8,,Partially cloudy,partly-cloudy-day,"72505394728,KJFK,KLGA,74486094789,F8726,KNYC,72503014732"
New york,2025-05-30T16:00:00,70.7,70.7,60.9,71.19,0,0,,0,0,25.3,16.5,167,1001.6,92,9.9,214,0.8,2,,Overcast,cloudy,"72505394728,KJFK,KLGA,74486094789,F8726,KNYC,72503014732"
New york,2025-05-30T17:00:00,68.9,68.9,60.4,74.32,0,0,,0,0,13.9,10.2,164,1001.1,92,9.9,155,0.6,2,,Overcast,cloudy,"72505394728,KJFK,KLGA,74486094789,F8726,KNYC,72503014732"
New york,2025-05-30T18:00:00,67,67,60,78.3,0,0,,0,0,12.5,9.9,151,1000.3,95.4,9.3,100,0.4,1,,Overcast,cloudy,"72505394728,KJFK,KLGA,74486094789,F8726,KNYC,72503014732"
New york,2025-05-30T19:00:00,65.7,65.7,59.7,80.84,0,0,,0,0,10.3,5.7,119,999.1,49.8,9.6,55,0.2,1,,Partially cloudy,partly-cloudy-day,"72505394728,KJFK,KLGA,74486094789,F8726,KNYC,72503014732"
New york,2025-05-30T20:00:00,64.3,64.3,59.1,83.25,0,0,,0,0,10.3,7.3,154,999,100,7.6,6,0,0,,Overcast,cloudy,"72505394728,KJFK,KLGA,F8726,KNYC,72503014732"
New york,2025-05-30T21:00:00,63.1,63.1,59.2,87.29,0,0,,0,0,10.5,6.5,161,998.2,100,7.4,0,0,0,,Overcast,cloudy,"72505394728,KJFK,KLGA,74486094789,F8726,KNYC,72503014732"
New york,2025-05-30T22:00:00,64.1,64.1,59.2,84.09,0,0,,0,0,8.9,5.7,106,997.7,96.2,7.4,0,0,0,,Overcast,cloudy,"72505394728,KJFK,KLGA,74486094789,F8726,KNYC,72503014732"
New york,2025-05-30T23:00:00,63.3,63.3,58.7,85.05,0,0,,0,0,6.9,6.5,89,996.8,100,6.2,0,0,0,,Overcast,cloudy,"72505394728,KJFK,KLGA,74486094789,F8726,KNYC,72503014732"
New york,2025-05-31T00:00:00,62.4,62.4,58.9,88.26,0,0,,0,0,10.7,4.3,93,995.8,100,4.8,0,0,0,,Overcast,cloudy,"72505394728,KJFK,KLGA,74486094789,F8726,KNYC,72503014732"
New york,2025-05-31T01:00:00,62.4,62.4,59.8,91.28,0.016,100,rain,0,0,12.3,5.8,93,993.6,100,3.5,0,0,0,,"Rain, Overcast",rain,"72505394728,KJFK,KLGA,74486094789,F8726,KNYC,72503014732"
New york,2025-05-31T02:00:00,62.1,62.1,59.8,92.39,0.094,100,rain,0,0,12.8,8.3,63,992.3,100,2,0,0,0,,"Rain, Overcast",rain,"72505394728,KJFK,KLGA,74486094789,F8726,KNYC,72503014732"
New york,2025-05-31T03:00:00,62.1,62.1,59.7,91.83,0.3,100,rain,0,0,21.9,6.7,79,990.3,100,4.4,0,0,0,,"Rain, Overcast",rain,"72505394728,KJFK,KLGA,74486094789,F8726,KNYC,72503014732"
New york,2025-05-31T04:00:00,61.7,61.7,58.7,89.98,0.001,100,rain,0,0,15.7,8.5,116,989,100,6.2,0,0,0,,"Rain, Overcast",rain,"72505394728,KJFK,KLGA,F8726,KNYC,72503014732"
New york,2025-05-31T05:00:00,61.7,61.7,59.4,92.15,0.016,100,rain,0,0,18.3,10.3,157,987.6,100,2.4,0,0,0,,"Rain, Overcast",rain,"72505394728,KJFK,KLGA,74486094789,F8726,KNYC,72503014732"
New york,2025-05-31T06:00:00,60.6,60.6,56.6,86.68,0.002,100,rain,0,0,27.3,16.2,253,986.5,88.8,9.9,27,0.1,0,,"Rain, Partially cloudy",rain,"72505394728,KJFK,KLGA,F8726,KNYC,72503014732"
New york,2025-05-31T07:00:00,60.6,60.6,54.2,79.29,0,0,,0,0,31.8,15.9,293,987.2,88.9,9.9,76,0.3,1,,Partially cloudy,partly-cloudy-day,"72505394728,KJFK,KLGA,74486094789,F8726,KNYC,72503014732"
New york,2025-05-31T08:00:00,61.7,61.7,53,73.1,0.026,100,rain,0,0,25.6,11.9,273,988,97.9,9.9,124,0.4,1,,"Rain, Overcast",rain,"72505394728,KJFK,KLGA,74486094789,F8726,KNYC,72503014732"
New york,2025-05-31T09:00:00,62.6,62.6,53,70.82,0,0,,0,0,27.8,14.6,270,988.1,97.9,9.9,277,1,3,,Overcast,cloudy,"72505394728,KJFK,KLGA,74486094789,F8726,KNYC,72503014732"
New york,2025-05-31T10:00:00,63,63,51.7,66.54,0,0,,0,0,35.1,19.3,292,988.4,97.9,9.9,470,1.7,5,,Overcast,cloudy,"72505394728,KJFK,KLGA,74486094789,F8726,KNYC,72503014732"
New york,2025-05-31T11:00:00,63.2,63.2,51.5,65.73,0,0,,0,0,34.8,20,292,988.8,88.9,9.9,575,2.1,6,,Partially cloudy,partly-cloudy-day,"72505394728,KJFK,KLGA,74486094789,F8726,KNYC,72503014732"
New york,2025-05-31T12:00:00,65.5,65.5,50.8,59.14,0,0,,0,0,38.7,18.2,292,989.2,74,9.9,454,1.6,5,,Partially cloudy,partly-cloudy-day,"72505394728,KJFK,KLGA,74486094789,F8726,KNYC,72503014732"
New york,2025-05-31T13:00:00,67.4,67.4,52,57.81,0,0,,0,0,33.3,17.7,276,990.4,88.9,9.9,501,1.8,5,,Partially cloudy,partly-cloudy-day,"72505394728,KJFK,KLGA,74486094789,F8726,KNYC,72503014732"
New york,2025-05-31T14:00:00,68.1,68.1,50.5,53.41,0,0,,0,0,34.4,18.2,274,991.1,88.9,9.9,297,1.1,3,,Partially cloudy,partly-cloudy-day,"72505394728,KJFK,KLGA,74486094789,F8726,KNYC,72503014732"
New york,2025-05-31T15:00:00,66.2,66.2,48.9,53.57,0,0,,0,0,30.6,15.9,280,991.9,93.1,9.9,819,2.9,8,,Overcast,cloudy,"72505394728,KJFK,KLGA,74486094789,F8726,KNYC,72503014732"
New york,2025-05-31T16:00:00,68.3,68.3,48.9,49.89,0,0,,0,0,29.7,15.3,290,992,88.9,9.9,458,1.6,5,,Partially cloudy,partly-cloudy-day,"72505394728,KJFK,KLGA,74486094789,F8726,KNYC,72503014732"
New york,2025-05-31T17:00:00,66.3,66.3,49.5,54.62,0,0,,0,0,28.5,17.4,289,992.6,88.9,9.9,324,1.2,3,,Partially cloudy,partly-cloudy-day,"72505394728,KJFK,KLGA,74486094789,F8726,KNYC,72503014732"
New york,2025-05-31T18:00:00,64.2,64.2,46.2,51.89,0,0,,0,0,32.7,16.7,302,993.7,88.9,9.9,206,0.7,2,,Partially cloudy,partly-cloudy-day,"72505394728,KJFK,KLGA,74486094789,F8726,KNYC,72503014732"
New york,2025-05-31T19:00:00,63,63,44.2,50.3,0,0,,0,0,31.2,17.5,305,995.1,70.5,9.9,48,0.2,0,,Partially cloudy,partly-cloudy-day,"72505394728,KJFK,KLGA,74486094789,F8726,KNYC,72503014732"
New york,2025-05-31T20:00:00,60.7,60.7,43.4,52.92,0,0,,0,0,30.1,16.4,306,996.5,70.5,9.9,5,0,0,,Partially cloudy,partly-cloudy-day,"72505394728,KJFK,KLGA,74486094789,F8726,KNYC,72503014732"
New york,2025-05-31T21:00:00,59.1,59.1,42.9,54.87,0,0,,0,0,30.4,15.3,310,997.7,59.9,9.9,0,0,0,,Partially cloudy,partly-cloudy-night,"72505394728,KJFK,KLGA,74486094789,F8726,KNYC,72503014732"
New york,2025-05-31T22:00:00,57.9,57.9,43.1,57.66,0,0,,0,0,28.3,12.3,292,998.8,93.8,9.9,0,0,0,,Overcast,cloudy,"72505394728,KJFK,KLGA,74486094789,F8726,KNYC,72503014732"
New york,2025-05-31T23:00:00,56,56,40.5,56.08,0,0,,0,0,27.1,14,297,999.9,43.6,9.9,0,0,0,,Partially cloudy,partly-cloudy-night,"72505394728,KJFK,KLGA,F8726,KNYC,72503014732"
New york,2025-06-01T00:00:00,54.9,54.9,39.5,56.21,0,0,,0,0,28.8,12,296,1000,50.9,9.9,0,0,0,,Partially cloudy,partly-cloudy-night,"72505394728,KJFK,KLGA,74486094789,F8726,KNYC,72503014732"
New york,2025-06-01T01:00:00,53.8,53.8,39.3,57.71,0,0,,0,0,20.1,10.8,290,1000.1,54.9,9.9,0,0,0,,Partially cloudy,partly-cloudy-night,"72505394728,KJFK,KLGA,74486094789,F8726,KNYC,72503014732"
New york,2025-06-01T02:00:00,53.8,53.8,39.3,57.71,0,0,,0,0,26.4,9.6,269,1000.7,50,9.9,0,0,0,,Partially cloudy,partly-cloudy-night,"72505394728,KJFK,KLGA,74486094789,F8726,KNYC,72503014732"
New york,2025-06-01T03:00:00,52.9,52.9,38.3,57.66,0,0,,0,0,21.9,9.7,259,1001.1,65.3,9.9,0,0,0,,Partially cloudy,partly-cloudy-night,"72505394728,KJFK,KLGA,74486094789,F8726,KNYC,72503014732"
New york,2025-06-01T04:00:00,52.3,52.3,38.4,58.93,0,0,,0,0,18.3,12.2,248,1001.6,38.3,9.9,0,0,0,,Partially cloudy,partly-cloudy-night,"72505394728,KJFK,KLGA,74486094789,F8726,KNYC,72503014732"
New york,2025-06-01T05:00:00,51.7,51.7,39.1,62,0,0,,0,0,19.7,12,258,1002.5,66.6,9.9,0,0,0,,Partially cloudy,partly-cloudy-night,"72505394728,KJFK,KLGA,74486094789,F8726,KNYC,72503014732"
New york,2025-06-01T06:00:00,51.7,51.7,40.5,65.44,0,0,,0,0,27.7,10.2,287,1003.5,57.9,9.9,35,0.1,0,,Partially cloudy,partly-cloudy-day,"72505394728,KJFK,KLGA,74486094789,F8726,KNYC,72503014732"
New york,2025-06-01T07:00:00,52.5,52.5,40.5,63.56,0,0,,0,0,22.5,10.8,252,1004.4,30.9,9.9,195,0.7,2,,Partially cloudy,partly-cloudy-day,"72505394728,KJFK,KLGA,74486094789,F8726,KNYC,72503014732"
New york,2025-06-01T08:00:00,54,54,41.2,61.66,0,0,,0,0,17.2,11.9,250,1004.6,30.9,9.9,393,1.4,4,,Partially cloudy,partly-cloudy-day,"72505394728,KJFK,KLGA,74486094789,F8726,KNYC,72503014732"
New york,2025-06-01T09:00:00,56.9,56.9,40.3,53.9,0,0,,0,0,26.9,14.5,254,1004.9,79.8,9.9,603,2.2,6,,Partially cloudy,partly-cloudy-day,"72505394728,KJFK,KLGA,74486094789,F8726,KNYC,72503014732"
New york,2025-06-01T10:00:00,57.2,57.2,41.1,54.9,0,0,,0,0,27.7,16.5,266,1005.2,93.1,9.9,297,1.1,3,,Overcast,cloudy,"72505394728,KJFK,KLGA,74486094789,F8726,KNYC,72503014732"
New york,2025-06-01T11:00:00,58.1,58.1,38.3,47.58,0,0,,0,0,26.8,14.6,284,1005.9,93.1,9.9,584,2.1,6,,Overcast,cloudy,"72505394728,KJFK,KLGA,74486094789,F8726,KNYC,72503014732"
New york,2025-06-01T12:00:00,61.4,61.4,37.7,41.33,0,0,,0,0,23.4,13.4,268,1006.2,88.9,9.9,883,3.2,9,,Partially cloudy,partly-cloudy-day,"72505394728,KJFK,KLGA,74486094789,F8726,KNYC,72503014732"
New york,2025-06-01T13:00:00,64.3,64.3,36.9,36.19,0,0,,0,0,24.8,11.4,276,1006.3,88.9,9.9,412,1.5,4,,Partially cloudy,partly-cloudy-day,"72505394728,KJFK,KLGA,74486094789,F8726,KNYC,72503014732"
New york,2025-06-01T14:00:00,65,65,36.6,34.8,0,0,,0,0,22.7,14.5,265,1006.5,88.9,9.9,702,2.5,7,,Partially cloudy,partly-cloudy-day,"72505394728,KJFK,KLGA,74486094789,F8726,KNYC,72503014732"
New york,2025-06-01T15:00:00,65.4,65.4,36.2,33.86,0,0,,0,0,22.7,9.4,256,1006.6,88.9,9.9,253,0.9,3,,Partially cloudy,partly-cloudy-day,"72505394728,KJFK,KLGA,74486094789,F8726,KNYC,72503014732"
New york,2025-06-01T16:00:00,65.6,65.6,37,34.71,0,0,,0,0,24.6,11.2,267,1007.3,93.1,9.9,237,0.9,2,,Overcast,cloudy,"72505394728,KJFK,KLGA,74486094789,F8726,KNYC,72503014732"
New york,2025-06-01T17:00:00,65.4,65.4,35.9,33.45,0,0,,0,0,25.8,12.2,266,1007.9,93.1,9.9,166,0.6,2,,Overcast,cloudy,"72505394728,KJFK,KLGA,74486094789,F8726,KNYC,72503014732"
New york,2025-06-01T18:00:00,65.6,65.6,38.6,36.97,0,0,,0,0,21.8,10.3,270,1008.1,93.1,9.9,104,0.4,1,,Overcast,cloudy,"72505394728,KJFK,KLGA,74486094789,F8726,KNYC,72503014732"
New york,2025-06-01T19:00:00,65.6,65.6,38.1,36.15,0,0,,0,0,14.8,10.3,247,1008.4,93.1,9.9,85,0.3,1,,Overcast,cloudy,"72505394728,KJFK,KLGA,74486094789,F8726,KNYC,72503014732"
New york,2025-06-01T20:00:00,65.1,65.1,38.8,37.98,0,0,,0,0,17.3,11.4,249,1009.2,54.9,9.9,11,0,0,,Partially cloudy,partly-cloudy-day,"72505394728,KJFK,KLGA,74486094789,F8726,KNYC,72503014732"
New york,2025-06-01T21:00:00,63.3,63.3,39.4,41.23,0,0,,0,0,8.3,5.4,267,1009.7,54.9,9.9,0,0,0,,Partially cloudy,partly-cloudy-night,"72505394728,KJFK,KLGA,74486094789,F8726,KNYC,72503014732"
New york,2025-06-01T22:00:00,62.9,62.9,39.2,41.51,0,0,,0,0,8.3,4.7,254,1010.5,74,9.9,0,0,0,,Partially cloudy,partly-cloudy-night,"72505394728,KJFK,KLGA,74486094789,F8726,KNYC,72503014732"
New york,2025-06-01T23:00:00,60.1,60.1,43.3,53.85,0,0,,0,0,25,14.6,327,1011.9,93.1,9.9,0,0,0,,Overcast,cloudy,"72505394728,KJFK,KLGA,74486094789,F8726,KNYC,72503014732"
New york,2025-06-02T00:00:00,58.8,58.8,41.6,52.8,0,0,,0,0,7.4,7.4,348,1012.3,93.1,9.9,0,0,0,,Overcast,cloudy,"72505394728,KJFK,KLGA,74486094789,F8726,KNYC,72503014732"
New york,2025-06-02T01:00:00,57.1,57.1,41.4,55.57,0,0,,0,0,8.9,4.4,296,1012.7,65.3,9.9,0,0,0,,Partially cloudy,partly-cloudy-night,"72505394728,KJFK,KLGA,74486094789,F8726,KNYC,72503014732"
New york,2025-06-02T02:00:00,56.5,56.5,41.3,56.87,0,0,,0,0,9.4,2.5,340,1012.8,65.3,9.9,0,0,0,,Partially cloudy,partly-cloudy-night,"72505394728,KJFK,KLGA,74486094789,F8726,KNYC,72503014732"
New york,2025-06-02T03:00:00,57.6,57.6,41.3,54.5,0,0,,0,0,9.8,0.9,354,1013,88.9,9.9,0,0,0,,Partially cloudy,partly-cloudy-night,"72505394728,KJFK,KLGA,74486094789,F8726,KNYC,72503014732"
New york,2025-06-02T04:00:00,56.2,56.2,43.4,62.11,0,0,,0,0,9.6,4.1,2,1013.3,81.5,9.9,0,0,0,,Partially cloudy,partly-cloudy-night,"72505394728,KJFK,KLGA,74486094789,F8726,KNYC,72503014732"
New york,2025-06-02T05:00:00,55.5,55.5,43.4,63.92,0,0,,0,0,9.4,2,331,1013.7,54.9,9.9,0,0,0,,Partially cloudy,partly-cloudy-night,"72505394728,KJFK,KLGA,74486094789,F8726,KNYC,72503014732"
New york,2025-06-02T06:00:00,54.7,54.7,44,67.06,0,0,,0,0,8.9,2.3,291,1014.1,38.3,9.9,11,0,0,,Partially cloudy,partly-cloudy-day,"72505394728,KJFK,KLGA,74486094789,F8726,KNYC,72503014732"
New york,2025-06-02T07:00:00,57.2,57.2,44.2,61.59,0,0,,0,0,8.9,1.9,330,1014.7,30.9,9.9,244,0.9,2,,Partially cloudy,partly-cloudy-day,"72505394728,KJFK,KLGA,74486094789,F8726,KNYC,72503014732"
New york,2025-06-02T08:00:00,59.6,59.6,40.9,49.81,0,0,,0,0,8.9,5.2,328,1015.3,38.3,9.9,278,1,3,,Partially cloudy,partly-cloudy-day,"72505394728,KJFK,KLGA,74486094789,F8726,KNYC,72503014732"
New york,2025-06-02T09:00:00,60.9,60.9,42.6,50.96,0,0,,0,0,11.4,7.2,311,1016,54.9,9.9,492,1.8,5,,Partially cloudy,partly-cloudy-day,"72505394728,KJFK,KLGA,74486094789,F8726,KNYC,72503014732"
New york,2025-06-02T10:00:00,62.6,62.6,42.3,47.28,0,0,,0,0,12.3,3.2,320,1015.9,54.9,9.9,690,2.5,7,,Partially cloudy,partly-cloudy-day,"72505394728,KJFK,KLGA,74486094789,F8726,KNYC,72503014732"
New york,2025-06-02T11:00:00,64,64,41.5,43.67,0,0,,0,0,12.1,5.6,257,1016,47.4,9.9,896,3.2,9,,Partially cloudy,partly-cloudy-day,"72505394728,KJFK,KLGA,74486094789,F8726,KNYC,72503014732"
New york,2025-06-02T12:00:00,66.7,66.7,42.1,40.82,0,0,,0,0,14.1,8.7,283,1016,47.4,9.9,955,3.4,10,,Partially cloudy,partly-cloudy-day,"72505394728,KJFK,KLGA,74486094789,F8726,KNYC,72503014732"
New york,2025-06-02T13:00:00,68.4,68.4,42.1,38.45,0,0,,0,0,14.3,6.4,207,1015.7,41.3,9.9,993,3.6,10,,Partially cloudy,partly-cloudy-day,"72505394728,KJFK,KLGA,74486094789,F8726,KNYC,72503014732"
New york,2025-06-02T14:00:00,69.3,69.3,42.4,37.68,0,0,,0,0,13.4,7.4,279,1015.1,41.3,9.9,935,3.4,9,,Partially cloudy,partly-cloudy-day,"72505394728,KJFK,KLGA,74486094789,F8726,KNYC,72503014732"
New york,2025-06-02T15:00:00,70.3,70.3,43.7,38.18,0,0,,0,0,11.6,8.3,238,1014.7,50,9.9,677,2.4,7,,Partially cloudy,partly-cloudy-day,"72505394728,KJFK,KLGA,74486094789,F8726,KNYC,72503014732"
New york,2025-06-02T16:00:00,70.7,70.7,43,36.76,0,0,,0,0,8.1,9.8,221,1014.1,66.6,9.9,602,2.2,6,,Partially cloudy,partly-cloudy-day,"72505394728,KJFK,KLGA,74486094789,F8726,KNYC,72503014732"
New york,2025-06-02T17:00:00,69.9,69.9,43.8,38.98,0,0,,0,0,18.3,10,214,1014.1,65.3,9.9,313,1.1,3,,Partially cloudy,partly-cloudy-day,"72505394728,KJFK,KLGA,74486094789,F8726,KNYC,72503014732"
New york,2025-06-02T18:00:00,68.1,68.1,45.1,43.6,0,0,,0,0,24.2,9,232,1014.5,54.9,9.9,225,0.8,2,,Partially cloudy,partly-cloudy-day,"72505394728,KJFK,KLGA,74486094789,F8726,KNYC,72503014732"
New york,2025-06-02T19:00:00,66,66,44.5,45.84,0,0,,0,0,7.2,9.4,183,1014.7,54.9,9.9,79,0.3,1,,Partially cloudy,partly-cloudy-day,"72505394728,KJFK,KLGA,74486094789,F8726,KNYC,72503014732"
New york,2025-06-02T20:00:00,64.8,64.8,46.2,50.85,0,0,,0,0,7.8,8.7,175,1014.9,54.9,9.9,10,0,0,,Partially cloudy,partly-cloudy-day,"72505394728,KJFK,KLGA,74486094789,F8726,KNYC,72503014732"
New york,2025-06-02T21:00:00,63.7,63.7,47.8,56.11,0,0,,0,0,8.9,6.8,232,1015.7,88.9,9.9,0,0,0,,Partially cloudy,partly-cloudy-night,"72505394728,KJFK,KLGA,74486094789,F8726,KNYC,72503014732"
New york,2025-06-02T22:00:00,62.1,62.1,48.7,61.59,0,0,,0,0,9.6,4.7,49,1016.2,47.4,9.9,0,0,0,,Partially cloudy,partly-cloudy-night,"72505394728,KJFK,KLGA,74486094789,F8726,KNYC,72503014732"
New york,2025-06-02T23:00:00,62.2,62.2,48,59.66,0,0,,0,0,10.5,4,190,1016.5,30.9,9.9,0,0,0,,Partially cloudy,partly-cloudy-night,"72505394728,KJFK,KLGA,74486094789,F8726,KNYC,72503014732"
New york,2025-06-03T00:00:00,61.9,61.9,49.2,63.09,0,0,,0,0,10.7,3.6,232,1016.6,30.9,9.9,0,0,0,,Partially cloudy,partly-cloudy-night,"72505394728,KJFK,KLGA,74486094789,F8726,KNYC,72503014732"
New york,2025-06-03T01:00:00,61.3,61.3,48.3,62.46,0,0,,0,0,11.6,0.9,324,1016.6,30.9,9.9,0,0,0,,Partially cloudy,partly-cloudy-night,"72505394728,KJFK,KLGA,74486094789,F8726,KNYC,72503014732"
New york,2025-06-03T02:00:00,61.1,61.1,49.4,65.59,0,0,,0,0,11.9,2.2,309,1016.9,21.1,9.9,0,0,0,,Partially cloudy,partly-cloudy-night,"72505394728,KJFK,KLGA,74486094789,F8726,KNYC,72503014732"
New york,2025-06-03T03:00:00,60.1,60.1,48.6,65.89,0,0,,0,0,10.3,3.8,354,1017.2,50,9.9,0,0,0,,Partially cloudy,partly-cloudy-night,"72505394728,KJFK,KLGA,74486094789,F8726,KNYC,72503014732"
New york,2025-06-03T04:00:00,57.6,57.6,49.4,74.11,0,0,,0,0,9.8,2.5,35,1018,30.9,9.9,0,0,0,,Partially cloudy,partly-cloudy-night,"72505394728,KJFK,KLGA,74486094789,F8726,KNYC,72503014732"
New york,2025-06-03T05:00:00,57.8,57.8,49.8,74.62,0,0,,0,0,8.9,0.6,9,1018.3,30.9,9.9,0,0,0,,Partially cloudy,partly-cloudy-night,"72505394728,KJFK,KLGA,74486094789,F8726,KNYC,72503014732"
New york,2025-06-03T06:00:00,57.8,57.8,50,75.1,0,0,,0,0,8.1,2.3,48,1019,21.1,9.9,34,0.1,0,,Partially cloudy,partly-cloudy-day,"72505394728,KJFK,KLGA,74486094789,F8726,KNYC,72503014732"
New york,2025-06-03T07:00:00,59.9,59.9,51.2,72.8,0,0,,0,0,7.2,2,41,1019.7,16.8,9.9,192,0.7,2,,Clear,clear-day,"72505394728,KJFK,KLGA,74486094789,F8726,KNYC,72503014732"
New york,2025-06-03T08:00:00,64.3,64.3,50.1,59.91,0,0,,0,0,6.7,3.4,48,1020.3,16.8,9.9,401,1.4,4,,Clear,clear-day,"72505394728,KJFK,KLGA,74486094789,F8726,KNYC,72503014732"
New york,2025-06-03T09:00:00,68.3,68.3,44.4,42.14,0,0,,0,0,4,3.1,46,1020.9,16.8,9.9,603,2.2,6,,Clear,clear-day,"72505394728,KJFK,KLGA,74486094789,F8726,KNYC,72503014732"
New york,2025-06-03T10:00:00,70.8,70.8,41.1,33.98,0,0,,0,0,3.8,4,51,1021.2,16.8,9.9,782,2.8,8,,Clear,clear-day,"72505394728,KJFK,KLGA,74486094789,F8726,KNYC,72503014732"
New york,2025-06-03T11:00:00,72.8,72.8,38.8,29.11,0,0,,0,0,4.3,5.8,63,1021.3,16.8,9.9,896,3.2,9,,Clear,clear-day,"72505394728,KJFK,KLGA,74486094789,F8726,KNYC,72503014732"
New york,2025-06-03T12:00:00,74.9,74.9,38.4,26.71,0,0,,0,0,4,3.5,74,1021.5,16.8,9.9,968,3.5,10,,Clear,clear-day,"72505394728,KJFK,KLGA,74486094789,F8726,KNYC,72503014732"
New york,2025-06-03T13:00:00,76.8,76.8,39.5,26.22,0,0,,0,0,3.8,3.8,326,1021.4,11.6,9.9,960,3.5,10,,Clear,clear-day,"72505394728,KJFK,KLGA,74486094789,F8726,KNYC,72503014732"
New york,2025-06-03T14:00:00,76.6,76.6,38.8,25.67,0,0,,0,0,17.2,7,227,1021,16.8,9.9,907,3.3,9,,Clear,clear-day,"72505394728,KJFK,KLGA,74486094789,F8726,KNYC,72503014732"
New york,2025-06-03T15:00:00,77.9,77.9,39.7,25.43,0,0,,0,0,9.6,8.3,166,1020.9,30.9,9.9,797,2.9,8,,Partially cloudy,partly-cloudy-day,"72505394728,KJFK,KLGA,74486094789,F8726,KNYC,72503014732"
New york,2025-06-03T16:00:00,77.7,77.7,40.1,26,0,0,,0,0,8.5,9.9,166,1020.5,26.5,9.9,616,2.2,6,,Partially cloudy,partly-cloudy-day,"72505394728,KJFK,KLGA,74486094789,F8726,KNYC,72503014732"
New york,2025-06-03T17:00:00,74.7,74.7,40.9,29.57,0,0,,0,0,20.8,12.8,173,1020.3,26.5,9.9,392,1.4,4,,Partially cloudy,partly-cloudy-day,"72505394728,KJFK,KLGA,74486094789,F8726,KNYC,72503014732"
New york,2025-06-03T18:00:00,73.3,73.3,39.9,29.89,0,0,,0,0,9.8,11.1,183,1020.6,47.4,9.9,209,0.8,2,,Partially cloudy,partly-cloudy-day,"72505394728,KJFK,KLGA,74486094789,F8726,KNYC,72503014732"
New york,2025-06-03T19:00:00,71.2,71.2,41.4,34.03,0,0,,0,0,9.6,9.2,176,1020.8,30.9,9.9,78,0.3,1,,Partially cloudy,partly-cloudy-day,"72505394728,KJFK,KLGA,74486094789,F8726,KNYC,72503014732"
New york,2025-06-03T20:00:00,69.5,69.5,42.2,37.09,0,0,,0,0,21.9,7.6,186,1021.2,30.9,9.9,10,0,0,,Partially cloudy,partly-cloudy-day,"72505394728,KJFK,KLGA,74486094789,F8726,KNYC,72503014732"
New york,2025-06-03T21:00:00,68.2,68.2,43.2,40.36,0,0,,0,0,12.1,6.8,231,1021.8,26.5,9.9,0,0,0,,Partially cloudy,partly-cloudy-night,"72505394728,KJFK,KLGA,74486094789,F8726,KNYC,72503014732"
New york,2025-06-03T22:00:00,67.8,67.8,44.3,42.77,0,0,,0,0,12.8,7.4,190,1022.5,26.5,9.9,0,0,0,,Partially cloudy,partly-cloudy-night,"72505394728,KJFK,KLGA,74486094789,F8726,KNYC,72503014732"
New york,2025-06-03T23:00:00,67.3,67.3,44,42.97,0,0,,0,0,12.8,5.7,239,1022.8,26.5,9.9,0,0,0,,Partially cloudy,partly-cloudy-night,"72505394728,KJFK,KLGA,74486094789,F8726,KNYC,72503014732"
New york,2025-06-04T00:00:00,66.1,66.1,44.4,45.38,0,0,,0,0,12.5,3.5,244,1023,30.9,9.9,0,0,0,,Partially cloudy,partly-cloudy-night,"72505394728,KJFK,KLGA,74486094789,F8726,KNYC,72503014732"
New york,2025-06-04T01:00:00,65.6,65.6,44.4,46.2,0,0,,0,0,11.9,6.9,189,1022.8,18.5,9.9,0,0,0,,Clear,clear-night,"72505394728,KJFK,KLGA,74486094789,F8726,KNYC,72503014732"
New york,2025-06-04T02:00:00,65.2,65.2,45.2,48.26,0,0,,0,0,11.6,2.1,227,1022.3,26.5,9.9,0,0,0,,Partially cloudy,partly-cloudy-night,"72505394728,KJFK,KLGA,74486094789,F8726,KNYC,72503014732"
New york,2025-06-04T03:00:00,64.3,64.3,46.8,52.94,0,0,,0,0,11,4.3,235,1022.1,30.9,9.9,0,0,0,,Partially cloudy,partly-cloudy-night,"72505394728,KJFK,KLGA,74486094789,F8726,KNYC,72503014732"
New york,2025-06-04T04:00:00,63.5,63.5,47.8,56.54,0,0,,0,0,10.5,1.3,324,1022.2,30.9,9.9,0,0,0,,Partially cloudy,partly-cloudy-night,"72505394728,KJFK,KLGA,74486094789,F8726,KNYC,72503014732"
New york,2025-06-04T05:00:00,62.4,62.4,49.2,61.96,0,0,,0,0,9.6,2.1,51,1022.2,30.9,9.9,0,0,0,,Partially cloudy,partly-cloudy-night,"72505394728,KJFK,KLGA,74486094789,F8726,KNYC,72503014732"
New york,2025-06-04T06:00:00,61.9,61.9,50.6,66.56,0,0,,0,0,8.9,1.4,273,1022.7,30.9,9.9,31,0.1,0,,Partially cloudy,partly-cloudy-day,"72505394728,KJFK,KLGA,74486094789,F8726,KNYC,72503014732"
New york,2025-06-04T07:00:00,63.1,63.1,52,67.1,0,0,,0,0,8.5,2.2,299,1023.2,54.9,9.9,142,0.5,1,,Partially cloudy,partly-cloudy-day,"72505394728,KJFK,KLGA,74486094789,F8726,KNYC,72503014732"
New york,2025-06-04T08:00:00,66.6,66.6,52.9,61.37,0,0,,0,0,7.6,3.6,186,1023,54.9,9.9,291,1,3,,Partially cloudy,partly-cloudy-day,"72505394728,KJFK,KLGA,74486094789,F8726,KNYC,72503014732"
New york,2025-06-04T09:00:00,69.9,69.9,52.3,53.58,0,0,,0,0,6.9,4.4,318,1023.2,54.9,9.9,436,1.6,4,,Partially cloudy,partly-cloudy-day,"72505394728,KJFK,KLGA,74486094789,F8726,KNYC,72503014732"
New york,2025-06-04T10:00:00,73.9,73.9,51.6,45.7,0,0,,0,0,8.5,5.1,214,1022.8,54.9,9.9,560,2,6,,Partially cloudy,partly-cloudy-day,"72505394728,KJFK,KLGA,74486094789,F8726,KNYC,72503014732"
New york,2025-06-04T11:00:00,75.7,75.7,53.2,45.47,0,0,,0,0,10.1,8.4,211,1022.6,54.9,9.9,775,2.8,8,,Partially cloudy,partly-cloudy-day,"72505394728,KJFK,KLGA,74486094789,F8726,KNYC,72503014732"
New york,2025-06-04T12:00:00,78.1,78.1,54.2,43.54,0,0,,0,0,16.1,6.8,191,1022.3,54.9,9.9,948,3.4,9,,Partially cloudy,partly-cloudy-day,"72505394728,KJFK,KLGA,74486094789,F8726,KNYC,72503014732"
New york,2025-06-04T13:00:00,79.9,79.9,56.6,44.85,0,0,,0,0,11.6,5,131,1021.9,54.9,9.9,972,3.5,10,,Partially cloudy,partly-cloudy-day,"72505394728,KJFK,KLGA,74486094789,F8726,KNYC,72503014732"
New york,2025-06-04T14:00:00,80.4,80.8,58,46.31,0,0,,0,0,18.3,7.9,168,1021.1,47.4,9.9,932,3.4,9,,Partially cloudy,partly-cloudy-day,"72505394728,KJFK,KLGA,74486094789,F8726,KNYC,72503014732"
New york,2025-06-04T15:00:00,79.8,79.8,57.2,45.94,0,0,,0,0,20.3,10.4,157,1020.5,47.4,9.9,815,2.9,8,,Partially cloudy,partly-cloudy-day,"72505394728,KJFK,KLGA,74486094789,F8726,KNYC,72503014732"
New york,2025-06-04T16:00:00,78.1,78.1,57.3,48.89,0,0,,0,0,24.2,11.2,154,1020.1,47.4,9.9,649,2.3,6,,Partially cloudy,partly-cloudy-day,"72505394728,KJFK,KLGA,74486094789,F8726,KNYC,72503014732"
New york,2025-06-04T17:00:00,77.4,77.4,57.7,50.82,0,0,,0,0,25.3,9.8,136,1020.1,43.1,9.9,441,1.6,4,,Partially cloudy,partly-cloudy-day,"72505394728,KJFK,KLGA,74486094789,F8726,KNYC,72503014732"
New york,2025-06-04T18:00:00,76.3,76.3,57,51.27,0,0,,0,0,25.3,16.5,173,1019.5,26.5,9.9,237,0.9,2,,Partially cloudy,partly-cloudy-day,"72505394728,KJFK,KLGA,74486094789,F8726,KNYC,72503014732"
New york,2025-06-04T19:00:00,75.5,75.5,57.2,52.91,0,0,,0,0,25.3,10.6,169,1019.1,26.5,9.9,95,0.3,1,,Partially cloudy,partly-cloudy-day,"72505394728,KJFK,KLGA,74486094789,F8726,KNYC,72503014732"
New york,2025-06-04T20:00:00,73.2,73.2,58.3,59.61,0,0,,0,0,12.8,8.6,44,1019.3,26.5,9.9,15,0.1,0,,Partially cloudy,partly-cloudy-day,"72505394728,KJFK,KLGA,74486094789,F8726,KNYC,72503014732"
New york,2025-06-04T21:00:00,73.3,73.3,59.5,62.14,0,0,,0,0,13,6.3,232,1019.1,16.8,9.9,0,0,0,,Clear,clear-night,"72505394728,KJFK,KLGA,74486094789,F8726,KNYC,72503014732"
New york,2025-06-04T22:00:00,74.6,74.6,59.8,60.12,0,0,,0,0,13.2,7.4,210,1019.6,16.8,9.9,0,0,0,,Clear,clear-night,"72505394728,KJFK,KLGA,74486094789,F8726,KNYC,72503014732"
New york,2025-06-04T23:00:00,74,74,58.7,58.82,0,0,,0,0,13.2,7.9,233,1019.6,16.8,9.5,0,0,0,,Clear,clear-night,"72505394728,KJFK,KLGA,74486094789,F8726,KNYC,72503014732"
New york,2025-06-05T00:00:00,73.3,73.3,58.8,60.45,0,0,,0,0,12.8,8.8,224,1019.4,16.8,9.9,0,0,0,,Clear,clear-night,"72505394728,KJFK,KLGA,74486094789,F8726,KNYC,72503014732"
New york,2025-06-05T01:00:00,72.7,72.7,58.9,61.93,0,0,,0,0,11.9,5.8,216,1019,16.8,9.9,0,0,0,,Clear,clear-night,"72505394728,KJFK,KLGA,74486094789,F8726,KNYC,72503014732"
New york,2025-06-05T02:00:00,71.9,71.9,59.3,64.72,0,0,,0,0,11.6,7.1,231,1018.4,16.8,9.9,0,0,0,,Clear,clear-night,"72505394728,KJFK,KLGA,74486094789,F8726,KNYC,72503014732"
New york,2025-06-05T03:00:00,71.1,71.1,59.2,65.93,0,0,,0,0,11.4,6.7,196,1018.1,16.8,9.9,0,0,0,,Clear,clear-night,"72505394728,KJFK,KLGA,74486094789,F8726,KNYC,72503014732"
New york,2025-06-05T04:00:00,70.3,70.3,59,67.32,0,0,,0,0,11.6,6.6,207,1017.8,16.8,9.9,0,0,0,,Clear,clear-night,"72505394728,KJFK,KLGA,74486094789,F8726,KNYC,72503014732"
New york,2025-06-05T05:00:00,70.1,70.1,59.3,68.65,0,0,,0,0,11.4,5.4,207,1017.7,42.1,9.9,0,0,0,,Partially cloudy,partly-cloudy-night,"72505394728,KJFK,KLGA,74486094789,F8726,KNYC,72503014732"
New york,2025-06-05T06:00:00,69.7,69.7,59.8,70.88,0,0,,0,0,10.5,6.1,220,1018,54.9,9.9,32,0.1,0,,Partially cloudy,partly-cloudy-day,"72505394728,KJFK,KLGA,74486094789,F8726,KNYC,72503014732"
New york,2025-06-05T07:00:00,71.1,71.1,61,70.59,0,0,,0,0,10.1,6.3,216,1018.2,54.9,9.9,170,0.6,2,,Partially cloudy,partly-cloudy-day,"72505394728,KJFK,KLGA,74486094789,F8726,KNYC,72503014732"
New york,2025-06-05T08:00:00,73.1,73.1,61.3,66.55,0,0,,0,0,9.8,8.4,223,1018.4,54.9,9.5,288,1,3,,Partially cloudy,partly-cloudy-day,"72505394728,KJFK,KLGA,74486094789,F8726,KNYC,72503014732"
New york,2025-06-05T09:00:00,75.1,75.1,62,63.83,0,0,,0,0,10.7,3.8,247,1018.2,54.9,9.2,516,1.9,5,,Partially cloudy,partly-cloudy-day,"72505394728,KJFK,KLGA,74486094789,F8726,KNYC,72503014732"
New york,2025-06-05T10:00:00,76.9,76.9,62.8,61.79,0,0,,0,0,10.7,5,245,1017.8,54.9,9.2,381,1.4,4,,Partially cloudy,partly-cloudy-day,"72505394728,KJFK,KLGA,74486094789,F8726,KNYC,72503014732"
New york,2025-06-05T11:00:00,78.9,78.9,62.6,57.38,0,0,,0,0,10.3,6,214,1017.5,54.9,9.2,733,2.6,7,,Partially cloudy,partly-cloudy-day,"72505394728,KJFK,KLGA,74486094789,F8726,KNYC,72503014732"
New york,2025-06-05T12:00:00,82,83.3,63.3,53.22,0,0,,0,0,10.5,6.3,221,1016.9,54.9,9.2,913,3.3,9,,Partially cloudy,partly-cloudy-day,"72505394728,KJFK,KLGA,74486094789,F8726,KNYC,72503014732"
New york,2025-06-05T13:00:00,83.9,84.9,63,49.51,0,0,,0,0,10.7,9.3,198,1016.3,54.9,9.2,590,2.1,6,,Partially cloudy,partly-cloudy-day,"72505394728,KJFK,KLGA,74486094789,F8726,KNYC,72503014732"
New york,2025-06-05T14:00:00,85.2,86,62.7,47.07,0,0,,0,0,10.5,9.3,208,1015.9,54.9,9.2,807,2.9,8,,Partially cloudy,partly-cloudy-day,"72505394728,KJFK,KLGA,74486094789,F8726,KNYC,72503014732"
New york,2025-06-05T15:00:00,85.4,86.1,62.4,46.3,0,0,,0,0,21.9,10.1,172,1015.3,54.9,9.2,807,2.9,8,,Partially cloudy,partly-cloudy-day,"72505394728,KJFK,KLGA,74486094789,F8726,KNYC,72503014732"
New york,2025-06-05T16:00:00,85.1,86.5,64.2,49.59,0,0,,0,0,11.2,9.6,169,1014.9,54.9,9.2,525,1.9,5,,Partially cloudy,partly-cloudy-day,"72505394728,KJFK,KLGA,74486094789,F8726,KNYC,72503014732"
New york,2025-06-05T17:00:00,83.3,84.7,64.2,52.63,0,0,,0,0,10.7,10.2,176,1014.8,54.9,9.2,437,1.6,4,,Partially cloudy,partly-cloudy-day,"72505394728,KJFK,KLGA,74486094789,F8726,KNYC,72503014732"
New york,2025-06-05T18:00:00,82.9,84,63,51.04,0,0,,0,0,10.7,7.9,44,1014.5,54.9,9.2,191,0.7,2,,Partially cloudy,partly-cloudy-day,"72505394728,KJFK,KLGA,74486094789,F8726,KNYC,72503014732"
New york,2025-06-05T19:00:00,80.6,82,63.3,55.64,0,0,,0,0,9.8,8.6,169,1014.1,54.9,9.2,78,0.3,1,,Partially cloudy,partly-cloudy-day,"72505394728,KJFK,KLGA,74486094789,F8726,KNYC,72503014732"
New york,2025-06-05T20:00:00,79.3,79.3,62.8,57.05,0,0,,0,0,9.4,7.2,189,1014.2,54.9,9.2,13,0,0,,Partially cloudy,partly-cloudy-day,"72505394728,KJFK,KLGA,74486094789,F8726,KNYC,72503014732"
New york,2025-06-05T21:00:00,78.3,78.3,62.8,58.96,0,0,,0,0,8.5,5.7,177,1014.5,54.9,9.5,0,0,0,,Partially cloudy,partly-cloudy-night,"72505394728,KJFK,KLGA,74486094789,F8726,KNYC,72503014732"
New york,2025-06-05T22:00:00,79.6,79.6,62,55.05,0,0,,0,0,8.5,6.8,220,1014.7,54.9,9.5,0,0,0,,Partially cloudy,partly-cloudy-night,"72505394728,KJFK,KLGA,74486094789,F8726,KNYC,72503014732"
New york,2025-06-05T23:00:00,77.8,77.8,63.8,62.15,0,0,,0,0,9.4,8.6,218,1014.9,54.9,9.5,0,0,0,,Partially cloudy,partly-cloudy-night,"72505394728,KJFK,KLGA,74486094789,F8726,KNYC,72503014732"
New york,2025-06-06T00:00:00,77.3,77.3,63.6,62.69,0,0,,0,0,10.1,8.8,240,1014.8,54.9,9.9,0,0,0,,Partially cloudy,partly-cloudy-night,"72505394728,KJFK,KLGA,74486094789,F8726,KNYC,72503014732"
New york,2025-06-06T01:00:00,76.7,76.7,62.7,62.05,0,0,,0,0,10.5,8.5,240,1014.2,54.9,9.9,0,0,0,,Partially cloudy,partly-cloudy-night,"72505394728,KJFK,KLGA,74486094789,F8726,KNYC,72503014732"
New york,2025-06-06T02:00:00,75.6,75.6,62.6,64.06,0,0,,0,0,11,5.8,246,1014,54.9,9.9,0,0,0,,Partially cloudy,partly-cloudy-night,"72505394728,KJFK,KLGA,74486094789,F8726,KNYC,72503014732"
New york,2025-06-06T03:00:00,74.4,74.4,62.2,65.81,0,0,,0,0,18.3,9.3,240,1013.6,47.4,9.9,0,0,0,,Partially cloudy,partly-cloudy-night,"72505394728,KJFK,KLGA,74486094789,F8726,KNYC,72503014732"
New york,2025-06-06T04:00:00,73.1,73.1,62,68.2,0,0,,0,0,10.5,7.2,227,1013.5,54.9,9.9,0,0,0,,Partially cloudy,partly-cloudy-night,"72505394728,KJFK,KLGA,74486094789,F8726,KNYC,72503014732"
New york,2025-06-06T05:00:00,72.5,72.5,61.8,69.07,0,0,,0,0,9.8,5.3,240,1013.5,54.9,9.9,0,0,0,,Partially cloudy,partly-cloudy-night,"72505394728,KJFK,KLGA,74486094789,F8726,KNYC,72503014732"
New york,2025-06-06T06:00:00,71.7,71.7,62,71.59,0,0,,0,0,8.1,2.4,276,1013.6,54.9,9.2,28,0.1,0,,Partially cloudy,partly-cloudy-day,"72505394728,KJFK,KLGA,74486094789,F8726,KNYC,72503014732"
New york,2025-06-06T07:00:00,72.9,72.9,63.3,71.7,0,0,,0,0,6.9,3.6,256,1014.2,54.9,8.8,140,0.5,1,,Partially cloudy,partly-cloudy-day,"72505394728,KJFK,KLGA,74486094789,F8726,KNYC,72503014732"
New york,2025-06-06T08:00:00,74.2,74.2,63.2,68.48,0,0,,0,0,4.9,2.3,9,1014.2,54.9,9.2,283,1,3,,Partially cloudy,partly-cloudy-day,"72505394728,KJFK,KLGA,74486094789,F8726,KNYC,72503014732"
New york,2025-06-06T09:00:00,76.4,76.4,63.8,65.04,0,0,,0,0,4.9,2.5,29,1013.8,54.9,8.8,478,1.7,5,,Partially cloudy,partly-cloudy-day,"72505394728,KJFK,KLGA,74486094789,F8726,KNYC,72503014732"
New york,2025-06-06T10:00:00,78.9,78.9,64.2,60.66,0,0,,0,0,4.9,5.6,53,1013.3,54.9,8.8,642,2.3,6,,Partially cloudy,partly-cloudy-day,"72505394728,KJFK,KLGA,74486094789,F8726,KNYC,72503014732"
New york,2025-06-06T11:00:00,80.4,82.2,64.8,59.04,0,0,,0,0,5.8,6.7,80,1013.1,54.9,8.8,820,3,8,,Partially cloudy,partly-cloudy-day,"72505394728,KJFK,KLGA,74486094789,F8726,KNYC,72503014732"
New york,2025-06-06T12:00:00,81.9,83.6,64.7,56.04,0,0,,0,0,8.3,7,120,1013,47.4,8.3,900,3.2,9,,Partially cloudy,partly-cloudy-day,"72505394728,KJFK,KLGA,74486094789,F8726,KNYC,72503014732"
New york,2025-06-06T13:00:00,81.7,83.5,65,57.08,0,0,,0,0,19.7,9.3,173,1012.8,30.9,8.8,925,3.3,9,,Partially cloudy,partly-cloudy-day,"72505394728,KJFK,KLGA,74486094789,F8726,KNYC,72503014732"
New york,2025-06-06T14:00:00,81.1,82.8,64.6,57.52,0,0,,0,0,13.4,7.9,167,1012.4,38.3,8.8,719,2.6,7,,Partially cloudy,partly-cloudy-day,"72505394728,KJFK,KLGA,74486094789,F8726,KNYC,72503014732"
New york,2025-06-06T15:00:00,81.3,83.2,65.2,58.25,0,0,,0,0,23,15.4,177,1011.6,47.4,8.8,765,2.8,8,,Partially cloudy,partly-cloudy-day,"72505394728,KJFK,KLGA,74486094789,F8726,KNYC,72503014732"
New york,2025-06-06T16:00:00,80.4,82.2,64.8,59.09,0,0,,0,0,24.2,9.5,49,1011.3,47.4,9.2,262,0.9,3,,Partially cloudy,partly-cloudy-day,"72505394728,KJFK,KLGA,74486094789,F8726,KNYC,72503014732"
New york,2025-06-06T17:00:00,80.8,82.6,65.2,59.13,0,0,,0,0,18.3,7.6,232,1010.5,54.9,9.2,147,0.5,1,,Partially cloudy,partly-cloudy-day,"72505394728,KJFK,KLGA,74486094789,F8726,KNYC,72503014732"
New york,2025-06-06T18:00:00,78.2,78.2,65.8,65.67,0.006,100,rain,0,0,11.2,9,183,1010.3,88.9,7.1,83,0.3,1,,"Rain, Partially cloudy",rain,"72505394728,KJFK,KLGA,74486094789,F8726,KNYC,72503014732"
New york,2025-06-06T19:00:00,77.3,77.3,63.3,62.04,0.002,100,rain,0,0,9.4,7.5,230,1010,51.5,8.5,87,0.3,1,,"Rain, Partially cloudy",rain,"72505394728,KJFK,KLGA,74486094789,F8726,KNYC,72503014732"
New york,2025-06-06T20:00:00,78.6,78.6,61.8,56.49,0,0,,0,0,6.3,9.2,249,1009.9,54.9,9.2,17,0.1,0,,Partially cloudy,partly-cloudy-day,"72505394728,KJFK,KLGA,74486094789,F8726,KNYC,72503014732"
New york,2025-06-06T21:00:00,76.5,76.5,61.8,60.42,0,0,,0,0,5.8,4.8,281,1009.9,54.9,9.5,0,0,0,,Partially cloudy,partly-cloudy-night,"72505394728,KJFK,KLGA,74486094789,F8726,KNYC,72503014732"
New york,2025-06-06T22:00:00,76,76,62.7,63.61,0,0,,0,0,5.4,7.7,258,1010.9,54.9,9.5,0,0,0,,Partially cloudy,partly-cloudy-night,"72505394728,KJFK,KLGA,74486094789,F8726,KNYC,72503014732"
New york,2025-06-06T23:00:00,75.7,75.7,62.4,63.33,0,0,,0,0,5.1,3.2,88,1010.7,54.9,9.5,0,0,0,,Partially cloudy,partly-cloudy-night,"72505394728,KJFK,KLGA,74486094789,F8726,KNYC,72503014732"
New york,2025-06-07T00:00:00,75.2,75.2,61.1,61.58,0,0,,0,0,8.1,1.8,54,1010.4,65.3,9.5,0,0,0,,Partially cloudy,partly-cloudy-night,"72505394728,KJFK,KLGA,74486094789,F8726,KNYC,72503014732"
New york,2025-06-07T01:00:00,73.8,73.8,62.6,67.98,0,0,,0,0,10.1,6.5,201,1010,93.1,9.2,0,0,0,,Overcast,cloudy,"72505394728,KJFK,KLGA,74486094789,F8726,KNYC,72503014732"
New york,2025-06-07T02:00:00,71.9,71.9,63.7,75.47,0,0,,0,0,10.3,5.4,227,1009.9,74,9.2,0,0,0,,Partially cloudy,partly-cloudy-night,"72505394728,KJFK,KLGA,74486094789,F8726,KNYC,72503014732"
New york,2025-06-07T03:00:00,72.3,72.3,64.4,76.34,0,0,,0,0,13.2,4.3,232,1009.2,100,7.6,0,0,0,,Overcast,cloudy,"72505394728,KJFK,KLGA,74486094789,F8726,KNYC,72503014732"
New york,2025-06-07T04:00:00,71.9,71.9,65.2,79.39,0,0,,0,0,12.8,3.1,125,1008.4,95.8,8.3,0,0,0,,Overcast,cloudy,"72505394728,KJFK,KLGA,74486094789,F8726,KNYC,72503014732"
New york,2025-06-07T05:00:00,71.7,71.7,64.8,79.06,0,0,,0,0,11.2,2.3,115,1007.9,91,7.8,0,0,0,,Overcast,cloudy,"72505394728,KJFK,KLGA,74486094789,F8726,KNYC,72503014732"
New york,2025-06-07T06:00:00,70.4,70.4,64.8,82.41,0,0,,0,0,7.4,3.4,131,1008.2,57,6.9,36,0.1,0,,Partially cloudy,partly-cloudy-day,"72505394728,KJFK,KLGA,74486094789,F8726,KNYC,72503014732"
New york,2025-06-07T07:00:00,70.4,70.4,65.2,83.36,0,0,,0,0,6,3.4,99,1008.2,83.8,6,79,0.3,1,,Partially cloudy,partly-cloudy-day,"72505394728,KJFK,KLGA,74486094789,F8726,KNYC,72503014732"
New york,2025-06-07T08:00:00,70.5,70.5,65.5,84.28,0,0,,0,0,7.8,0,0,1008.3,85.6,7,117,0.4,1,,Partially cloudy,partly-cloudy-day,"72505394728,KJFK,KLGA,F8726,KNYC,72503014732"
New york,2025-06-07T09:00:00,72.5,72.5,66.3,80.98,0,0,,0,0,8.1,1.4,261,1008.2,49.8,6.9,243,0.9,2,,Partially cloudy,partly-cloudy-day,"72505394728,KJFK,KLGA,74486094789,F8726,KNYC,72503014732"
New york,2025-06-07T10:00:00,73.6,73.6,65.9,76.89,0,0,,0,0,8.5,4.7,219,1007.9,86.8,6.9,244,0.9,2,,Partially cloudy,partly-cloudy-day,"72505394728,KJFK,KLGA,74486094789,F8726,KNYC,72503014732"
New york,2025-06-07T11:00:00,73.8,73.8,66.7,78.44,0,0,,0,0,11.2,1.8,45,1007.5,97.4,8.5,617,2.2,6,,Overcast,cloudy,"72505394728,KJFK,KLGA,74486094789,F8726,KNYC,72503014732"
New york,2025-06-07T12:00:00,75.5,75.5,65.6,71.37,0,0,,0,0,9.6,4.9,225,1007.2,97.4,8.8,270,1,3,,Overcast,cloudy,"72505394728,KJFK,KLGA,74486094789,F8726,KNYC,72503014732"
New york,2025-06-07T13:00:00,75.1,75.1,65.9,73.11,0,0,,0,0,10.3,5,136,1006.6,97.4,9.6,153,0.6,2,,Overcast,cloudy,"72505394728,KJFK,KLGA,74486094789,F8726,KNYC,72503014732"
New york,2025-06-07T14:00:00,71.8,71.8,66.9,84.67,0.03,100,rain,0,0,9.2,6.5,190,1006.2,97.4,3.6,77,0.3,1,,"Rain, Overcast",rain,"72505394728,KJFK,KLGA,74486094789,F8726,KNYC,72503014732"
New york,2025-06-07T15:00:00,71.2,71.2,68.1,89.83,0.278,100,rain,0,0,15.4,6.1,209,1006.1,100,4.7,303,1.1,3,,"Rain, Overcast",rain,"72505394728,KJFK,KLGA,74486094789,F8726,KNYC,72503014732"
New york,2025-06-07T16:00:00,73.1,73.1,69.8,89.38,0.005,100,rain,0,0,14.8,6.9,244,1006,90.2,6.3,322,1.2,3,,"Rain, Overcast",rain,"72505394728,KJFK,KLGA,F8726,KNYC,72503014732"
New york,2025-06-07T17:00:00,74.2,74.2,69.4,84.8,0.042,100,rain,0,0,15.9,5,136,1005.2,74,7.6,377,1.4,4,,"Rain, Partially cloudy",rain,"72505394728,KJFK,KLGA,74486094789,F8726,KNYC,72503014732"
New york,2025-06-07T18:00:00,76,76,68.7,78.2,0,0,,0,0,18.6,4.8,247,1005.1,70.6,8.5,76,0.3,1,,Partially cloudy,partly-cloudy-day,"72505394728,KJFK,KLGA,74486094789,F8726,KNYC,72503014732"
New york,2025-06-07T19:00:00,71.3,71.3,66.4,84.42,0.017,100,rain,0,0,21.9,9.1,318,1006,93.4,5.1,117,0.4,1,,"Rain, Overcast",rain,"72505394728,KJFK,KLGA,F8726,KNYC,72503014732"
New york,2025-06-07T20:00:00,70.5,70.5,64.2,80.47,0.052,100,rain,0,0,10.7,11,358,1006.9,65.3,9.9,9,0,0,,"Rain, Partially cloudy",rain,"72505394728,KJFK,KLGA,74486094789,F8726,KNYC,72503014732"
New york,2025-06-07T21:00:00,69.9,69.9,63.3,79.6,0,0,,0,0,11,10.2,11,1007.5,54.9,9.9,0,0,0,,Partially cloudy,partly-cloudy-night,"72505394728,KJFK,KLGA,74486094789,F8726,KNYC,72503014732"
New york,2025-06-07T22:00:00,68.8,68.8,63.2,82.1,0,0,,0,0,15,8.3,44,1007.7,54.9,9.9,0,0,0,,Partially cloudy,partly-cloudy-night,"72505394728,KJFK,KLGA,74486094789,F8726,KNYC,72503014732"
New york,2025-06-07T23:00:00,67.8,67.8,62.6,83.39,0,0,,0,0,15.2,9.3,36,1009.1,88.9,9.9,0,0,0,,Partially cloudy,partly-cloudy-night,"72505394728,KJFK,KLGA,74486094789,F8726,KNYC,72503014732"
New york,2025-06-08T00:00:00,67.1,67.1,61.3,81.7,0,0,,0,0,14.3,8.1,37,1009,88.9,9.9,0,0,0,,Partially cloudy,partly-cloudy-night,"72505394728,KJFK,KLGA,74486094789,F8726,KNYC,72503014732"
New york,2025-06-08T01:00:00,66.8,66.8,60.2,79.26,0,0,,0,0,13.6,5.8,29,1009,43.1,9.9,0,0,0,,Partially cloudy,partly-cloudy-night,"72505394728,KJFK,KLGA,74486094789,F8726,KNYC,72503014732"
New york,2025-06-08T02:00:00,66.3,66.3,60.2,80.8,0,0,,0,0,13.2,4.9,24,1008.9,47.4,9.9,0,0,0,,Partially cloudy,partly-cloudy-night,"72505394728,KJFK,KLGA,74486094789,F8726,KNYC,72503014732"
New york,2025-06-08T03:00:00,65.5,65.5,59.5,80.93,0,0,,0,0,12.8,6.9,31,1008.7,43.1,9.9,0,0,0,,Partially cloudy,partly-cloudy-night,"72505394728,KJFK,KLGA,74486094789,F8726,KNYC,72503014732"
New york,2025-06-08T04:00:00,64.3,64.3,59.5,84.51,0,0,,0,0,11.2,4.9,36,1008.4,43.1,9.9,0,0,0,,Partially cloudy,partly-cloudy-night,"72505394728,KJFK,KLGA,74486094789,F8726,KNYC,72503014732"
New york,2025-06-08T05:00:00,64.1,64.1,58.9,83.1,0,0,,0,0,10.7,5.2,51,1009,38.3,9.9,0,0,0,,Partially cloudy,partly-cloudy-night,"72505394728,KJFK,KLGA,74486094789,F8726,KNYC,72503014732"
New york,2025-06-08T06:00:00,63.2,63.2,58.9,85.88,0,0,,0,0,9.8,5.8,50,1009.3,54.9,8.8,41,0.1,0,,Partially cloudy,partly-cloudy-day,"72505394728,KJFK,KLGA,74486094789,F8726,KNYC,72503014732"
New york,2025-06-08T07:00:00,64.8,64.8,59.9,84.07,0,0,,0,0,10.7,4.8,54,1009.7,54.9,9.2,183,0.7,2,,Partially cloudy,partly-cloudy-day,"72505394728,KJFK,KLGA,74486094789,F8726,KNYC,72503014732"
New york,2025-06-08T08:00:00,67.7,67.7,60.1,76.54,0.024,100,rain,0,0,11.6,8.3,50,1010.2,47.7,9.5,355,1.3,4,,"Rain, Partially cloudy",rain,"72505394728,KJFK,KLGA,74486094789,F8726,KNYC,72503014732"
New york,2025-06-08T09:00:00,69.2,69.2,59.1,70.33,0,0,,0,0,13.4,8.5,50,1010.3,47.7,9.2,527,1.9,5,,Partially cloudy,partly-cloudy-day,"72505394728,KJFK,KLGA,74486094789,F8726,KNYC,72503014732"
New york,2025-06-08T10:00:00,70.8,70.8,59.1,66.54,0,0,,0,0,15.2,9.6,76,1010.3,47.7,9.5,473,1.7,5,,Partially cloudy,partly-cloudy-day,"72505394728,KJFK,KLGA,74486094789,F8726,KNYC,72503014732"
New york,2025-06-08T11:00:00,71.6,71.6,59.3,65.21,0,0,,0,0,18.1,10.7,63,1010.5,54.9,9.5,844,3,8,,Partially cloudy,partly-cloudy-day,"72505394728,KJFK,KLGA,74486094789,F8726,KNYC,72503014732"
New york,2025-06-08T12:00:00,74.2,74.2,59.6,60.4,0,0,,0,0,20.4,11,68,1010.8,66.8,9.2,828,3,8,,Partially cloudy,partly-cloudy-day,"72505394728,KJFK,KLGA,74486094789,F8726,KNYC,72503014732"
New york,2025-06-08T13:00:00,74,74,59.7,60.98,0,0,,0,0,17.2,12.5,81,1010.8,54.8,9.2,888,3.2,9,,Partially cloudy,partly-cloudy-day,"72505394728,KJFK,KLGA,74486094789,F8726,KNYC,72503014732"
New york,2025-06-08T14:00:00,72.9,72.9,59.3,62.22,0,0,,0,0,22.4,12,63,1010.7,81.7,9.2,681,2.5,7,,Partially cloudy,partly-cloudy-day,"72505394728,KJFK,KLGA,74486094789,F8726,KNYC,72503014732"
New york,2025-06-08T15:00:00,72.7,72.7,58.3,60.57,0,0,,0,0,25.3,11.4,127,1010.4,93.1,9.2,540,1.9,5,,Overcast,cloudy,"72505394728,KJFK,KLGA,74486094789,F8726,KNYC,72503014732"
New york,2025-06-08T16:00:00,72.1,72.1,58,61.01,0,0,,0,0,24.5,12.5,120,1010.7,91,8.8,246,0.9,2,,Overcast,cloudy,"72505394728,KJFK,KLGA,74486094789,F8726,KNYC,72503014732"
New york,2025-06-08T17:00:00,69.8,69.8,57.1,64.14,0,0,,0,0,21.9,10.5,107,1010.4,100,9,119,0.4,1,,Overcast,cloudy,"72505394728,KJFK,74486094789,F8726,KNYC,72503014732"
New york,2025-06-08T18:00:00,67.5,67.5,58.9,73.91,0.002,100,rain,0,0,16.8,12.8,111,1010.5,100,8.5,64,0.2,1,,"Rain, Overcast",rain,"72505394728,KJFK,KLGA,74486094789,F8726,KNYC,72503014732"
New york,2025-06-08T19:00:00,67.2,67.2,58.7,74.31,0,0,,0,0,20.8,13.5,110,1010.9,100,9.9,38,0.1,0,,Overcast,cloudy,"72505394728,KJFK,KLGA,74486094789,F8726,KNYC,72503014732"
New york,2025-06-08T20:00:00,67.5,67.5,57.9,71.36,0,0,,0,0,22.3,10.3,107,1011.3,100,9.9,5,0,0,,Overcast,cloudy,"72505394728,KJFK,KLGA,74486094789,F8726,KNYC,72503014732"
New york,2025-06-08T21:00:00,66.3,66.3,56.9,71.8,0,0,,0,0,24.8,13,107,1011.9,100,8.8,0,0,0,,Overcast,cloudy,"72505394728,KJFK,KLGA,74486094789,F8726,KNYC,72503014732"
New york,2025-06-08T22:00:00,65.8,65.8,56.6,72.29,0,0,,0,0,22.9,10.8,88,1011.9,100,9.9,0,0,0,,Overcast,cloudy,"72505394728,KJFK,KLGA,74486094789,F8726,KNYC,72503014732"
New york,2025-06-08T23:00:00,65.6,65.6,57.2,74.23,0,0,,0,0,23,9.5,93,1011.9,100,9.9,0,0,0,,Overcast,cloudy,"72505394728,KJFK,KLGA,74486094789,F8726,KNYC,72503014732"
New york,2025-06-09T00:00:00,64.9,64.9,56.8,75.2,0,0,,0,0,17.7,9.7,86,1012,100,9.9,0,0,0,,Overcast,cloudy,"72505394728,KJFK,KLGA,74486094789,F8726,KNYC,72503014732"
New york,2025-06-09T01:00:00,64.4,64.4,55.9,74.09,0,0,,0,0,24.2,10,84,1012.2,100,9.9,0,0,0,,Overcast,cloudy,"72505394728,KJFK,KLGA,F8726,KNYC,72503014732"
New york,2025-06-09T02:00:00,63.7,63.7,56.6,77.57,0,0,,0,0,20.1,10.6,96,1012,100,9.9,0,0,0,,Overcast,cloudy,"72505394728,KJFK,KLGA,74486094789,F8726,KNYC,72503014732"
New york,2025-06-09T03:00:00,63.4,63.4,56.7,78.8,0,0,,0,0,24.2,10.6,74,1011.2,100,9.9,0,0,0,,Overcast,cloudy,"72505394728,KJFK,KLGA,74486094789,F8726,KNYC,72503014732"
New york,2025-06-09T04:00:00,63,63,56,77.96,0,0,,0,0,20.8,10.6,80,1011.3,100,9.9,0,0,0,,Overcast,cloudy,"72505394728,KJFK,KLGA,74486094789,F8726,KNYC,72503014732"
New york,2025-06-09T05:00:00,63,63,56.2,78.59,0,0,,0,0,18.3,11.4,92,1011.4,100,9.1,0,0,0,,Overcast,cloudy,"72505394728,KJFK,KLGA,74486094789,F8726,KNYC,72503014732"
New york,2025-06-09T06:00:00,62.8,62.8,56,78.43,0,0,,0,0,20.1,9.3,76,1011.6,100,8,8,0,0,,Overcast,cloudy,"72505394728,KJFK,KLGA,74486094789,F8726,KNYC,72503014732"
New york,2025-06-09T07:00:00,62.2,62.2,56.2,80.63,0,0,,0,0,20.1,9.2,81,1011.6,100,6,22,0.1,0,,Overcast,cloudy,"72505394728,KJFK,KLGA,74486094789,F8726,KNYC,72503014732"
New york,2025-06-09T08:00:00,62.1,62.1,56.8,82.92,0,0,,0,0,18.3,9,93,1011.5,100,4.7,44,0.2,0,,Overcast,cloudy,"72505394728,KJFK,KLGA,74486094789,F8726,KNYC,72503014732"
New york,2025-06-09T09:00:00,61.6,61.6,57.2,85.24,0,0,,0,0,17.9,8.6,59,1012.5,100,3.9,43,0.2,0,,Overcast,cloudy,"72505394728,KJFK,KLGA,74486094789,F8726,KNYC,72503014732"
New york,2025-06-09T10:00:00,61.6,61.6,57.7,86.84,0.005,100,rain,0,0,15.9,5.6,53,1013,100,2.4,123,0.4,1,,"Rain, Overcast",rain,"72505394728,KJFK,KLGA,74486094789,F8726,KNYC,72503014732"
New york,2025-06-09T11:00:00,62.2,62.2,58.5,87.58,0.01,100,rain,0,0,13,6.6,38,1012.9,100,3.1,198,0.7,2,,"Rain, Overcast",rain,"72505394728,KJFK,KLGA,74486094789,F8726,KNYC,72503014732"
New york,2025-06-09T12:00:00,63.2,63.2,59.1,86.47,0.015,100,rain,0,0,12.5,9.5,60,1012.8,100,5.9,195,0.7,2,,"Rain, Overcast",rain,"72505394728,KJFK,KLGA,74486094789,F8726,KNYC,72503014732"
New york,2025-06-09T13:00:00,63.2,63.2,58.3,83.94,0,0,,0,0,14.1,7.7,52,1013.2,100,5.9,174,0.6,2,,Overcast,cloudy,"72505394728,KJFK,KLGA,74486094789,F8726,KNYC,72503014732"
New york,2025-06-09T14:00:00,63.7,63.7,60.3,88.9,0,0,,0,0,14.5,5.4,60,1012.7,100,1.9,143,0.5,1,,Overcast,cloudy,"72505394728,KJFK,74486094789,F8726,KNYC"
New york,2025-06-09T15:00:00,63.4,63.4,59.3,86.29,0.002,100,rain,0,0,15,9,51,1012.6,100,3.6,134,0.5,1,,"Rain, Overcast",rain,"72505394728,KJFK,KLGA,74486094789,F8726,KNYC,72503014732"
New york,2025-06-09T16:00:00,63.6,63.6,59.3,85.77,0,0,,0,0,15,7.5,57,1012.4,100,3.9,105,0.4,1,,Overcast,cloudy,"72505394728,KJFK,KLGA,74486094789,F8726,KNYC,72503014732"
New york,2025-06-09T17:00:00,63.4,63.4,59.3,86.29,0,0,,0,0,13,7.5,30,1012.4,100,3.9,175,0.6,2,,Overcast,cloudy,"72505394728,KJFK,KLGA,74486094789,F8726,KNYC,72503014732"
New york,2025-06-09T18:00:00,64,64,59.3,84.63,0,0,,0,0,13,7.3,48,1011.6,100,5.3,153,0.6,2,,Overcast,cloudy,"72505394728,KJFK,KLGA,74486094789,F8726,KNYC,72503014732"
New york,2025-06-09T19:00:00,63.2,63.2,59.3,87.12,0,0,,0,0,31.1,8.1,55,1011.1,100,6.2,82,0.3,1,,Overcast,cloudy,"72505394728,KJFK,KLGA,74486094789,F8726,KNYC,72503014732"
New york,2025-06-09T20:00:00,63.2,63.2,59.3,87.12,0,0,,0,0,13.6,6.1,34,1012,100,6.9,3,0,0,,Overcast,cloudy,"72505394728,KJFK,KLGA,74486094789,F8726,KNYC,72503014732"
New york,2025-06-09T21:00:00,63,63,59.3,87.65,0,0,,0,0,11.6,4.1,20,1012.3,100,6,0,0,0,,Overcast,cloudy,"72505394728,KJFK,KLGA,74486094789,F8726,KNYC,72503014732"
New york,2025-06-09T22:00:00,62.8,62.8,59.3,88.18,0,0,,0,0,7.2,6.8,79,1012.4,100,4.3,0,0,0,,Overcast,cloudy,"72505394728,KJFK,KLGA,74486094789,F8726,KNYC,72503014732"
New york,2025-06-09T23:00:00,62.8,62.8,59.3,88.18,0,0,,0,0,7.2,4.7,57,1012.3,100,5.9,0,0,0,,Overcast,cloudy,"72505394728,KJFK,KLGA,74486094789,F8726,KNYC,72503014732"
New york,2025-06-10T00:00:00,62.8,62.8,59.8,89.75,0,0,,0,0,8.3,4.1,35,1012,100,5.1,0,0,0,,Overcast,cloudy,"72505394728,KJFK,KLGA,74486094789,F8726,KNYC,72503014732"
New york,2025-06-10T01:00:00,62.8,62.8,60.2,91.19,0,0,,0,0,8.3,3.4,23,1012.1,100,2.3,0,0,0,,Overcast,cloudy,"72505394728,KJFK,KLGA,74486094789,F8726,KNYC,72503014732"
New york,2025-06-10T02:00:00,62.8,62.8,60.2,91.19,0,0,,0,0,8.1,1.4,35,1011.7,100,2.1,0,0,0,,Overcast,cloudy,"72505394728,KJFK,KLGA,74486094789,F8726,KNYC,72503014732"
New york,2025-06-10T03:00:00,62.8,62.8,60,90.64,0,0,,0,0,8.7,5.3,66,1011.2,100,1.8,0,0,0,,Overcast,cloudy,"72505394728,KJFK,KLGA,74486094789,F8726,KNYC,72503014732"
New york,2025-06-10T04:00:00,62.6,62.6,60.2,91.9,0,0,,0,0,8.7,2,23,1010.9,100,2.1,0,0,0,,Overcast,cloudy,"72505394728,KJFK,KLGA,74486094789,F8726,KNYC,72503014732"
New york,2025-06-10T05:00:00,62.8,62.8,60.2,91.19,0,0,,0,0,8.9,7.1,69,1010.8,100,3.7,0,0,0,,Overcast,cloudy,"72505394728,KJFK,KLGA,74486094789,F8726,KNYC,72503014732"
New york,2025-06-10T06:00:00,62.8,62.8,59.3,88.18,0,0,,0,0,13,10.4,76,1010.6,100,4.1,6,0,0,,Overcast,cloudy,"72505394728,KJFK,KLGA,74486094789,F8726,KNYC,72503014732"
New york,2025-06-10T07:00:00,62.5,62.5,60.4,93.03,0.024,100,rain,0,0,12.8,5.8,72,1010.8,100,3.3,28,0.1,0,,"Rain, Overcast",rain,"72505394728,KJFK,KLGA,74486094789,F8726,KNYC,72503014732"
New york,2025-06-10T08:00:00,62.8,62.8,60.4,91.91,0,0,,0,0,12.3,4.7,36,1011.5,100,3.3,19,0.1,0,,Overcast,cloudy,"72505394728,KJFK,KLGA,74486094789,F8726,KNYC,72503014732"
New york,2025-06-10T09:00:00,63.2,63.2,60.5,91.08,0.022,100,rain,0,0,10.5,6.6,50,1011.2,100,3.4,118,0.4,1,,"Rain, Overcast",rain,"72505394728,KJFK,KLGA,74486094789,F8726,KNYC,72503014732"
New york,2025-06-10T10:00:00,63.8,63.8,61.3,91.45,0.005,100,rain,0,0,9.6,8.4,78,1010.9,100,4.5,33,0.1,0,,"Rain, Overcast",rain,"72505394728,KJFK,KLGA,74486094789,F8726,KNYC,72503014732"
New york,2025-06-10T11:00:00,64.3,64.3,61.4,90.4,0.191,100,rain,0,0,20.8,8.1,37,1010.8,100,2.3,57,0.2,1,,"Rain, Overcast",rain,"72505394728,KJFK,KLGA,74486094789,F8726,KNYC,72503014732"
New york,2025-06-10T12:00:00,65.2,65.2,61.8,88.64,0.028,100,rain,0,0,8.5,5.1,57,1011.5,100,4.1,137,0.5,1,,"Rain, Overcast",rain,"72505394728,KJFK,KLGA,F8726,KNYC,72503014732"
New york,2025-06-10T13:00:00,64.5,64.5,62,91.67,0.156,100,rain,0,0,6.7,8.6,63,1010.7,97.4,6.5,318,1.1,3,,"Rain, Overcast",rain,"72505394728,KJFK,KLGA,74486094789,F8726,KNYC,72503014732"
New york,2025-06-10T14:00:00,66.1,66.1,62.4,87.86,0.006,100,rain,0,0,9.6,2.7,31,1010.9,98,7,346,1.2,3,,"Rain, Overcast",rain,"72505394728,KJFK,KLGA,F8726,KNYC,72503014732"
New york,2025-06-10T15:00:00,69.2,69.2,62.7,79.87,0,0,,0,0,10.1,5,24,1010.6,95.2,8,447,1.6,4,,Overcast,cloudy,"72505394728,KJFK,KLGA,74486094789,F8726,KNYC,72503014732"
New york,2025-06-10T16:00:00,70.5,70.5,63.2,77.66,0,0,,0,0,12.3,4.2,288,1010.8,100,8.8,125,0.5,1,,Overcast,cloudy,"72505394728,KJFK,KLGA,74486094789,F8726,KNYC,72503014732"
New york,2025-06-10T17:00:00,72.7,72.7,64.5,75.51,0,0,,0,0,12.8,4.4,252,1010.7,60.3,9.6,424,1.5,4,,Partially cloudy,partly-cloudy-day,"72505394728,KJFK,KLGA,74486094789,F8726,KNYC,72503014732"
New york,2025-06-10T18:00:00,73.9,73.9,64.1,71.52,0,0,,0,0,12.3,7.6,211,1010.8,54.9,9.7,118,0.4,1,,Partially cloudy,partly-cloudy-day,"72505394728,KJFK,KLGA,74486094789,F8726,KNYC,72503014732"
New york,2025-06-10T19:00:00,73.7,73.7,63.6,70.77,0,0,,0,0,18.3,5.7,253,1011.2,54.9,9.9,90,0.3,1,,Partially cloudy,partly-cloudy-day,"72505394728,KJFK,KLGA,74486094789,F8726,KNYC,72503014732"
New york,2025-06-10T20:00:00,70.3,70.3,63.6,79.44,0,0,,0,0,12.5,6.6,131,1011.4,54.9,9.9,15,0.1,0,,Partially cloudy,partly-cloudy-day,"72505394728,KJFK,KLGA,74486094789,F8726,KNYC,72503014732"
New york,2025-06-10T21:00:00,69.8,69.8,63.3,79.64,0,0,,0,0,11.6,4.7,227,1012.3,93.1,9.9,0,0,0,,Overcast,cloudy,"72505394728,KJFK,KLGA,74486094789,F8726,KNYC,72503014732"
New york,2025-06-10T22:00:00,70.9,70.9,63.2,76.72,0,0,,0,0,11.4,4.8,47,1013.6,88.9,9.9,0,0,0,,Partially cloudy,partly-cloudy-night,"72505394728,KJFK,KLGA,74486094789,F8726,KNYC,72503014732"
New york,2025-06-10T23:00:00,69.3,69.3,61.9,77.28,0,0,,0,0,11.2,2.9,299,1013.9,54.9,9.9,0,0,0,,Partially cloudy,partly-cloudy-night,"72505394728,KJFK,KLGA,74486094789,F8726,KNYC,72503014732"
New york,2025-06-11T00:00:00,69.7,69.7,62.1,76.84,0,0,,0,0,11,4.1,213,1014.6,88.9,9.9,0,0,0,,Partially cloudy,partly-cloudy-night,"72505394728,KJFK,KLGA,74486094789,F8726,KNYC,72503014732"
New york,2025-06-11T01:00:00,69.9,69.9,61.7,75.34,0,0,,0,0,10.7,4.5,327,1014.9,88.9,9.9,0,0,0,,Partially cloudy,partly-cloudy-night,"72505394728,KJFK,KLGA,74486094789,F8726,KNYC,72503014732"
New york,2025-06-11T02:00:00,69.5,69.5,59.5,70.4,0,0,,0,0,11.2,0.9,354,1015.3,65.3,9.9,0,0,0,,Partially cloudy,partly-cloudy-night,"72505394728,KJFK,KLGA,74486094789,F8726,KNYC,72503014732"
New york,2025-06-11T03:00:00,68.7,68.7,58.9,70.83,0,0,,0,0,8.1,2.5,331,1015.7,54.9,9.9,0,0,0,,Partially cloudy,partly-cloudy-night,"72505394728,KJFK,KLGA,74486094789,F8726,KNYC,72503014732"
New york,2025-06-11T04:00:00,67.1,67.1,58.6,74.4,0,0,,0,0,8.3,0,0,1016,38.3,9.9,0,0,0,,Partially cloudy,partly-cloudy-night,"72505394728,KJFK,KLGA,74486094789,F8726,KNYC,72503014732"
New york,2025-06-11T05:00:00,65.9,65.9,58.6,77.34,0,0,,0,0,8.1,0.6,354,1016.3,38.3,9.2,0,0,0,,Partially cloudy,partly-cloudy-night,"72505394728,KJFK,KLGA,74486094789,F8726,KNYC,72503014732"
New york,2025-06-11T06:00:00,65.8,65.8,59.6,80.46,0,0,,0,0,8.1,1.9,330,1016.8,38.3,8.8,36,0.1,0,,Partially cloudy,partly-cloudy-day,"72505394728,KJFK,KLGA,74486094789,F8726,KNYC,72503014732"
New york,2025-06-11T07:00:00,66.2,66.2,60.4,81.63,0,0,,0,0,7.6,7,305,1017.3,38.3,8.8,156,0.6,2,,Partially cloudy,partly-cloudy-day,"72505394728,KJFK,KLGA,74486094789,F8726,KNYC,72503014732"
New york,2025-06-11T08:00:00,69.9,69.9,60.3,71.57,0,0,,0,0,6.7,0.9,351,1017.8,28.5,9.5,334,1.2,3,,Partially cloudy,partly-cloudy-day,"72505394728,KJFK,KLGA,74486094789,F8726,KNYC,72503014732"
New york,2025-06-11T09:00:00,72.2,72.2,57.3,59.45,0,0,,0,0,6.3,4.9,307,1018.1,9.5,9.9,505,1.8,5,,Clear,clear-day,"72505394728,KJFK,KLGA,74486094789,F8726,KNYC,72503014732"
New york,2025-06-11T10:00:00,74.8,74.8,55,50.04,0,0,,0,0,7.8,4,323,1018.2,9.5,9.9,622,2.2,6,,Clear,clear-day,"72505394728,KJFK,KLGA,74486094789,F8726,KNYC,72503014732"
New york,2025-06-11T11:00:00,76.8,76.8,50.5,39.83,0,0,,0,0,17.2,8.1,300,1018.1,28.5,9.9,701,2.5,7,,Partially cloudy,partly-cloudy-day,"72505394728,KJFK,KLGA,74486094789,F8726,KNYC,72503014732"
New york,2025-06-11T12:00:00,78.6,78.6,50.5,37.47,0,0,,0,0,14.1,8.8,287,1018,40.4,9.9,803,2.9,8,,Partially cloudy,partly-cloudy-day,"72505394728,KJFK,KLGA,74486094789,F8726,KNYC,72503014732"
New york,2025-06-11T13:00:00,79.7,79.7,52.3,38.7,0,0,,0,0,15.7,10.3,251,1018,54.9,9.9,882,3.2,9,,Partially cloudy,partly-cloudy-day,"72505394728,KJFK,KLGA,74486094789,F8726,KNYC,72503014732"
New york,2025-06-11T14:00:00,81.3,80.3,50.1,33.7,0,0,,0,0,19.7,11.7,251,1017.4,65.3,9.9,843,3,8,,Partially cloudy,partly-cloudy-day,"72505394728,KJFK,KLGA,74486094789,F8726,KNYC,72503014732"
New york,2025-06-11T15:00:00,81,80.4,53,37.99,0,0,,0,0,24.2,14.3,214,1017.2,65.3,9.9,601,2.2,6,,Partially cloudy,partly-cloudy-day,"72505394728,KJFK,KLGA,74486094789,F8726,KNYC,72503014732"
New york,2025-06-11T16:00:00,81.3,80.5,51.6,35.71,0,0,,0,0,24.2,16.2,245,1016.8,65.3,9.5,605,2.2,6,,Partially cloudy,partly-cloudy-day,"72505394728,KJFK,KLGA,74486094789,F8726,KNYC,72503014732"
New york,2025-06-11T17:00:00,80.7,80.4,53.5,38.94,0,0,,0,0,18.1,12.9,238,1016.6,54.9,9.2,416,1.5,4,,Partially cloudy,partly-cloudy-day,"72505394728,KJFK,KLGA,74486094789,F8726,KNYC,72503014732"
New york,2025-06-11T18:00:00,80,80,53,39.29,0,0,,0,0,15.9,9.5,252,1016.4,47.4,9.2,205,0.7,2,,Partially cloudy,partly-cloudy-day,"72505394728,KJFK,KLGA,74486094789,F8726,KNYC,72503014732"
New york,2025-06-11T19:00:00,79.2,79.2,53.3,40.65,0,0,,0,0,14.5,7.2,218,1016.2,30.9,9.2,92,0.3,1,,Partially cloudy,partly-cloudy-day,"72505394728,KJFK,KLGA,74486094789,F8726,KNYC,72503014732"
New york,2025-06-11T20:00:00,78.4,78.4,53.8,42.56,0,0,,0,0,11.4,9.2,231,1016.5,26.5,9.5,16,0.1,0,,Partially cloudy,partly-cloudy-day,"72505394728,KJFK,KLGA,74486094789,F8726,KNYC,72503014732"
New york,2025-06-11T21:00:00,77.3,77.3,54.2,44.69,0,0,,0,0,10.3,4.7,262,1016.8,26.5,9.5,0,0,0,,Partially cloudy,partly-cloudy-night,"72505394728,KJFK,KLGA,74486094789,F8726,KNYC,72503014732"
New york,2025-06-11T22:00:00,77.7,77.7,53,42.38,0,0,,0,0,11.2,10.3,243,1017.2,16.8,9.9,0,0,0,,Clear,clear-night,"72505394728,KJFK,KLGA,74486094789,F8726,KNYC,72503014732"
New york,2025-06-11T23:00:00,76.5,76.5,53.6,45.07,0,0,,0,0,12.8,6.7,225,1017,0,9.9,0,0,0,,Clear,clear-night,"72505394728,KJFK,KLGA,74486094789,F8726,KNYC,72503014732"
New york,2025-06-12T00:00:00,75.9,75.9,54,46.57,0,0,,0,0,13.6,8.1,221,1016.8,0,9.9,0,0,0,,Clear,clear-night,"72505394728,KJFK,KLGA,74486094789,F8726,KNYC,72503014732"
New york,2025-06-12T01:00:00,74.9,74.9,54.3,48.82,0,0,,0,0,21.9,9.3,240,1016.8,0,9.9,0,0,0,,Clear,clear-night,"72505394728,KJFK,KLGA,74486094789,F8726,KNYC,72503014732"
New york,2025-06-12T02:00:00,73.1,73.1,54.9,53.01,0,0,,0,0,14.5,8.4,220,1016.6,0,9.9,0,0,0,,Clear,clear-night,"72505394728,KJFK,KLGA,74486094789,F8726,KNYC,72503014732"
New york,2025-06-12T03:00:00,72.7,72.7,56.1,56.03,0,0,,0,0,14.8,9.6,238,1016.3,0,9.9,0,0,0,,Clear,clear-night,"72505394728,KJFK,KLGA,74486094789,F8726,KNYC,72503014732"
New york,2025-06-12T04:00:00,72.3,72.3,56.1,56.76,0,0,,0,0,18.3,7.9,233,1016.3,0,9.9,0,0,0,,Clear,clear-night,"72505394728,KJFK,KLGA,74486094789,F8726,KNYC,72503014732"
New york,2025-06-12T05:00:00,72.1,72.1,56.1,57.2,0,0,,0,0,15.7,7.4,230,1016,11.6,9.5,0,0,0,,Clear,clear-night,"72505394728,KJFK,KLGA,74486094789,F8726,KNYC,72503014732"
New york,2025-06-12T06:00:00,71.1,71.1,56.8,60.64,0,0,,0,0,15.7,8.1,219,1016.2,43.1,9.2,39,0.1,0,,Partially cloudy,partly-cloudy-day,"72505394728,KJFK,KLGA,74486094789,F8726,KNYC,72503014732"
New york,2025-06-12T07:00:00,71.9,71.9,57.7,60.85,0,0,,0,0,15.7,8.5,223,1016.4,30.9,9.2,153,0.6,2,,Partially cloudy,partly-cloudy-day,"72505394728,KJFK,KLGA,74486094789,F8726,KNYC,72503014732"
New york,2025-06-12T08:00:00,73.5,73.5,58.6,59.84,0,0,,0,0,14.5,7.8,227,1016.4,38.3,9.2,357,1.3,4,,Partially cloudy,partly-cloudy-day,"72505394728,KJFK,KLGA,74486094789,F8726,KNYC,72503014732"
New york,2025-06-12T09:00:00,76.1,76.1,58.7,54.82,0,0,,0,0,14.3,7.5,240,1016.6,54.9,9.2,575,2.1,6,,Partially cloudy,partly-cloudy-day,"72505394728,KJFK,KLGA,74486094789,F8726,KNYC,72503014732"
New york,2025-06-12T10:00:00,78.7,78.7,59.7,52.2,0,0,,0,0,14.1,7.7,251,1016.4,54.9,9.5,754,2.7,8,,Partially cloudy,partly-cloudy-day,"72505394728,KJFK,KLGA,74486094789,F8726,KNYC,72503014732"
New york,2025-06-12T11:00:00,81.5,82.1,60.2,48.5,0,0,,0,0,13.9,10.3,244,1016.5,54.9,9.5,891,3.2,9,,Partially cloudy,partly-cloudy-day,"72505394728,KJFK,KLGA,74486094789,F8726,KNYC,72503014732"
New york,2025-06-12T12:00:00,83.6,83.6,59.7,44.43,0,0,,0,0,18.3,8.9,230,1016.4,54.9,9.2,961,3.5,10,,Partially cloudy,partly-cloudy-day,"72505394728,KJFK,KLGA,74486094789,F8726,KNYC,72503014732"
New york,2025-06-12T13:00:00,85.2,85.1,60.1,42.8,0,0,,0,0,21.9,10,248,1016.1,43.1,9.5,972,3.5,10,,Partially cloudy,partly-cloudy-day,"72505394728,KJFK,KLGA,74486094789,F8726,KNYC,72503014732"
New york,2025-06-12T14:00:00,86.2,85.2,57.3,37.56,0,0,,0,0,15.2,10.2,244,1015.6,26.5,9.5,899,3.2,9,,Partially cloudy,partly-cloudy-day,"72505394728,KJFK,KLGA,74486094789,F8726,KNYC,72503014732"
New york,2025-06-12T15:00:00,87.5,86.5,58.1,37.11,0,0,,0,0,23,4.7,297,1014.9,37,9.5,788,2.8,8,,Partially cloudy,partly-cloudy-day,"72505394728,KJFK,KLGA,74486094789,F8726,KNYC,72503014732"
New york,2025-06-12T16:00:00,87.8,87.2,59.2,38.11,0,0,,0,0,20.8,7.5,278,1014.8,41.3,9.5,639,2.3,6,,Partially cloudy,partly-cloudy-day,"72505394728,KJFK,KLGA,74486094789,F8726,KNYC,72503014732"
New york,2025-06-12T17:00:00,86.6,86.5,60.3,41.19,0,0,,0,0,23,9.4,255,1014.9,74,9.2,238,0.9,2,,Partially cloudy,partly-cloudy-day,"72505394728,KJFK,KLGA,74486094789,F8726,KNYC,72503014732"
New york,2025-06-12T18:00:00,85.2,85.4,61.2,44.55,0,0,,0,0,16.6,7.2,277,1014.5,74,9.2,125,0.5,1,,Partially cloudy,partly-cloudy-day,"72505394728,KJFK,KLGA,74486094789,F8726,KNYC,72503014732"
New york,2025-06-12T19:00:00,84.3,83.4,56.5,38.67,0,0,,0,0,9.8,8.1,318,1014.8,54.9,8.8,75,0.3,1,,Partially cloudy,partly-cloudy-day,"72505394728,KJFK,KLGA,74486094789,F8726,KNYC,72503014732"
New york,2025-06-12T20:00:00,83.8,82.8,55.6,38.12,0,0,,0,0,9.2,7.3,327,1015.1,54.9,8.8,14,0.1,0,,Partially cloudy,partly-cloudy-day,"72505394728,KJFK,KLGA,74486094789,F8726,KNYC,72503014732"
New york,2025-06-12T21:00:00,82,81.5,55.9,40.85,0,0,,0,0,9.8,7.2,341,1015.3,54.9,9.5,0,0,0,,Partially cloudy,partly-cloudy-night,"72505394728,KJFK,KLGA,74486094789,F8726,KNYC,72503014732"
New york,2025-06-12T22:00:00,81.2,80.9,55.2,40.89,0,0,,0,0,10.1,8.8,330,1016,54.9,9.2,0,0,0,,Partially cloudy,partly-cloudy-night,"72505394728,KJFK,KLGA,74486094789,F8726,KNYC,72503014732"
New york,2025-06-12T23:00:00,79.4,79.4,54.5,42.3,0,0,,0,0,8.9,6.4,347,1016.5,38.3,9.2,0,0,0,,Partially cloudy,partly-cloudy-night,"72505394728,KJFK,KLGA,74486094789,F8726,KNYC,72503014732"
New york,2025-06-13T00:00:00,76.8,76.8,54.3,45.82,0,0,,0,0,9.2,4.7,357,1016.7,48.8,9.2,0,0,0,,Partially cloudy,partly-cloudy-night,"72505394728,KJFK,KLGA,74486094789,F8726,KNYC,72503014732"
New york,2025-06-13T01:00:00,76.3,76.3,52.5,43.55,0,0,,0,0,10.1,7.4,353,1017.3,72.3,9.2,0,0,0,,Partially cloudy,partly-cloudy-night,"72505394728,KJFK,KLGA,74486094789,F8726,KNYC,72503014732"
New york,2025-06-13T02:00:00,74.9,74.9,50.8,42.7,0,0,,0,0,10.7,6.2,324,1017.9,88.9,8.8,0,0,0,,Partially cloudy,partly-cloudy-night,"72505394728,KJFK,KLGA,74486094789,F8726,KNYC,72503014732"
New york,2025-06-13T03:00:00,74.7,74.7,48.7,39.89,0,0,,0,0,11.9,7.7,14,1018,65.3,8.5,0,0,0,,Partially cloudy,partly-cloudy-night,"72505394728,KJFK,KLGA,74486094789,F8726,KNYC,72503014732"
New york,2025-06-13T04:00:00,72.3,72.3,50.8,46.84,0,0,,0,0,10.7,8.8,39,1018.2,57.9,8.5,0,0,0,,Partially cloudy,partly-cloudy-night,"72505394728,KJFK,KLGA,74486094789,F8726,KNYC,72503014732"
New york,2025-06-13T05:00:00,70.6,70.6,49.4,46.95,0,0,,0,0,10.7,7.8,54,1018.5,52.2,8.8,0,0,0,,Partially cloudy,partly-cloudy-night,"72505394728,KJFK,KLGA,74486094789,F8726,KNYC,72503014732"
New york,2025-06-13T06:00:00,68.8,68.8,48.7,48.58,0,0,,0,0,10.7,5.1,43,1018.9,59.6,9.2,31,0.1,0,,Partially cloudy,partly-cloudy-day,"72505394728,KJFK,KLGA,74486094789,F8726,KNYC,72503014732"
New york,2025-06-13T07:00:00,69.3,69.3,47,44.83,0,0,,0,0,10.7,6.6,50,1019.5,70.1,9.5,81,0.3,1,,Partially cloudy,partly-cloudy-day,"72505394728,KJFK,KLGA,74486094789,F8726,KNYC,72503014732"
New york,2025-06-13T08:00:00,70.3,70.3,47.2,43.81,0,0,,0,0,10.7,6.3,43,1020.6,65.3,9.2,326,1.2,3,,Partially cloudy,partly-cloudy-day,"72505394728,KJFK,KLGA,74486094789,F8726,KNYC,72503014732"
New york,2025-06-13T09:00:00,71.6,71.6,47.7,42.62,0,0,,0,0,11.9,7.9,47,1020.7,93.1,9.9,428,1.5,4,,Overcast,cloudy,"72505394728,KJFK,KLGA,74486094789,F8726,KNYC,72503014732"
New york,2025-06-13T10:00:00,72,72,48.9,44.02,0,0,,0,0,12.3,6.5,48,1020.8,65.3,9.5,570,2.1,6,,Partially cloudy,partly-cloudy-day,"72505394728,KJFK,KLGA,74486094789,F8726,KNYC,72503014732"
New york,2025-06-13T11:00:00,73.6,73.6,48.3,40.74,0,0,,0,0,24.2,8.4,57,1020.5,54.9,9.9,552,2,6,,Partially cloudy,partly-cloudy-day,"72505394728,KJFK,KLGA,74486094789,F8726,KNYC,72503014732"
New york,2025-06-13T12:00:00,74.9,74.9,49.4,40.71,0,0,,0,0,11.9,8.8,65,1020.3,54.9,9.5,618,2.2,6,,Partially cloudy,partly-cloudy-day,"72505394728,KJFK,KLGA,74486094789,F8726,KNYC,72503014732"
New york,2025-06-13T13:00:00,75.7,75.7,49.9,40.24,0,0,,0,0,27.7,10.7,57,1020,65.3,9.5,821,3,8,,Partially cloudy,partly-cloudy-day,"72505394728,KJFK,KLGA,74486094789,F8726,KNYC,72503014732"
New york,2025-06-13T14:00:00,75.9,75.9,49.3,39.2,0,0,,0,0,11.9,8.1,73,1020.1,54.9,9.5,552,2,6,,Partially cloudy,partly-cloudy-day,"72505394728,KJFK,KLGA,74486094789,F8726,KNYC,72503014732"
New york,2025-06-13T15:00:00,75.9,75.9,48.7,38.27,0,0,,0,0,11,10.5,63,1019.7,71.9,9.2,530,1.9,5,,Partially cloudy,partly-cloudy-day,"72505394728,KJFK,KLGA,74486094789,F8726,KNYC,72503014732"
New york,2025-06-13T16:00:00,76.2,76.2,51.6,42.37,0,0,,0,0,12.1,11,69,1019.4,88.9,9.5,590,2.1,6,,Partially cloudy,partly-cloudy-day,"72505394728,KJFK,KLGA,74486094789,F8726,KNYC,72503014732"
New york,2025-06-13T17:00:00,75.8,75.8,52.1,43.57,0,0,,0,0,29.8,9.2,75,1019,58.2,9.5,322,1.2,3,,Partially cloudy,partly-cloudy-day,"72505394728,KJFK,KLGA,74486094789,F8726,KNYC,72503014732"
New york,2025-06-13T18:00:00,75.3,75.3,53.2,46.16,0,0,,0,0,14.1,8.2,65,1018.7,47.7,9.2,145,0.5,1,,Partially cloudy,partly-cloudy-day,"72505394728,KJFK,KLGA,74486094789,F8726,KNYC,72503014732"
New york,2025-06-13T19:00:00,74.2,74.2,54.8,50.75,0,0,,0,0,14.5,5.4,99,1019,54.9,8.8,73,0.3,1,,Partially cloudy,partly-cloudy-day,"72505394728,KJFK,KLGA,74486094789,F8726,KNYC,72503014732"
New york,2025-06-13T20:00:00,72.5,72.5,53.9,51.97,0,0,,0,0,14.3,6.8,101,1019.2,74,8.8,13,0,0,,Partially cloudy,partly-cloudy-day,"72505394728,KJFK,KLGA,74486094789,F8726,KNYC,72503014732"
New york,2025-06-13T21:00:00,72.2,72.2,51.5,48.14,0,0,,0,0,11.9,4.9,96,1019.3,65.3,9.5,0,0,0,,Partially cloudy,partly-cloudy-night,"72505394728,KJFK,KLGA,74486094789,F8726,KNYC,72503014732"
New york,2025-06-13T22:00:00,70.1,70.1,52.4,53.41,0,0,,0,0,11.2,6.3,115,1019.4,54.9,9.5,0,0,0,,Partially cloudy,partly-cloudy-night,"72505394728,KJFK,KLGA,74486094789,F8726,KNYC,72503014732"
New york,2025-06-13T23:00:00,68.9,68.9,53.2,57.28,0,0,,0,0,11.4,3.1,63,1019.1,54.9,9.2,0,0,0,,Partially cloudy,partly-cloudy-night,"72505394728,KJFK,KLGA,74486094789,F8726,KNYC,72503014732"
