name,datetime,temp,feelslike,dew,humidity,precip,precipprob,preciptype,snow,snowdepth,windgust,windspeed,winddir,sealevelpressure,cloudcover,visibility,solarradiation,solarenergy,uvindex,severerisk,conditions,icon,stations
newyourk,2025-01-01T00:00:00,46.2,41.6,42.8,87.86,0,0,,0,0,19.7,9.3,69,998.7,98.1,8.8,0,0,0,,Overcast,cloudy,"72505394728,KEWR,KLGA,72502014734,F1417,KNYC,72503014732"
newyourk,2025-01-01T01:00:00,45.6,45.6,42.9,90.26,0.036,100,rain,0,0,11.9,2.6,13,998.2,100,7.4,0,0,0,,"Rain, Overcast",rain,"72505394728,KEWR,KLGA,72502014734,F1417,KNYC,72503014732"
newyourk,2025-01-01T02:00:00,45.4,43.9,42.9,90.75,0,0,,0,0,12.3,3.7,329,997.9,100,6.6,0,0,0,,Overcast,cloudy,"72505394728,KEWR,KLGA,72502014734,F1417,KNYC,72503014732"
newyourk,2025-01-01T03:00:00,45.3,45.3,42.5,89.75,0,0,,0,0,13.6,0.8,37,998.2,93.1,5.5,0,0,0,,Overcast,cloudy,"72505394728,KEWR,KLGA,72502014734,F1417,KNYC,72503014732"
newyourk,2025-01-01T04:00:00,46.7,45.6,43.6,89.01,0,0,,0,0,16.3,3.4,299,997.9,100,6.2,0,0,0,,Overcast,cloudy,"72505394728,KEWR,KLGA,72502014734,F1417,KNYC,72503014732"
newyourk,2025-01-01T05:00:00,47.7,45.8,43.8,86.36,0,0,,0,0,16.1,4.6,318,998.5,78.8,6.9,0,0,0,,Partially cloudy,partly-cloudy-night,"72505394728,KEWR,KLGA,F1417,KNYC,72503014732"
newyourk,2025-01-01T06:00:00,47.2,42.8,43.1,85.38,0,0,,0,0,18.3,9.4,246,998.5,97.5,7.4,0,0,0,,Overcast,cloudy,"72505394728,KEWR,KLGA,72502014734,F1417,KNYC,72503014732"
newyourk,2025-01-01T07:00:00,47.2,42.9,42,82.09,0,0,,0,0,15,9.3,245,998.6,66.7,8.9,0,0,0,,Partially cloudy,partly-cloudy-night,"72505394728,KEWR,KLGA,72502014734,F1417,KNYC,72503014732"
newyourk,2025-01-01T08:00:00,47,43.2,42,82.72,0,0,,0,0,15.2,8,238,998.6,95.7,8.2,67,0.2,1,,Overcast,cloudy,"72505394728,KEWR,KLGA,72502014734,F1417,KNYC,72503014732"
newyourk,2025-01-01T09:00:00,48.1,44.3,42,79.05,0,0,,0,0,18.3,8.4,252,999.1,88.8,9.8,99,0.4,1,,Partially cloudy,partly-cloudy-day,"72505394728,KEWR,KLGA,F1417,KNYC,72503014732"
newyourk,2025-01-01T10:00:00,48.5,44.9,42.2,78.65,0,0,,0,0,25.3,8.2,244,999.7,42.1,9.9,203,0.7,2,,Partially cloudy,partly-cloudy-day,"72505394728,KEWR,KLGA,72502014734,F1417,KNYC,72503014732"
newyourk,2025-01-01T11:00:00,50.4,50.4,41.9,72.42,0,0,,0,0,29,8.9,260,999.8,87,9.9,169,0.6,2,,Partially cloudy,partly-cloudy-day,"72505394728,KEWR,KLGA,72502014734,F1417,KNYC,72503014732"
newyourk,2025-01-01T12:00:00,50.8,50.8,38.6,62.85,0,0,,0,0,27.2,12.7,276,999.5,95.7,9.9,321,1.2,3,,Overcast,cloudy,"72505394728,KEWR,KLGA,72502014734,F1417,KNYC,72503014732"
newyourk,2025-01-01T13:00:00,49.1,43.6,36.5,61.78,0,0,,0,0,27.4,14.4,268,999.6,95.7,9.9,70,0.3,1,,Overcast,cloudy,"72505394728,KEWR,KLGA,72502014734,F1417,KNYC,72503014732"
newyourk,2025-01-01T14:00:00,47.2,41.1,34,59.94,0,0,,0,0,29.5,14.8,262,1000,95.7,9.9,50,0.2,1,,Overcast,cloudy,"72505394728,KEWR,KLGA,72502014734,F1417,KNYC,72503014732"
newyourk,2025-01-01T15:00:00,46.2,39.4,34,62.21,0,0,,0,0,31.1,16.4,274,1001.5,98.9,9.9,39,0.1,0,,Overcast,cloudy,"72505394728,KEWR,KLGA,F1417,KNYC,72503014732"
newyourk,2025-01-01T16:00:00,45.2,38.4,31.5,58.63,0,0,,0,0,33.8,15.1,278,1003,98.2,9.9,28,0.1,0,,Overcast,cloudy,"72505394728,KEWR,KLGA,72502014734,F1417,KNYC,72503014732"
newyourk,2025-01-01T17:00:00,44.3,37,31.4,60.32,0,0,,0,0,34.8,16.1,274,1003.7,98.2,9.9,0,0,0,,Overcast,cloudy,"72505394728,KEWR,KLGA,72502014734,F1417,KNYC,72503014732"
newyourk,2025-01-01T18:00:00,43.5,35.7,28.3,54.82,0,0,,0,0,37.4,17.3,281,1004.3,95.7,9.9,0,0,0,,Overcast,cloudy,"72505394728,KEWR,KLGA,72502014734,F1417,KNYC,72503014732"
newyourk,2025-01-01T19:00:00,43.1,35.7,28,55.04,0,0,,0,0,32.3,15.3,282,1005,50,9.9,0,0,0,,Partially cloudy,partly-cloudy-night,"72505394728,KEWR,KLGA,72502014734,F1417,KNYC,72503014732"
newyourk,2025-01-01T20:00:00,43.2,35.2,26.4,51.23,0,0,,0,0,32.2,17.8,276,1005.9,87,9.9,0,0,0,,Partially cloudy,partly-cloudy-night,"72505394728,KEWR,KLGA,72502014734,F1417,KNYC,72503014732"
newyourk,2025-01-01T21:00:00,42.2,34.1,21.4,43.24,0,0,,0,0,37.6,16.8,280,1006.6,70.3,9.9,0,0,0,,Partially cloudy,partly-cloudy-night,"72505394728,KEWR,KLGA,72502014734,F1417,KNYC,72503014732"
newyourk,2025-01-01T22:00:00,41.4,33.6,20.5,42.86,0,0,,0,0,34,15.3,281,1007.4,73.9,9.9,0,0,0,,Partially cloudy,partly-cloudy-night,"72505394728,KEWR,KLGA,72502014734,F1417,KNYC,72503014732"
newyourk,2025-01-01T23:00:00,41.3,33,22,45.96,0,0,,0,0,30.7,16.4,277,1007.6,50,9.9,0,0,0,,Partially cloudy,partly-cloudy-night,"72505394728,KEWR,KLGA,72502014734,F1417,KNYC,72503014732"
newyourk,2025-01-02T00:00:00,40.1,33,23.8,51.83,0,0,,0,0,24.5,12,266,1007.8,30.7,9.9,0,0,0,,Partially cloudy,partly-cloudy-night,"72505394728,KEWR,KLGA,72502014734,F1417,KNYC,72503014732"
newyourk,2025-01-02T01:00:00,39.1,31.1,22.9,51.86,0,0,,0,0,25.7,13.7,271,1008.1,10.5,9.9,0,0,0,,Clear,clear-night,"72505394728,KEWR,KLGA,72502014734,F1417,KNYC,72503014732"
newyourk,2025-01-02T02:00:00,38.6,31.8,23.8,54.97,0,0,,0,0,33.4,10.1,266,1008.8,27.1,9.9,0,0,0,,Partially cloudy,partly-cloudy-night,"72505394728,KEWR,KLGA,72502014734,F1417,KNYC,72503014732"
newyourk,2025-01-02T03:00:00,39.1,32.1,25.2,56.99,0,0,,0,0,33.9,11.1,266,1009.5,10.5,9.9,0,0,0,,Clear,clear-night,"72505394728,KEWR,KLGA,72502014734,F1417,KNYC,72503014732"
newyourk,2025-01-02T04:00:00,39.3,32.3,24.9,55.96,0,0,,0,0,34,11.1,254,1009.8,77.1,9.9,0,0,0,,Partially cloudy,partly-cloudy-night,"72505394728,KEWR,KLGA,72502014734,F1417,KNYC,72503014732"
newyourk,2025-01-02T05:00:00,38.9,31.7,24.3,55.51,0,0,,0,0,27.8,11.5,256,1010.2,85.9,9.9,0,0,0,,Partially cloudy,partly-cloudy-night,"72505394728,KEWR,KLGA,72502014734,F1417,KNYC,72503014732"
newyourk,2025-01-02T06:00:00,38.2,29.9,21.6,50.88,0,0,,0,0,28.9,13.9,239,1011,82.6,9.9,0,0,0,,Partially cloudy,partly-cloudy-night,"72505394728,KEWR,KLGA,72502014734,F1417,KNYC,72503014732"
newyourk,2025-01-02T07:00:00,37.3,29.7,20.7,50.74,0,0,,0,0,25.6,11.6,254,1011.4,15.6,9.9,0,0,0,,Clear,clear-night,"72505394728,KEWR,KLGA,72502014734,F1417,KNYC,72503014732"
newyourk,2025-01-02T08:00:00,37.3,28.8,19.8,48.84,0,0,,0,0,28.8,13.8,268,1012,10.5,9.9,41,0.1,0,,Clear,clear-day,"72505394728,KEWR,KLGA,72502014734,F1417,KNYC,72503014732"
newyourk,2025-01-02T09:00:00,38.4,29,20.5,48.29,0,0,,0,0,34.4,17.7,260,1013,35.9,9.9,172,0.6,2,,Partially cloudy,partly-cloudy-day,"72505394728,KEWR,KLGA,72502014734,F1417,KNYC,72503014732"
newyourk,2025-01-02T10:00:00,39.7,30.3,20.2,45.27,0,0,,0,0,36.5,18.9,266,1013.7,73.9,9.9,325,1.2,3,,Partially cloudy,partly-cloudy-day,"72505394728,KEWR,KLGA,72502014734,F1417,KNYC,72503014732"
newyourk,2025-01-02T11:00:00,41.3,33.2,20,42.17,0,0,,0,0,34.4,16.2,270,1013.7,88.9,9.9,196,0.7,2,,Partially cloudy,partly-cloudy-day,"72505394728,KEWR,KLGA,72502014734,F1417,KNYC,72503014732"
newyourk,2025-01-02T12:00:00,41.7,33.1,19.1,39.92,0,0,,0,0,34.4,18.6,288,1012.8,95.7,9.9,225,0.8,2,,Overcast,cloudy,"72505394728,KEWR,KLGA,72502014734,F1417,KNYC,72503014732"
newyourk,2025-01-02T13:00:00,42.5,34.3,18,36.88,0,0,,0,0,33.5,17.9,278,1012.5,95.7,9.9,338,1.2,3,,Overcast,cloudy,"72505394728,KEWR,KLGA,72502014734,F1417,KNYC,72503014732"
newyourk,2025-01-02T14:00:00,42.5,33.6,16.8,35.13,0,0,,0,0,37.8,20.8,260,1012.5,95.7,9.9,127,0.5,1,,Overcast,cloudy,"72505394728,KEWR,KLGA,72502014734,F1417,KNYC,72503014732"
newyourk,2025-01-02T15:00:00,41.4,33.6,16.2,35.65,0,0,,0,0,31.6,15.4,275,1012.7,95.7,9.9,67,0.2,1,,Overcast,cloudy,"72505394728,KEWR,KLGA,72502014734,F1417,KNYC,72503014732"
newyourk,2025-01-02T16:00:00,40.3,31.8,16.3,37.4,0,0,,0,0,34.6,16.2,276,1013.5,95.7,9.9,18,0.1,0,,Overcast,cloudy,"72505394728,KEWR,KLGA,72502014734,F1417,KNYC,72503014732"
newyourk,2025-01-02T17:00:00,38.6,30.7,16.1,39.57,0,0,,0,0,30.5,13.1,274,1014,50.9,9.9,0,0,0,,Partially cloudy,partly-cloudy-night,"72505394728,KEWR,KLGA,72502014734,F1417,KNYC,72503014732"
newyourk,2025-01-02T18:00:00,37.7,29.6,15.9,40.63,0,0,,0,0,31.4,12.9,273,1014,42.1,9.9,0,0,0,,Partially cloudy,partly-cloudy-night,"72505394728,KEWR,KLGA,72502014734,F1417,KNYC,72503014732"
newyourk,2025-01-02T19:00:00,37.3,27.4,16.2,41.84,0,0,,0,0,32.8,18.2,281,1014.4,20.3,9.9,0,0,0,,Partially cloudy,partly-cloudy-night,"72505394728,KEWR,KLGA,72502014734,F1417,KNYC,72503014732"
newyourk,2025-01-02T20:00:00,36.2,29.3,16.7,44.57,0,0,,0,0,30.4,9.3,266,1014.6,30.7,9.9,0,0,0,,Partially cloudy,partly-cloudy-night,"72505394728,KEWR,KLGA,72502014734,F1417,KNYC,72503014732"
newyourk,2025-01-02T21:00:00,35.3,27,15.9,44.67,0,0,,0,0,24,11.7,271,1014.5,14.1,9.9,0,0,0,,Clear,clear-night,"72505394728,KEWR,KLGA,72502014734,F1417,KNYC,72503014732"
newyourk,2025-01-02T22:00:00,34.3,26.6,16,46.77,0,0,,0,0,24.3,10,260,1014.5,50,9.9,0,0,0,,Partially cloudy,partly-cloudy-night,"72505394728,KEWR,KLGA,72502014734,F1417,KNYC,72503014732"
newyourk,2025-01-02T23:00:00,34.3,23.2,15.9,46.45,0,0,,0,0,30.4,19.1,254,1014.3,51.1,9.9,0,0,0,,Partially cloudy,partly-cloudy-night,"72505394728,KEWR,KLGA,72502014734,F1417,KNYC,72503014732"
newyourk,2025-01-03T00:00:00,34.3,24.9,15.9,46.45,0,0,,0,0,28.5,14.1,268,1014.5,65.1,9.9,0,0,0,,Partially cloudy,partly-cloudy-night,"72505394728,KEWR,KLGA,72502014734,F1417,KNYC,72503014732"
newyourk,2025-01-03T01:00:00,33.5,24.4,16.7,49.65,0,0,,0,0,25.7,12.7,266,1014.5,30.7,9.9,0,0,0,,Partially cloudy,partly-cloudy-night,"72505394728,KEWR,KLGA,72502014734,F1417,KNYC,72503014732"
newyourk,2025-01-03T02:00:00,33.9,26.3,16.2,47.72,0,0,,0,0,24.6,9.5,270,1014.6,80.8,9.9,0,0,0,,Partially cloudy,partly-cloudy-night,"72505394728,KEWR,KLGA,72502014734,F1417,KNYC,72503014732"
newyourk,2025-01-03T03:00:00,34.3,25.1,15.5,45.74,0,0,,0,0,24.7,13.5,284,1014.8,98.2,9.9,0,0,0,,Overcast,cloudy,"72505394728,KEWR,KLGA,72502014734,F1417,KNYC,72503014732"
newyourk,2025-01-03T04:00:00,34.3,24.7,14.6,43.92,0,0,,0,0,25.6,14.4,283,1014.8,98.2,9.9,0,0,0,,Overcast,cloudy,"72505394728,KEWR,KLGA,72502014734,F1417,KNYC,72503014732"
newyourk,2025-01-03T05:00:00,34.3,25.4,14.6,43.99,0,0,,0,0,24.9,12.6,281,1014.7,98.2,9.9,0,0,0,,Overcast,cloudy,"72505394728,KEWR,KLGA,72502014734,F1417,KNYC,72503014732"
newyourk,2025-01-03T06:00:00,33.5,25,17.4,51.2,0,0,,0,0,27.7,11.2,276,1014.6,98.2,9.9,0,0,0,,Overcast,cloudy,"72505394728,KEWR,KLGA,72502014734,F1417,KNYC,72503014732"
newyourk,2025-01-03T07:00:00,33.5,24.8,16.8,49.99,0,0,,0,0,22.8,11.8,265,1014.2,95.7,9.9,0,0,0,,Overcast,cloudy,"72505394728,KEWR,KLGA,72502014734,F1417,KNYC,72503014732"
newyourk,2025-01-03T08:00:00,33.4,25.9,16.6,49.84,0,0,,0,0,25.3,9.1,252,1013.8,89.5,9.9,38,0.1,0,,Partially cloudy,partly-cloudy-day,"72505394728,KEWR,KLGA,72502014734,F1417,KNYC,72503014732"
newyourk,2025-01-03T09:00:00,34.2,24.5,16.6,48.17,0,0,,0,0,26.4,14.8,256,1013.8,85.9,9.9,144,0.5,1,,Partially cloudy,partly-cloudy-day,"72505394728,KEWR,KLGA,72502014734,F1417,KNYC,72503014732"
newyourk,2025-01-03T10:00:00,35.8,29.4,15.9,43.84,0,0,,0,0,24.2,8.1,254,1013.4,50.9,9.9,207,0.7,2,,Partially cloudy,partly-cloudy-day,"72505394728,KEWR,KLGA,72502014734,F1417,KNYC,72503014732"
newyourk,2025-01-03T11:00:00,36.7,28.8,14.3,39.45,0,0,,0,0,21,11.7,276,1012.6,42.1,9.9,492,1.8,5,,Partially cloudy,partly-cloudy-day,"72505394728,KEWR,KLGA,72502014734,F1417,KNYC,72503014732"
newyourk,2025-01-03T12:00:00,37.6,30.1,15,39.38,0,0,,0,0,22.1,11.2,264,1010.9,42.1,9.9,557,2,6,,Partially cloudy,partly-cloudy-day,"72505394728,KEWR,KLGA,72502014734,F1417,KNYC,72503014732"
newyourk,2025-01-03T13:00:00,38.3,32.7,15.5,38.95,0,0,,0,0,23,7.8,256,1009.5,80.1,9.9,382,1.4,4,,Partially cloudy,partly-cloudy-day,"72505394728,KEWR,KLGA,72502014734,F1417,KNYC,72503014732"
newyourk,2025-01-03T14:00:00,37.8,32.1,16,40.68,0,0,,0,0,20.6,7.8,260,1008.7,80.1,9.9,354,1.3,4,,Partially cloudy,partly-cloudy-day,"72505394728,KEWR,KLGA,72502014734,F1417,KNYC,72503014732"
newyourk,2025-01-03T15:00:00,38.4,32,16.7,40.96,0,0,,0,0,20.6,9.2,254,1008.6,88.9,9.9,175,0.6,2,,Partially cloudy,partly-cloudy-day,"72505394728,KEWR,KLGA,72502014734,F1417,KNYC,72503014732"
newyourk,2025-01-03T16:00:00,37.5,29.9,15.9,40.95,0,0,,0,0,23,11.5,245,1008.8,88.9,9.9,33,0.1,0,,Partially cloudy,partly-cloudy-day,"72505394728,KEWR,KLGA,72502014734,F1417,KNYC,72503014732"
newyourk,2025-01-03T17:00:00,36.2,30.6,15.6,42.54,0,0,,0,0,19,7,260,1008.8,95.7,9.9,0,0,0,,Overcast,cloudy,"72505394728,KEWR,KLGA,72502014734,F1417,KNYC,72503014732"
newyourk,2025-01-03T18:00:00,35.3,27.7,17.3,47.58,0,0,,0,0,15,10.2,271,1009,88.9,9.9,0,0,0,,Partially cloudy,partly-cloudy-night,"72505394728,KEWR,KLGA,72502014734,F1417,KNYC,72503014732"
newyourk,2025-01-03T19:00:00,34.8,27.2,17.5,48.84,0,0,,0,0,23.1,9.8,279,1008.7,88.9,9.9,0,0,0,,Partially cloudy,partly-cloudy-night,"72505394728,KEWR,KLGA,72502014734,F1417,KNYC,72503014732"
newyourk,2025-01-03T20:00:00,33.4,24.8,19.3,55.75,0,0,,0,0,19.7,11.4,273,1008.7,30.5,9.9,0,0,0,,Partially cloudy,partly-cloudy-night,"72505394728,KEWR,KLGA,72502014734,F1417,KNYC,72503014732"
newyourk,2025-01-03T21:00:00,32.5,25.6,19.7,58.99,0,0,,0,0,20.8,7.7,267,1008.4,34.2,9.9,0,0,0,,Partially cloudy,partly-cloudy-night,"72505394728,KEWR,KLGA,72502014734,F1417,KNYC,72503014732"
newyourk,2025-01-03T22:00:00,32.3,24.5,19.6,59.11,0,0,,0,0,19.7,9.2,277,1008.2,34.2,9.9,0,0,0,,Partially cloudy,partly-cloudy-night,"72505394728,KEWR,KLGA,72502014734,F1417,KNYC,72503014732"
newyourk,2025-01-03T23:00:00,31.1,22.4,19,60.51,0,0,,0,0,14.8,10.5,268,1008,25.5,9.9,0,0,0,,Partially cloudy,partly-cloudy-night,"72505394728,KEWR,KLGA,72502014734,F1417,KNYC,72503014732"
newyourk,2025-01-04T00:00:00,31.1,22.8,16.9,55.28,0,0,,0,0,23.6,9.6,296,1007.6,14.1,9.9,0,0,0,,Clear,clear-night,"72505394728,KEWR,KLGA,72502014734,F1417,KNYC,72503014732"
newyourk,2025-01-04T01:00:00,30.5,21.4,13.5,48.81,0,0,,0,0,31.5,11.1,296,1007.5,14.1,9.9,0,0,0,,Clear,clear-night,"72505394728,KEWR,KLGA,72502014734,F1417,KNYC,72503014732"
newyourk,2025-01-04T02:00:00,30.3,21.2,12.5,47.19,0,0,,0,0,31.8,10.8,288,1007.6,14.1,9.9,0,0,0,,Clear,clear-night,"72505394728,KEWR,KLGA,72502014734,F1417,KNYC,72503014732"
newyourk,2025-01-04T03:00:00,30.9,23.4,13,46.91,0,0,,0,0,19.1,8.3,278,1007.9,80.1,9.9,0,0,0,,Partially cloudy,partly-cloudy-night,"72505394728,KEWR,KLGA,72502014734,F1417,KNYC,72503014732"
newyourk,2025-01-04T04:00:00,31.1,20.8,12.1,44.85,0,0,,0,0,27.5,14.1,290,1008.3,43.9,9.9,0,0,0,,Partially cloudy,partly-cloudy-night,"72505394728,KEWR,KLGA,72502014734,F1417,KNYC,72503014732"
newyourk,2025-01-04T05:00:00,30.1,19.2,10.5,43.44,0,0,,0,0,30.9,15.1,304,1009.2,73.9,9.9,0,0,0,,Partially cloudy,partly-cloudy-night,"72505394728,KEWR,KLGA,72502014734,F1417,KNYC,72503014732"
newyourk,2025-01-04T06:00:00,30.1,20.3,9.8,41.97,0,0,,0,0,24.5,12.3,282,1009.8,87,9.9,0,0,0,,Partially cloudy,partly-cloudy-night,"72505394728,KEWR,KLGA,72502014734,F1417,KNYC,72503014732"
newyourk,2025-01-04T07:00:00,30.3,18.8,11.5,44.99,0,0,,0,0,29.8,16.5,294,1010.3,80.1,9.9,0,0,0,,Partially cloudy,partly-cloudy-night,"72505394728,KEWR,KLGA,72502014734,F1417,KNYC,72503014732"
newyourk,2025-01-04T08:00:00,30.8,18.4,9.1,39.58,0,0,,0,0,30.8,20.3,290,1010.3,91.1,9.9,54,0.2,1,,Overcast,cloudy,"72505394728,KEWR,KLGA,72502014734,F1417,KNYC,72503014732"
newyourk,2025-01-04T09:00:00,31.3,21.9,7.9,36.88,0,0,,0,0,29.8,12,296,1011.2,88.9,9.9,194,0.7,2,,Partially cloudy,partly-cloudy-day,"72505394728,KEWR,KLGA,72502014734,F1417,KNYC,72503014732"
newyourk,2025-01-04T10:00:00,32.7,23.8,7.8,34.58,0,0,,0,0,31.5,11.8,300,1011.7,65,9.9,201,0.7,2,,Partially cloudy,partly-cloudy-day,"72505394728,KEWR,KLGA,72502014734,F1417,KNYC,72503014732"
newyourk,2025-01-04T11:00:00,32.4,21.3,8.3,35.76,0,0,,0,0,34.4,17.6,291,1011.6,95.7,9.9,174,0.6,2,,Overcast,cloudy,"72505394728,KEWR,KLGA,72502014734,F1417,KNYC,72503014732"
newyourk,2025-01-04T12:00:00,32.8,22.7,7.5,34.05,0,0,,0,0,35.7,14.7,289,1011,65,9.9,175,0.6,2,,Partially cloudy,partly-cloudy-day,"72505394728,KEWR,KLGA,72502014734,F1417,KNYC,72503014732"
newyourk,2025-01-04T13:00:00,32.7,21.1,7.9,34.76,0,0,,0,0,35.5,19.5,285,1010.6,50.9,9.9,552,2,6,,Partially cloudy,partly-cloudy-day,"72505394728,KEWR,KLGA,72502014734,F1417,KNYC,72503014732"
newyourk,2025-01-04T14:00:00,32.6,21.2,7.4,34.1,0,0,,0,0,34.3,18.3,300,1010.8,88.9,9.9,367,1.3,4,,Partially cloudy,partly-cloudy-day,"72505394728,KEWR,KLGA,72502014734,F1417,KNYC,72503014732"
newyourk,2025-01-04T15:00:00,31.7,20.4,5.6,32.63,0,0,,0,0,37.8,17.3,296,1011.3,80.1,9.9,150,0.5,2,,Partially cloudy,partly-cloudy-day,"72505394728,KEWR,KLGA,72502014734,F1417,KNYC,72503014732"
newyourk,2025-01-04T16:00:00,31.5,21.3,4.9,31.96,0,0,,0,0,31.7,13.9,292,1012.3,95.7,9.9,36,0.1,0,,Overcast,cloudy,"72505394728,KEWR,KLGA,72502014734,F1417,KNYC,72503014732"
newyourk,2025-01-04T17:00:00,31.3,20,5.1,32.4,0,0,,0,0,31.4,17,286,1012.8,95.7,9.9,0,0,0,,Overcast,cloudy,"72505394728,KEWR,KLGA,72502014734,F1417,KNYC,72503014732"
newyourk,2025-01-04T18:00:00,31.1,21.1,4.1,31.21,0,0,,0,0,28.1,13.4,282,1013.3,42.1,9.9,0,0,0,,Partially cloudy,partly-cloudy-night,"72505394728,KEWR,KLGA,72502014734,F1417,KNYC,72503014732"
newyourk,2025-01-04T19:00:00,30.8,22.1,4.2,31.71,0,0,,0,0,27.5,10.3,266,1013.3,87,9.9,0,0,0,,Partially cloudy,partly-cloudy-night,"72505394728,KEWR,KLGA,72502014734,F1417,KNYC,72503014732"
newyourk,2025-01-04T20:00:00,30.1,19.6,5.3,34.23,0,0,,0,0,30.3,14.1,272,1013.5,80.1,9.9,0,0,0,,Partially cloudy,partly-cloudy-night,"72505394728,KEWR,KLGA,72502014734,F1417,KNYC,72503014732"
newyourk,2025-01-04T21:00:00,30.1,19.3,5.3,34.23,0,0,,0,0,24.1,14.7,280,1013.9,14.1,9.9,0,0,0,,Clear,clear-night,"72505394728,KEWR,KLGA,72502014734,F1417,KNYC,72503014732"
newyourk,2025-01-04T22:00:00,29.2,18.9,5.9,36.57,0,0,,0,0,24.4,13,276,1014.3,89.5,9.9,0,0,0,,Partially cloudy,partly-cloudy-night,"72505394728,KEWR,KLGA,72502014734,F1417,KNYC,72503014732"
newyourk,2025-01-04T23:00:00,28.9,18.4,6,37.34,0,0,,0,0,24.1,13,277,1014.9,89.5,9.9,0,0,0,,Partially cloudy,partly-cloudy-night,"72505394728,KEWR,KLGA,72502014734,F1417,KNYC,72503014732"
newyourk,2025-01-05T00:00:00,29,19.2,6.9,38.53,0,0,,0,0,29.8,11.8,260,1014.9,87,9.9,0,0,0,,Partially cloudy,partly-cloudy-night,"72505394728,KEWR,KLGA,72502014734,F1417,KNYC,72503014732"
newyourk,2025-01-05T01:00:00,28.5,18.7,7.8,41.2,0,0,,0,0,33.3,11.3,260,1015,88.8,9.9,0,0,0,,Partially cloudy,partly-cloudy-night,"72505394728,KEWR,KLGA,72502014734,F1417,KNYC,72503014732"
newyourk,2025-01-05T02:00:00,28.5,19.3,8.2,41.89,0,0,,0,0,21.8,10.1,264,1015.3,97.5,9.9,0,0,0,,Overcast,cloudy,"72505394728,KEWR,KLGA,72502014734,F1417,KNYC,72503014732"
newyourk,2025-01-05T03:00:00,28.5,17.7,9.5,44.34,0,0,,0,0,23,13.5,260,1015.3,97.5,9.9,0,0,0,,Overcast,cloudy,"72505394728,KEWR,KLGA,72502014734,F1417,KNYC,72503014732"
newyourk,2025-01-05T04:00:00,28.3,19.6,9.2,43.96,0,0,,0,0,21.1,9.2,260,1015.2,97.5,9.9,0,0,0,,Overcast,cloudy,"72505394728,KEWR,KLGA,72502014734,F1417,KNYC,72503014732"
newyourk,2025-01-05T05:00:00,28.3,20.5,10,45.67,0,0,,0,0,19,7.8,262,1015.4,97.5,9.9,0,0,0,,Overcast,cloudy,"72505394728,KEWR,KLGA,72502014734,F1417,KNYC,72503014732"
newyourk,2025-01-05T06:00:00,28.3,18.5,10.8,47.36,0,0,,0,0,22.1,11.3,261,1015.8,97.5,9.9,0,0,0,,Overcast,cloudy,"72505394728,KEWR,KLGA,72502014734,F1417,KNYC,72503014732"
newyourk,2025-01-05T07:00:00,28.3,18,10.8,47.36,0,0,,0,0,21.5,12.5,266,1016.2,97.5,9.9,0,0,0,,Overcast,cloudy,"72505394728,KEWR,KLGA,72502014734,F1417,KNYC,72503014732"
newyourk,2025-01-05T08:00:00,28.3,18.7,10.1,45.91,0,0,,0,0,21.1,11,258,1016.5,95.7,9.9,56,0.2,1,,Overcast,cloudy,"72505394728,KEWR,KLGA,72502014734,F1417,KNYC,72503014732"
newyourk,2025-01-05T09:00:00,28.6,19,10.1,45.37,0,0,,0,0,22.6,11.1,260,1016.7,95.7,9.9,218,0.8,2,,Overcast,cloudy,"72505394728,KEWR,KLGA,72502014734,F1417,KNYC,72503014732"
newyourk,2025-01-05T10:00:00,29.5,19.7,10.8,45.12,0,0,,0,0,22.1,11.9,250,1017,95.7,9.9,205,0.7,2,,Overcast,cloudy,"72505394728,KEWR,KLGA,72502014734,F1417,KNYC,72503014732"
newyourk,2025-01-05T11:00:00,30.5,20.3,11,43.81,0,0,,0,0,23.4,13.4,279,1016.8,95.7,9.9,179,0.6,2,,Overcast,cloudy,"72505394728,KEWR,KLGA,72502014734,F1417,KNYC,72503014732"
newyourk,2025-01-05T12:00:00,30.7,21.2,10.9,43.2,0,0,,0,0,26.2,11.7,282,1015.9,95.7,9.9,431,1.6,4,,Overcast,cloudy,"72505394728,KEWR,KLGA,72502014734,F1417,KNYC,72503014732"
newyourk,2025-01-05T13:00:00,31.7,21,10.5,40.61,0,0,,0,0,25.9,15.6,277,1015.4,95.7,9.9,396,1.4,4,,Overcast,cloudy,"72505394728,KEWR,KLGA,72502014734,F1417,KNYC,72503014732"
newyourk,2025-01-05T14:00:00,33.5,24.6,10.5,37.96,0,0,,0,0,25.4,12.1,298,1015.5,34.2,9.9,362,1.3,4,,Partially cloudy,partly-cloudy-day,"72505394728,KEWR,KLGA,72502014734,F1417,KNYC,72503014732"
newyourk,2025-01-05T15:00:00,32.7,22.4,10.5,39.09,0,0,,0,0,27.9,15.3,305,1016,19.2,9.9,222,0.8,2,,Clear,clear-day,"72505394728,KEWR,KLGA,72502014734,F1417,KNYC,72503014732"
newyourk,2025-01-05T16:00:00,32.6,21.8,10,38.46,0,0,,0,0,28.9,16.5,308,1016.6,19.2,9.9,33,0.1,0,,Clear,clear-day,"72505394728,KEWR,KLGA,72502014734,F1417,KNYC,72503014732"
newyourk,2025-01-05T17:00:00,31.3,23.1,10.5,41.47,0,0,,0,0,30.7,9.5,308,1017,14.1,9.9,0,0,0,,Clear,clear-night,"72505394728,KEWR,KLGA,72502014734,F1417,KNYC,72503014732"
newyourk,2025-01-05T18:00:00,31.1,23.3,10.3,41.41,0,0,,0,0,23.5,8.7,292,1017.3,14.1,9.9,0,0,0,,Clear,clear-night,"72505394728,KEWR,KLGA,72502014734,F1417,KNYC,72503014732"
newyourk,2025-01-05T19:00:00,30.3,18.5,11,44.15,0,0,,0,0,31.4,17.5,290,1017.3,14.1,9.9,0,0,0,,Clear,clear-night,"72505394728,KEWR,KLGA,72502014734,F1417,KNYC,72503014732"
newyourk,2025-01-05T20:00:00,30.3,20.9,11.2,44.54,0,0,,0,0,21.9,11.3,284,1017.4,14.1,9.9,0,0,0,,Clear,clear-night,"72505394728,KEWR,KLGA,72502014734,F1417,KNYC,72503014732"
newyourk,2025-01-05T21:00:00,30.1,19.9,11.9,46.21,0,0,,0,0,27.7,13.2,282,1017.1,14.1,9.9,0,0,0,,Clear,clear-night,"72505394728,KEWR,KLGA,72502014734,F1417,KNYC,72503014732"
newyourk,2025-01-05T22:00:00,30.1,21.8,12.7,47.78,0,0,,0,0,15.2,9.4,270,1017.1,14.1,9.9,0,0,0,,Clear,clear-night,"72505394728,KEWR,KLGA,72502014734,F1417,KNYC,72503014732"
newyourk,2025-01-05T23:00:00,30,22.4,13.7,50.16,0,0,,0,0,14.8,8.1,288,1017.2,14.1,9.9,0,0,0,,Clear,clear-night,"72505394728,KEWR,KLGA,72502014734,F1417,KNYC,72503014732"
newyourk,2025-01-06T00:00:00,29.3,20.5,13.8,51.93,0,0,,0,0,14.1,9.8,271,1017.2,25.5,9.9,0,0,0,,Partially cloudy,partly-cloudy-night,"72505394728,KEWR,KLGA,72502014734,F1417,KNYC,72503014732"
newyourk,2025-01-06T01:00:00,28.5,21.2,13.1,51.92,0,0,,0,0,12.8,7.1,267,1016.9,25.5,9.9,0,0,0,,Partially cloudy,partly-cloudy-night,"72505394728,KEWR,KLGA,72502014734,F1417,KNYC,72503014732"
newyourk,2025-01-06T02:00:00,28.5,22.6,13.8,53.56,0,0,,0,0,12.5,5.4,281,1016.9,25.5,9.9,0,0,0,,Partially cloudy,partly-cloudy-night,"72505394728,KEWR,KLGA,72502014734,F1417,KNYC,72503014732"
newyourk,2025-01-06T03:00:00,29.3,22.4,14.1,52.54,0,0,,0,0,11.4,6.8,259,1016.8,34.2,9.9,0,0,0,,Partially cloudy,partly-cloudy-night,"72505394728,KEWR,KLGA,72502014734,F1417,KNYC,72503014732"
newyourk,2025-01-06T04:00:00,29.3,23.3,15,54.69,0,0,,0,0,9.6,5.7,289,1015.6,36,9.9,0,0,0,,Partially cloudy,partly-cloudy-night,"72505394728,KEWR,KLGA,72502014734,F1417,KNYC,72503014732"
newyourk,2025-01-06T05:00:00,29.2,29.2,15,54.82,0,0,,0,0,7.4,2.1,326,1014.9,34.2,9.9,0,0,0,,Partially cloudy,partly-cloudy-night,"72505394728,KEWR,KLGA,72502014734,F1417,KNYC,72503014732"
newyourk,2025-01-06T06:00:00,29.6,24.9,15.5,55.23,0,0,,0,0,7.2,4.4,298,1015.1,36,9.9,0,0,0,,Partially cloudy,partly-cloudy-night,"72505394728,KEWR,KLGA,72502014734,F1417,KNYC,72503014732"
newyourk,2025-01-06T07:00:00,29.8,29.8,15.9,55.71,0,0,,0,0,6,1.1,331,1014.1,36,9.9,0,0,0,,Partially cloudy,partly-cloudy-night,"72505394728,KEWR,KLGA,72502014734,F1417,KNYC,72503014732"
newyourk,2025-01-06T08:00:00,30,26.8,16.5,56.89,0,0,,0,0,5.4,3.2,276,1013.8,97.5,9.9,12,0,0,,Overcast,cloudy,"72505394728,KEWR,KLGA,72502014734,F1417,KNYC,72503014732"
newyourk,2025-01-06T09:00:00,30.1,27,16.7,56.91,0,0,,0,0,5.6,3.1,337,1012.9,100,9.9,33,0.1,0,,Overcast,cloudy,"72505394728,KEWR,KLGA,72502014734,F1417,KNYC,72503014732"
newyourk,2025-01-06T10:00:00,30.1,30.1,17,57.66,0,0,,0,0,6.3,2.1,19,1012.5,100,7.7,64,0.2,1,,Overcast,cloudy,"72505394728,KEWR,KLGA,72502014734,F1417,KNYC,72503014732"
newyourk,2025-01-06T11:00:00,28.5,28.5,22.1,76.6,0.012,100,"rain,snow",0,0,6,0.8,30,1011.4,100,1,47,0.2,0,,"Snow, Rain, Overcast",snow,"72505394728,KEWR,KLGA,72502014734,F1417,KNYC,72503014732"
newyourk,2025-01-06T12:00:00,29.2,29.2,22.5,75.73,0.011,100,"rain,snow",0,0,4.9,2.1,18,1010,100,1.9,33,0.1,0,,"Snow, Rain, Overcast",snow,"72505394728,KEWR,KLGA,72502014734,F1417,KNYC,72503014732"
newyourk,2025-01-06T13:00:00,28.5,21.3,23.1,79.88,0.028,100,"rain,snow",0.04,1.18,5.8,6.9,33,1008.4,100,0.9,89,0.3,1,,"Snow, Rain, Overcast",snow,"72505394728,KEWR,KLGA,72502014734,F1417,KNYC,72503014732"
newyourk,2025-01-06T14:00:00,29.1,21.1,23.7,80.01,0.011,100,"rain,snow",0.04,0,8.9,8.4,23,1007,100,1.7,67,0.2,1,,"Snow, Rain, Overcast",snow,"72505394728,KEWR,KLGA,F1417,KNYC,72503014732"
newyourk,2025-01-06T15:00:00,29.5,21.4,22.9,76.08,0,0,"rain,snow",0.04,0,11.6,8.6,14,1006.2,95.7,8.5,55,0.2,1,,Overcast,cloudy,"72505394728,KEWR,KLGA,72502014734,F1417,KNYC,72503014732"
newyourk,2025-01-06T16:00:00,30.1,21.6,22,71.58,0,0,,0,0,12.3,9.5,354,1005.4,88.9,9.9,23,0.1,0,,Partially cloudy,partly-cloudy-day,"72505394728,KEWR,KLGA,72502014734,F1417,KNYC,72503014732"
newyourk,2025-01-06T17:00:00,30.1,21.6,20.9,68.24,0,0,,0,0,11.9,9.5,14,1005.1,96.7,9.9,0,0,0,,Overcast,cloudy,"72505394728,KEWR,KLGA,72502014734,F1417,KNYC,72503014732"
newyourk,2025-01-06T18:00:00,29.3,20.2,20.2,68.32,0,0,,0,0,29.9,10.4,10,1004.5,93.1,9.9,0,0,0,,Overcast,cloudy,"72505394728,KEWR,KLGA,72502014734,F1417,KNYC,72503014732"
newyourk,2025-01-06T19:00:00,28.6,18.3,20.1,70.29,0,0,,0,1.18,28.9,12.3,340,1003.8,91.4,9.9,0,0,0,,Overcast,cloudy,"72505394728,KEWR,KLGA,72502014734,F1417,KNYC,72503014732"
newyourk,2025-01-06T20:00:00,27.4,17.5,19,70.02,0,0,,0,0,17.4,11,358,1003.6,97.3,9.9,0,0,0,,Overcast,cloudy,"72505394728,KEWR,KLGA,72502014734,F1417,KNYC,72503014732"
newyourk,2025-01-06T21:00:00,25.8,14.9,16,66.1,0,0,,0,0,22.6,12.1,354,1003.4,99.2,9.9,0,0,0,,Overcast,cloudy,"72505394728,KEWR,KLGA,72502014734,F1417,KNYC,72503014732"
newyourk,2025-01-06T22:00:00,24.6,14.3,12.6,59.71,0,0,,0,0,31.1,10.4,346,1004.2,100,9.9,0,0,0,,Overcast,cloudy,"72505394728,KEWR,KLGA,72502014734,F1417,KNYC,72503014732"
newyourk,2025-01-06T23:00:00,23.7,13.4,11,57.79,0,0,,0,0,35.3,10.2,328,1005.1,100,9.9,0,0,0,,Overcast,cloudy,"72505394728,KEWR,KLGA,72502014734,F1417,KNYC,72503014732"
newyourk,2025-01-07T00:00:00,22.3,11.2,8.1,53.81,0,0,,0,0,29.4,10.8,328,1006,92.3,9.9,0,0,0,,Overcast,cloudy,"72505394728,KEWR,KLGA,72502014734,F1417,KNYC,72503014732"
newyourk,2025-01-07T01:00:00,19.7,5.4,4.9,52.12,0,0,,0,1.18,33.7,15.9,314,1006.8,36.7,9.9,0,0,0,,Partially cloudy,partly-cloudy-night,"72505394728,KEWR,KLGA,72502014734,F1417,KNYC,72503014732"
newyourk,2025-01-07T02:00:00,19.5,5.9,5.6,54.31,0,0,,0,0,27.8,14.3,310,1006.8,25.5,9.9,0,0,0,,Partially cloudy,partly-cloudy-night,"72505394728,KEWR,KLGA,72502014734,F1417,KNYC,72503014732"
newyourk,2025-01-07T03:00:00,20.4,6.3,6.9,55.31,0,0,,0,0,30,16.1,308,1007.2,14.1,9.9,0,0,0,,Clear,clear-night,"72505394728,KEWR,KLGA,72502014734,F1417,KNYC,72503014732"
newyourk,2025-01-07T04:00:00,21.1,7.3,6.9,53.7,0,0,,0,0,32.5,16,308,1007.2,37,9.9,0,0,0,,Partially cloudy,partly-cloudy-night,"72505394728,KEWR,KLGA,72502014734,F1417,KNYC,72503014732"
newyourk,2025-01-07T05:00:00,22.1,7.5,7.5,52.88,0,0,,0,0,33.2,18.6,309,1007.5,56.2,9.9,0,0,0,,Partially cloudy,partly-cloudy-night,"72505394728,KEWR,KLGA,72502014734,F1417,KNYC,72503014732"
newyourk,2025-01-07T06:00:00,22.5,9.9,8.5,54.36,0,0,,0,0,31.1,14,302,1007.8,14.1,9.9,0,0,0,,Clear,clear-night,"72505394728,KEWR,KLGA,72502014734,F1417,KNYC,72503014732"
newyourk,2025-01-07T07:00:00,22.5,9.5,7.5,51.88,0,0,,0,1.18,33.5,15,302,1008.4,10.5,9.9,0,0,0,,Clear,clear-night,"72505394728,KEWR,KLGA,72502014734,F1417,KNYC,72503014732"
newyourk,2025-01-07T08:00:00,23.4,11.8,8.1,51.24,0,0,,0,0,31.9,12.5,306,1008.8,10.5,9.9,43,0.2,0,,Clear,clear-day,"72505394728,KEWR,KLGA,72502014734,F1417,KNYC,72503014732"
newyourk,2025-01-07T09:00:00,24.4,10.5,7.5,48.05,0,0,,0,0,35.8,18.5,295,1009,10.5,9.9,171,0.6,2,,Clear,clear-day,"72505394728,KEWR,KLGA,72502014734,F1417,KNYC,72503014732"
newyourk,2025-01-07T10:00:00,24.9,11.8,6.9,45.75,0,0,,0,0,37.8,16.8,285,1009.5,14.1,9.9,417,1.5,4,,Clear,clear-day,"72505394728,KEWR,KLGA,72502014734,F1417,KNYC,72503014732"
newyourk,2025-01-07T11:00:00,26.6,12.9,8,44.77,0,0,,0,0,38.7,20.2,292,1009,14.1,9.9,484,1.7,5,,Clear,clear-day,"72505394728,KEWR,KLGA,72502014734,F1417,KNYC,72503014732"
newyourk,2025-01-07T12:00:00,29.4,17.5,9.8,43.28,0,0,,0,0,38.5,16.9,289,1008.1,10.5,9.9,509,1.8,5,,Clear,clear-day,"72505394728,KEWR,KLGA,72502014734,F1417,KNYC,72503014732"
newyourk,2025-01-07T13:00:00,30.5,18.7,11,43.8,0,0,,0,0,39.4,17.6,312,1008.1,27.1,9.9,477,1.7,5,,Partially cloudy,partly-cloudy-day,"72505394728,KEWR,KLGA,72502014734,F1417,KNYC,72503014732"
newyourk,2025-01-07T14:00:00,32.3,20.9,11,40.54,0,0,,0,0,36.6,18.2,308,1008.5,10.5,9.9,375,1.4,4,,Clear,clear-day,"72505394728,KEWR,KLGA,72502014734,F1417,KNYC,72503014732"
newyourk,2025-01-07T15:00:00,32.8,21.6,11.6,40.87,0,0,,0,0,35.1,18.1,302,1008.8,14.1,9.9,234,0.8,2,,Clear,clear-day,"72505394728,KEWR,KLGA,72502014734,F1417,KNYC,72503014732"
newyourk,2025-01-07T16:00:00,32.6,21.8,11,40.21,0,0,,0,0,38.6,16.7,307,1010.4,14.1,9.9,35,0.1,0,,Clear,clear-day,"72505394728,KEWR,KLGA,72502014734,F1417,KNYC,72503014732"
newyourk,2025-01-07T17:00:00,30.5,18.8,11,43.62,0,0,,0,0,34.2,17.6,296,1011.8,14.1,9.9,0,0,0,,Clear,clear-night,"72505394728,KEWR,KLGA,72502014734,F1417,KNYC,72503014732"
newyourk,2025-01-07T18:00:00,29.4,17.5,10,43.68,0,0,,0,0,33.6,17,292,1013,14.1,9.9,0,0,0,,Clear,clear-night,"72505394728,KEWR,KLGA,72502014734,F1417,KNYC,72503014732"
newyourk,2025-01-07T19:00:00,28.5,17.6,10.5,46.47,0,0,,0,0,32.1,13.6,294,1013.4,28,9.9,0,0,0,,Partially cloudy,partly-cloudy-night,"72505394728,KEWR,KLGA,72502014734,F1417,KNYC,72503014732"
newyourk,2025-01-07T20:00:00,27.4,15.4,9.6,46.59,0,0,,0,0,30.9,15.9,308,1014.3,50,9.9,0,0,0,,Partially cloudy,partly-cloudy-night,"72505394728,KEWR,KLGA,72502014734,F1417,KNYC,72503014732"
newyourk,2025-01-07T21:00:00,27.4,14.9,10.2,47.75,0,0,,0,0,30.4,17.2,302,1014.6,95.7,9.9,0,0,0,,Overcast,cloudy,"72505394728,KEWR,KLGA,72502014734,F1417,KNYC,72503014732"
newyourk,2025-01-07T22:00:00,27.4,15.1,10.5,48.53,0,0,,0,0,29.9,16.7,300,1014.7,95.7,9.9,0,0,0,,Overcast,cloudy,"72505394728,KEWR,KLGA,72502014734,F1417,KNYC,72503014732"
newyourk,2025-01-07T23:00:00,27.4,15.1,10.3,48.1,0,0,,0,0,32.3,16.5,305,1014.9,95.7,9.9,0,0,0,,Overcast,cloudy,"72505394728,KEWR,KLGA,72502014734,F1417,KNYC,72503014732"
newyourk,2025-01-08T00:00:00,27.2,14.8,9.4,46.56,0,0,,0,0,30.2,16.9,302,1014.6,82.6,9.9,0,0,0,,Partially cloudy,partly-cloudy-night,"72505394728,KEWR,KLGA,72502014734,F1417,KNYC,72503014732"
newyourk,2025-01-08T01:00:00,27.2,16,8.4,44.4,0,0,,0,0,29.1,13.7,314,1014.5,19.2,9.9,0,0,0,,Clear,clear-night,"72505394728,KEWR,KLGA,72502014734,F1417,KNYC,72503014732"
newyourk,2025-01-08T02:00:00,26.3,13.7,6.7,42.9,0,0,,0,0,31.8,16.5,288,1014.5,14.1,9.9,0,0,0,,Clear,clear-night,"72505394728,KEWR,KLGA,72502014734,F1417,KNYC,72503014732"
newyourk,2025-01-08T03:00:00,26.4,14.4,7.4,43.88,0,0,,0,0,29.7,15,288,1014.8,56.2,9.9,0,0,0,,Partially cloudy,partly-cloudy-night,"72505394728,KEWR,KLGA,72502014734,F1417,KNYC,72503014732"
newyourk,2025-01-08T04:00:00,26.3,14.4,7.7,44.72,0,0,,0,0,33.6,14.7,290,1014.5,50.9,9.9,0,0,0,,Partially cloudy,partly-cloudy-night,"72505394728,KEWR,KLGA,72502014734,F1417,KNYC,72503014732"
newyourk,2025-01-08T05:00:00,25.7,14.6,6.8,44.13,0,0,,0,0,29.4,12.5,302,1014.7,65,9.9,0,0,0,,Partially cloudy,partly-cloudy-night,"72505394728,KEWR,KLGA,72502014734,F1417,KNYC,72503014732"
newyourk,2025-01-08T06:00:00,25.3,11.6,5.9,42.94,0,0,,0,0,33,18.8,311,1014.7,19.2,9.9,0,0,0,,Clear,clear-night,"72505394728,KEWR,KLGA,72502014734,F1417,KNYC,72503014732"
newyourk,2025-01-08T07:00:00,24.5,11.8,5.9,44.36,0,0,,0,0,35,15.4,302,1014.9,19.2,9.9,0,0,0,,Clear,clear-night,"72505394728,KEWR,KLGA,72502014734,F1417,KNYC,72503014732"
newyourk,2025-01-08T08:00:00,24.5,11.9,5.1,42.78,0,0,,0,0,29.4,15.2,306,1015.2,19.2,9.9,44,0.2,0,,Clear,clear-day,"72505394728,KEWR,KLGA,72502014734,F1417,KNYC,72503014732"
newyourk,2025-01-08T09:00:00,25,13.7,5.3,42.28,0,0,,0,0,28.7,12.8,290,1015,42.1,9.9,139,0.5,1,,Partially cloudy,partly-cloudy-day,"72505394728,KEWR,KLGA,72502014734,F1417,KNYC,72503014732"
newyourk,2025-01-08T10:00:00,26.8,13.7,6.3,41.26,0,0,,0,0,37,18.2,306,1014.4,56.2,9.9,320,1.2,3,,Partially cloudy,partly-cloudy-day,"72505394728,KEWR,KLGA,72502014734,F1417,KNYC,72503014732"
newyourk,2025-01-08T11:00:00,27.9,13.7,5.5,37.83,0,0,,0,0,36.2,23,290,1013.7,80.1,9.9,454,1.6,5,,Partially cloudy,partly-cloudy-day,"72505394728,KEWR,KLGA,72502014734,F1417,KNYC,72503014732"
newyourk,2025-01-08T12:00:00,27.9,14.5,4.5,36.28,0,0,,0,0,38.3,20.4,295,1012.2,42.1,9.9,579,2.1,6,,Partially cloudy,partly-cloudy-day,"72505394728,KEWR,KLGA,72502014734,F1417,KNYC,72503014732"
newyourk,2025-01-08T13:00:00,29.7,17.6,3.8,32.58,0,0,,0,0,34.6,18,295,1011.2,42.1,9.9,506,1.8,5,,Partially cloudy,partly-cloudy-day,"72505394728,KEWR,KLGA,72502014734,F1417,KNYC,72503014732"
newyourk,2025-01-08T14:00:00,29.7,17.6,2.7,30.96,0,0,,0,0,35.1,18.1,294,1010.4,42.1,9.9,408,1.5,4,,Partially cloudy,partly-cloudy-day,"72505394728,KEWR,KLGA,72502014734,F1417,KNYC,72503014732"
newyourk,2025-01-08T15:00:00,29.5,17.6,2.8,31.33,0,0,,0,0,38,17.2,292,1009.7,19.2,9.9,242,0.9,2,,Clear,clear-day,"72505394728,KEWR,KLGA,72502014734,F1417,KNYC,72503014732"
newyourk,2025-01-08T16:00:00,27.9,15.8,3.5,34.6,0,0,,0,0,36.8,16.5,280,1009.8,35.9,9.9,57,0.2,1,,Partially cloudy,partly-cloudy-day,"72505394728,KEWR,KLGA,72502014734,F1417,KNYC,72503014732"
newyourk,2025-01-08T17:00:00,26.4,12.5,3.4,36.59,0,0,,0,0,37.9,20.5,292,1009.9,10.5,9.9,0,0,0,,Clear,clear-night,"72505394728,KEWR,KLGA,72502014734,F1417,KNYC,72503014732"
newyourk,2025-01-08T18:00:00,24.7,12.4,2.8,38.23,0,0,,0,0,33.2,14.7,290,1010.1,10.5,9.9,0,0,0,,Clear,clear-night,"72505394728,KEWR,KLGA,72502014734,F1417,KNYC,72503014732"
newyourk,2025-01-08T19:00:00,23.4,12,3.7,41.93,0,0,,0,0,32.3,11.9,282,1010.4,41.2,9.9,0,0,0,,Partially cloudy,partly-cloudy-night,"72505394728,KEWR,KLGA,72502014734,F1417,KNYC,72503014732"
newyourk,2025-01-08T20:00:00,23.6,10.8,4.4,42.93,0,0,,0,0,29.2,15.3,290,1010,41.2,9.9,0,0,0,,Partially cloudy,partly-cloudy-night,"72505394728,KEWR,KLGA,72502014734,F1417,KNYC,72503014732"
newyourk,2025-01-08T21:00:00,23.3,7.6,5.3,45.5,0,0,,0,0,35.6,22.9,300,1009.8,70.3,9.9,0,0,0,,Partially cloudy,partly-cloudy-night,"72505394728,KEWR,KLGA,72502014734,F1417,KNYC,72503014732"
newyourk,2025-01-08T22:00:00,23.5,8.5,5.3,45.12,0,0,,0,0,33.6,20.8,296,1009.2,73.9,9.9,0,0,0,,Partially cloudy,partly-cloudy-night,"72505394728,KEWR,KLGA,72502014734,F1417,KNYC,72503014732"
newyourk,2025-01-08T23:00:00,23.3,9.5,4.4,43.64,0,0,,0,0,30.1,17.2,292,1008.7,20.3,9.9,0,0,0,,Partially cloudy,partly-cloudy-night,"72505394728,KEWR,KLGA,72502014734,F1417,KNYC,72503014732"
newyourk,2025-01-09T00:00:00,23.1,10.4,5.3,45.86,0,0,,0,0,28.7,14.3,286,1008.2,30.7,9.9,0,0,0,,Partially cloudy,partly-cloudy-night,"72505394728,KEWR,KLGA,72502014734,F1417,KNYC,72503014732"
newyourk,2025-01-09T01:00:00,22.4,10.1,5.3,47.21,0,0,,0,0,30.7,13.1,292,1007.5,30.7,9.9,0,0,0,,Partially cloudy,partly-cloudy-night,"72505394728,KEWR,KLGA,72502014734,F1417,KNYC,72503014732"
newyourk,2025-01-09T02:00:00,23.3,10.1,5.5,45.89,0,0,,0,0,32.2,15.7,288,1007.1,89.5,9.9,0,0,0,,Partially cloudy,partly-cloudy-night,"72505394728,KEWR,KLGA,72502014734,F1417,KNYC,72503014732"
newyourk,2025-01-09T03:00:00,24.4,13.4,5.6,44.17,0,0,,0,0,30.2,11.6,306,1006.8,95.7,9.9,0,0,0,,Overcast,cloudy,"72505394728,KEWR,KLGA,72502014734,F1417,KNYC,72503014732"
newyourk,2025-01-09T04:00:00,24.2,11.4,5.6,44.51,0,0,,0,0,32.7,15.4,300,1006.4,92,9.9,0,0,0,,Overcast,cloudy,"72505394728,KEWR,KLGA,72502014734,F1417,KNYC,72503014732"
newyourk,2025-01-09T05:00:00,23.6,9.2,5.9,46.01,0,0,,0,0,36.3,19.4,302,1005.9,28,9.9,0,0,0,,Partially cloudy,partly-cloudy-night,"72505394728,KEWR,KLGA,72502014734,F1417,KNYC,72503014732"
newyourk,2025-01-09T06:00:00,23.5,8,6.6,47.96,0,0,,0,0,41.7,22.6,310,1006.3,28,9.9,0,0,0,,Partially cloudy,partly-cloudy-night,"72505394728,KEWR,KLGA,72502014734,F1417,KNYC,72503014732"
newyourk,2025-01-09T07:00:00,23.5,12.5,6.4,47.53,0,0,,0,0,30.4,11.1,300,1006.6,15.6,9.9,0,0,0,,Clear,clear-night,"72505394728,KEWR,KLGA,72502014734,F1417,KNYC,72503014732"
newyourk,2025-01-09T08:00:00,23.4,8.6,6.4,47.56,0,0,,0,0,37.9,20.6,300,1006.9,32.3,9.9,42,0.2,0,,Partially cloudy,partly-cloudy-day,"72505394728,KEWR,KLGA,72502014734,F1417,KNYC,72503014732"
newyourk,2025-01-09T09:00:00,24.9,12.3,6.8,45.54,0,0,,0,0,30.9,15.4,302,1007.4,15.6,9.9,128,0.5,1,,Clear,clear-day,"72505394728,KEWR,KLGA,72502014734,F1417,KNYC,72503014732"
newyourk,2025-01-09T10:00:00,26.9,15.8,7.5,43.33,0,0,,0,0,31.1,13.1,292,1007.4,15.6,9.9,407,1.5,4,,Clear,clear-day,"72505394728,KEWR,KLGA,72502014734,F1417,KNYC,72503014732"
newyourk,2025-01-09T11:00:00,29,14.4,8.5,41.65,0,0,,0,0,41.1,25.9,304,1007.3,19.2,9.9,475,1.7,5,,Clear,clear-day,"72505394728,KEWR,KLGA,72502014734,F1417,KNYC,72503014732"
newyourk,2025-01-09T12:00:00,30.2,19.6,9.4,41.17,0,0,,0,0,38.6,14.4,294,1006.6,15.6,9.9,506,1.8,5,,Clear,clear-day,"72505394728,KEWR,KLGA,72502014734,F1417,KNYC,72503014732"
newyourk,2025-01-09T13:00:00,31.6,20,10.5,40.81,0,0,,0,0,39.3,18.2,297,1006.5,15.6,9.9,472,1.7,5,,Clear,clear-day,"72505394728,KEWR,KLGA,72502014734,F1417,KNYC,72503014732"
newyourk,2025-01-09T14:00:00,32.9,21.8,11.6,40.71,0,0,,0,0,38.7,17.8,302,1005.9,15.6,9.9,374,1.3,4,,Clear,clear-day,"72505394728,KEWR,KLGA,72502014734,F1417,KNYC,72503014732"
newyourk,2025-01-09T15:00:00,33.8,22.8,11.6,39.22,0,0,,0,0,40.4,18.4,304,1006.8,10.5,9.9,239,0.9,2,,Clear,clear-day,"72505394728,KEWR,KLGA,72502014734,F1417,KNYC,72503014732"
newyourk,2025-01-09T16:00:00,32.7,20.9,12.5,42.72,0,0,,0,0,37,20.2,302,1007.8,10.5,9.9,55,0.2,1,,Clear,clear-day,"72505394728,KEWR,KLGA,72502014734,F1417,KNYC,72503014732"
newyourk,2025-01-09T17:00:00,30.5,18,12.5,46.83,0,0,,0,0,35.9,19.9,298,1008.3,10.5,9.9,0,0,0,,Clear,clear-night,"72505394728,KEWR,KLGA,72502014734,F1417,KNYC,72503014732"
newyourk,2025-01-09T18:00:00,29.5,15.5,13.5,50.87,0,0,,0,0,40.9,24.4,304,1008.8,10.5,9.9,0,0,0,,Clear,clear-night,"72505394728,KEWR,KLGA,72502014734,F1417,KNYC,72503014732"
newyourk,2025-01-09T19:00:00,29.4,17,13.3,50.57,0,0,,0,0,34.5,18.5,302,1009.7,10.5,9.9,0,0,0,,Clear,clear-night,"72505394728,KEWR,KLGA,72502014734,F1417,KNYC,72503014732"
newyourk,2025-01-09T20:00:00,29.2,17.3,14.3,53.1,0,0,,0,0,33,17.1,308,1010.1,10.5,9.9,0,0,0,,Clear,clear-night,"72505394728,KEWR,KLGA,72502014734,F1417,KNYC,72503014732"
newyourk,2025-01-09T21:00:00,28.7,16.9,14.3,54.31,0,0,,0,0,31.5,16.3,304,1011,10.5,9.9,0,0,0,,Clear,clear-night,"72505394728,KEWR,KLGA,72502014734,F1417,KNYC,72503014732"
newyourk,2025-01-09T22:00:00,28.5,15.9,14.3,54.77,0,0,,0,0,35.2,18.4,310,1011.3,10.5,9.9,0,0,0,,Clear,clear-night,"72505394728,KEWR,KLGA,72502014734,F1417,KNYC,72503014732"
newyourk,2025-01-09T23:00:00,28.5,16.9,13.5,53.09,0,0,,0,0,33,15.6,302,1011.8,4.4,9.9,0,0,0,,Clear,clear-night,"72505394728,KEWR,KLGA,72502014734,F1417,KNYC,72503014732"
newyourk,2025-01-10T00:00:00,28.3,16.7,14.3,55.09,0,0,,0,0,30.5,15.6,294,1012.1,0,9.9,0,0,0,,Clear,clear-night,"72505394728,KEWR,KLGA,72502014734,F1417,KNYC,72503014732"
newyourk,2025-01-10T01:00:00,28.3,16.8,14.1,54.64,0,0,,0,0,30.5,15.3,308,1012.1,0,9.9,0,0,0,,Clear,clear-night,"72505394728,KEWR,KLGA,72502014734,F1417,KNYC,72503014732"
newyourk,2025-01-10T02:00:00,28.3,16.7,14.1,54.64,0,0,,0,0,28,15.5,305,1011.9,0,9.9,0,0,0,,Clear,clear-night,"72505394728,KEWR,KLGA,72502014734,F1417,KNYC,72503014732"
newyourk,2025-01-10T03:00:00,28.1,16.6,14.1,55.06,0,0,,0,0,32.9,15.1,304,1012.7,0,9.9,0,0,0,,Clear,clear-night,"72505394728,KEWR,KLGA,72502014734,F1417,KNYC,72503014732"
newyourk,2025-01-10T04:00:00,27.4,16.2,14.1,56.69,0,0,,0,0,29.7,13.8,308,1012,0,9.9,0,0,0,,Clear,clear-night,"72505394728,KEWR,KLGA,72502014734,F1417,KNYC,72503014732"
newyourk,2025-01-10T05:00:00,27.4,16.2,13.4,54.95,0,0,,0,0,24.9,14,304,1012.3,0,9.9,0,0,0,,Clear,clear-night,"72505394728,KEWR,KLGA,72502014734,F1417,KNYC,72503014732"
newyourk,2025-01-10T06:00:00,27.4,17.6,13.4,54.95,0,0,,0,0,28.2,10.8,305,1013.9,0,9.9,0,0,0,,Clear,clear-night,"72505394728,KEWR,KLGA,72502014734,F1417,KNYC,72503014732"
newyourk,2025-01-10T07:00:00,28.3,16.6,13.1,52.35,0,0,,0,0,28,15.7,306,1013.9,4.4,9.9,0,0,0,,Clear,clear-night,"72505394728,KEWR,KLGA,72502014734,F1417,KNYC,72503014732"
newyourk,2025-01-10T08:00:00,28.5,19.6,13.1,52.04,0,0,,0,0,21.9,9.5,277,1014.5,14.1,9.9,47,0.2,0,,Clear,clear-day,"72505394728,KEWR,KLGA,72502014734,F1417,KNYC,72503014732"
newyourk,2025-01-10T09:00:00,30.3,19.2,13.1,48.36,0,0,,0,0,24.2,15.6,304,1014.8,14.1,9.9,147,0.5,1,,Clear,clear-day,"72505394728,KEWR,KLGA,72502014734,F1417,KNYC,72503014732"
newyourk,2025-01-10T10:00:00,31.9,24.1,13.5,46.24,0,0,,0,0,23,9.1,320,1014.9,25.5,9.9,391,1.4,4,,Partially cloudy,partly-cloudy-day,"72505394728,KEWR,KLGA,72502014734,F1417,KNYC,72503014732"
newyourk,2025-01-10T11:00:00,34,26.5,13.1,41.61,0,0,,0,0,21.9,9.3,318,1014.2,19.2,9.9,489,1.8,5,,Clear,clear-day,"72505394728,KEWR,KLGA,72502014734,F1417,KNYC,72503014732"
newyourk,2025-01-10T12:00:00,36.2,26.9,13.4,38.66,0,0,,0,0,23,15,320,1013.2,25.5,9.9,481,1.7,5,,Partially cloudy,partly-cloudy-day,"72505394728,KEWR,KLGA,72502014734,F1417,KNYC,72503014732"
newyourk,2025-01-10T13:00:00,38,31.7,13.1,35.6,0,0,,0,0,18.3,8.7,289,1012.2,34.2,9.9,398,1.4,4,,Partially cloudy,partly-cloudy-day,"72505394728,KEWR,KLGA,72502014734,F1417,KNYC,72503014732"
newyourk,2025-01-10T14:00:00,39.5,33.5,13.7,34.54,0,0,,0,0,25.8,8.9,304,1011.6,34.2,9.9,303,1.1,3,,Partially cloudy,partly-cloudy-day,"72505394728,KEWR,KLGA,72502014734,F1417,KNYC,72503014732"
newyourk,2025-01-10T15:00:00,39.5,33.4,14.3,35.31,0,0,,0,0,21.9,9.2,279,1011.8,34.2,9.9,122,0.4,1,,Partially cloudy,partly-cloudy-day,"72505394728,KEWR,KLGA,72502014734,F1417,KNYC,72503014732"
newyourk,2025-01-10T16:00:00,38.4,32.2,14,36.42,0,0,,0,0,12.3,8.9,277,1011.7,34.2,9.9,48,0.2,0,,Partially cloudy,partly-cloudy-day,"72505394728,KEWR,KLGA,72502014734,F1417,KNYC,72503014732"
newyourk,2025-01-10T17:00:00,37.5,32.4,14.3,38.17,0,0,,0,0,9.4,6.6,303,1011.2,34.2,9.9,0,0,0,,Partially cloudy,partly-cloudy-night,"72505394728,KEWR,KLGA,72502014734,F1417,KNYC,72503014732"
newyourk,2025-01-10T18:00:00,36.4,29.5,14.4,40.12,0,0,,0,0,8.3,9.3,282,1011,34.2,9.9,0,0,0,,Partially cloudy,partly-cloudy-night,"72505394728,KEWR,KLGA,72502014734,F1417,KNYC,72503014732"
newyourk,2025-01-10T19:00:00,36.4,31.6,15.2,41.42,0,0,,0,0,7.6,5.9,280,1010.6,36,9.9,0,0,0,,Partially cloudy,partly-cloudy-night,"72505394728,KEWR,KLGA,72502014734,F1417,KNYC,72503014732"
newyourk,2025-01-10T20:00:00,36.2,32.4,15.6,42.63,0,0,,0,0,7.6,4.6,291,1009.4,36,9.9,0,0,0,,Partially cloudy,partly-cloudy-night,"72505394728,KEWR,KLGA,72502014734,F1417,KNYC,72503014732"
newyourk,2025-01-10T21:00:00,35.4,30.2,15.5,43.74,0,0,,0,0,6.9,6.2,281,1009.4,38.5,9.9,0,0,0,,Partially cloudy,partly-cloudy-night,"72505394728,KEWR,KLGA,72502014734,F1417,KNYC,72503014732"
newyourk,2025-01-10T22:00:00,35.3,32,15.4,43.72,0,0,,0,0,6.3,3.9,290,1008.2,93.1,9.9,0,0,0,,Overcast,cloudy,"72505394728,KEWR,KLGA,72502014734,F1417,KNYC,72503014732"
newyourk,2025-01-10T23:00:00,35.3,31.8,15.4,43.72,0,0,,0,0,5.1,4.1,313,1007,100,9.9,0,0,0,,Overcast,cloudy,"72505394728,KEWR,KLGA,72502014734,F1417,KNYC,72503014732"
newyourk,2025-01-11T00:00:00,35.1,35.1,15.6,44.51,0,0,,0,0,4,2.2,312,1006.4,100,9.9,0,0,0,,Overcast,cloudy,"72505394728,KEWR,KLGA,72502014734,F1417,KNYC,72503014732"
newyourk,2025-01-11T01:00:00,34.3,31.1,15.2,45.06,0,0,,0,0,6,3.6,302,1006,100,9.9,0,0,0,,Overcast,cloudy,"72505394728,KEWR,KLGA,72502014734,F1417,KNYC,72503014732"
newyourk,2025-01-11T02:00:00,34.2,34.2,16.1,47.13,0,0,,0,0,5.1,0.8,0,1005.1,100,9.9,0,0,0,,Overcast,cloudy,"72505394728,KEWR,KLGA,72502014734,F1417,KNYC,72503014732"
newyourk,2025-01-11T03:00:00,34,29.5,16.2,47.81,0,0,,0,0,5.4,4.9,208,1003.7,100,9.9,0,0,0,,Overcast,cloudy,"72505394728,KEWR,KLGA,72502014734,F1417,KNYC,72503014732"
newyourk,2025-01-11T04:00:00,32.1,24.9,18.8,57.67,0,0,"rain,snow",0.04,0,19.7,8,225,1003.5,100,5.5,0,0,0,,Overcast,cloudy,"72505394728,KEWR,KLGA,72502014734,F1417,KNYC,72503014732"
newyourk,2025-01-11T05:00:00,28.5,23.3,21.9,75.77,0.013,100,"rain,snow",0,0,6.9,4.7,241,1002,100,1,0,0,0,,"Snow, Rain, Overcast",snow,"72505394728,KEWR,KLGA,72502014734,F1417,KNYC,72503014732"
newyourk,2025-01-11T06:00:00,28.9,28.9,22.3,76.16,0.007,100,"rain,snow",0,0,6.3,1.6,334,1000.9,100,6.7,0,0,0,,"Snow, Rain, Overcast",snow,"72505394728,KEWR,KLGA,72502014734,F1417,KNYC,72503014732"
newyourk,2025-01-11T07:00:00,28.5,22.3,22.7,78.59,0.003,100,"rain,snow",0.04,1.18,6.3,5.8,289,1000.3,100,9.4,0,0,0,,"Snow, Rain, Overcast",snow,"72505394728,KEWR,KLGA,72502014734,F1417,KNYC,72503014732"
newyourk,2025-01-11T08:00:00,29.2,23.8,22.6,76.17,0,0,"rain,snow",0.08,0,5.8,4.9,312,1000,98.9,9.6,12,0,0,,Overcast,cloudy,"72505394728,KEWR,KLGA,F1417,KNYC,72503014732"
newyourk,2025-01-11T09:00:00,29.4,25.7,22.7,75.93,0,0,"rain,snow",0.04,0,6.7,3.5,296,999.8,98.2,9.9,58,0.2,1,,Overcast,cloudy,"72505394728,KEWR,KLGA,72502014734,F1417,KNYC,72503014732"
newyourk,2025-01-11T10:00:00,30.2,24.3,23,74.12,0,0,,0,0,8.5,5.8,285,999.8,100,9.9,150,0.5,2,,Overcast,cloudy,"72505394728,KEWR,KLGA,F1417,KNYC,72503014732"
newyourk,2025-01-11T11:00:00,31.3,23.3,22.5,69.52,0,0,,0,0,10.5,9.1,316,998.9,98.2,9.9,236,0.8,2,,Overcast,cloudy,"72505394728,KEWR,KLGA,72502014734,F1417,KNYC,72503014732"
newyourk,2025-01-11T12:00:00,32.7,26.1,23,66.99,0,0,,0,0,13.2,7.5,328,997.9,98.2,9.9,335,1.2,3,,Overcast,cloudy,"72505394728,KEWR,KLGA,72502014734,F1417,KNYC,72503014732"
newyourk,2025-01-11T13:00:00,33.8,26.1,21.8,61.11,0,0,,0,0,20.8,9.9,302,997.6,88.9,9.9,413,1.5,4,,Partially cloudy,partly-cloudy-day,"72505394728,KEWR,KLGA,72502014734,F1417,KNYC,72503014732"
newyourk,2025-01-11T14:00:00,34.6,25.9,21.1,57.47,0,0,,0,0,25.3,12.2,302,997.8,95.7,9.9,174,0.6,2,,Overcast,cloudy,"72505394728,KEWR,KLGA,72502014734,F1417,KNYC,72503014732"
newyourk,2025-01-11T15:00:00,35.4,28.3,21,55.37,0,0,,0,0,29.9,9.3,306,998.5,95.7,9.9,106,0.4,1,,Overcast,cloudy,"72505394728,KEWR,KLGA,72502014734,F1417,KNYC,72503014732"
newyourk,2025-01-11T16:00:00,36.2,28.8,20.1,51.72,0,0,,0,0,22.2,10.2,308,999.5,95.7,9.9,33,0.1,0,,Overcast,cloudy,"72505394728,KEWR,KLGA,72502014734,F1417,KNYC,72503014732"
newyourk,2025-01-11T17:00:00,35.1,25.4,18.8,50.94,0,0,,0,0,29.5,15.6,311,1001.3,95.7,9.9,0,0,0,,Overcast,cloudy,"72505394728,KEWR,KLGA,72502014734,F1417,KNYC,72503014732"
newyourk,2025-01-11T18:00:00,33.4,23.3,17.5,51.8,0,0,,0,0,28.2,15.2,302,1002.9,65,9.9,0,0,0,,Partially cloudy,partly-cloudy-night,"72505394728,KEWR,KLGA,72502014734,F1417,KNYC,72503014732"
newyourk,2025-01-11T19:00:00,32.4,22.3,17.1,52.71,0,0,,0,0,25.4,14.7,299,1004.2,19.2,9.9,0,0,0,,Clear,clear-night,"72505394728,KEWR,KLGA,72502014734,F1417,KNYC,72503014732"
newyourk,2025-01-11T20:00:00,32,21.7,15.4,49.87,0,0,,0,0,32.7,14.7,299,1005.4,15.6,9.9,0,0,0,,Clear,clear-night,"72505394728,KEWR,KLGA,72502014734,F1417,KNYC,72503014732"
newyourk,2025-01-11T21:00:00,31.3,21.2,15.7,52.15,0,0,,0,0,27,13.6,315,1006.7,10.5,9.9,0,0,0,,Clear,clear-night,"72505394728,KEWR,KLGA,72502014734,F1417,KNYC,72503014732"
newyourk,2025-01-11T22:00:00,31.3,21.1,15.5,51.64,0,0,,0,0,27.6,14,308,1007.2,10.5,9.9,0,0,0,,Clear,clear-night,"72505394728,KEWR,KLGA,72502014734,F1417,KNYC,72503014732"
newyourk,2025-01-11T23:00:00,31.1,22.4,16.1,53.3,0,0,,0,0,22.4,10.3,306,1007.9,10.5,9.9,0,0,0,,Clear,clear-night,"72505394728,KEWR,KLGA,72502014734,F1417,KNYC,72503014732"
newyourk,2025-01-12T00:00:00,31.1,23.4,16.2,53.66,0,0,,0,0,20.8,8.5,316,1008.5,10.5,9.9,0,0,0,,Clear,clear-night,"72505394728,KEWR,KLGA,72502014734,F1417,KNYC,72503014732"
newyourk,2025-01-12T01:00:00,31.1,22.7,17.2,56.01,0,0,,0,0,19.7,9.7,301,1009.5,10.5,9.9,0,0,0,,Clear,clear-night,"72505394728,KEWR,KLGA,72502014734,F1417,KNYC,72503014732"
newyourk,2025-01-12T02:00:00,30.9,22.4,18.9,60.49,0,0,,0,0,18.3,9.9,297,1010.2,15.6,9.9,0,0,0,,Clear,clear-night,"72505394728,KEWR,KLGA,72502014734,F1417,KNYC,72503014732"
newyourk,2025-01-12T03:00:00,31.3,24.7,19.8,62.17,0,0,,0,0,14.3,6.9,293,1010.8,25.5,9.9,0,0,0,,Partially cloudy,partly-cloudy-night,"72505394728,KEWR,KLGA,72502014734,F1417,KNYC,72503014732"
newyourk,2025-01-12T04:00:00,32.3,23.5,20.2,60.5,0,0,,0,0,20.8,11.3,306,1011.6,50.9,9.9,0,0,0,,Partially cloudy,partly-cloudy-night,"72505394728,KEWR,KLGA,72502014734,F1417,KNYC,72503014732"
newyourk,2025-01-12T05:00:00,33.3,25.7,20.6,59.15,0,0,,0,0,17.2,9.2,282,1012.8,95.7,9.9,0,0,0,,Overcast,cloudy,"72505394728,KEWR,KLGA,72502014734,F1417,KNYC,72503014732"
newyourk,2025-01-12T06:00:00,33.4,26.2,19.3,55.95,0,0,,0,0,23,8.5,324,1013.1,50,9.9,0,0,0,,Partially cloudy,partly-cloudy-night,"72505394728,KEWR,KLGA,72502014734,F1417,KNYC,72503014732"
newyourk,2025-01-12T07:00:00,32.3,25,18.4,56.28,0,0,,0,0,8.3,8.2,330,1013.7,10.5,9.9,0,0,0,,Clear,clear-night,"72505394728,KEWR,KLGA,72502014734,F1417,KNYC,72503014732"
newyourk,2025-01-12T08:00:00,32.4,26.3,18.4,55.86,0,0,,0,0,7.8,6.6,303,1014.1,10.5,9.9,44,0.2,0,,Clear,clear-day,"72505394728,KEWR,KLGA,72502014734,F1417,KNYC,72503014732"
newyourk,2025-01-12T09:00:00,34,28.9,19.3,54.33,0,0,,0,0,8.1,5.7,285,1015.1,10.5,9.9,175,0.6,2,,Clear,clear-day,"72505394728,KEWR,KLGA,72502014734,F1417,KNYC,72503014732"
newyourk,2025-01-12T10:00:00,36,30.2,19.4,50.56,0,0,,0,0,10.3,7.3,312,1015.8,10.5,9.9,382,1.4,4,,Clear,clear-day,"72505394728,KEWR,KLGA,72502014734,F1417,KNYC,72503014732"
newyourk,2025-01-12T11:00:00,38.2,33.2,20.2,47.99,0,0,,0,0,12.3,6.6,332,1016,10.5,9.9,479,1.7,5,,Clear,clear-day,"72505394728,KEWR,KLGA,72502014734,F1417,KNYC,72503014732"
newyourk,2025-01-12T12:00:00,40.2,36.2,20.2,44.3,0,0,,0,0,11.9,5.8,314,1015.6,10.5,9.9,502,1.8,5,,Clear,clear-day,"72505394728,KEWR,KLGA,72502014734,F1417,KNYC,72503014732"
newyourk,2025-01-12T13:00:00,41.5,36.9,20.2,42.17,0,0,,0,0,10.3,7,296,1015.3,14.1,9.9,488,1.8,5,,Clear,clear-day,"72505394728,KEWR,KLGA,72502014734,F1417,KNYC,72503014732"
newyourk,2025-01-12T14:00:00,41.9,38.3,20.4,41.87,0,0,,0,0,11.6,5.6,324,1015.2,19.2,9.9,343,1.2,3,,Clear,clear-day,"72505394728,KEWR,KLGA,72502014734,F1417,KNYC,72503014732"
newyourk,2025-01-12T15:00:00,41.5,39.2,20.2,42.17,0,0,,0,0,9.4,3.8,326,1015.7,87,9.9,96,0.3,1,,Partially cloudy,partly-cloudy-day,"72505394728,KEWR,KLGA,72502014734,F1417,KNYC,72503014732"
newyourk,2025-01-12T16:00:00,40.5,34.7,20.2,43.97,0,0,,0,0,8.5,8.9,312,1015.8,88.9,9.9,34,0.1,0,,Partially cloudy,partly-cloudy-day,"72505394728,KEWR,KLGA,72502014734,F1417,KNYC,72503014732"
newyourk,2025-01-12T17:00:00,39.5,32.8,20.2,45.71,0,0,,0,0,6.7,10.5,298,1016.2,88.9,9.9,0,0,0,,Partially cloudy,partly-cloudy-night,"72505394728,KEWR,KLGA,72502014734,F1417,KNYC,72503014732"
newyourk,2025-01-12T18:00:00,39.3,35.2,20.4,46.47,0,0,,0,0,6.5,5.5,320,1016.7,95.7,9.9,0,0,0,,Overcast,cloudy,"72505394728,KEWR,KLGA,72502014734,F1417,KNYC,72503014732"
newyourk,2025-01-12T19:00:00,39.1,34.7,20,46.01,0,0,,0,0,6.5,5.9,312,1017.4,95.7,9.9,0,0,0,,Overcast,cloudy,"72505394728,KEWR,KLGA,72502014734,F1417,KNYC,72503014732"
newyourk,2025-01-12T20:00:00,38.6,38.6,19.5,45.81,0,0,,0,0,6.7,0,0,1016.9,42.1,9.9,0,0,0,,Partially cloudy,partly-cloudy-night,"72505394728,KEWR,KLGA,72502014734,F1417,KNYC,72503014732"
newyourk,2025-01-12T21:00:00,37,37,19.6,49.04,0,0,,0,0,6.7,0.9,328,1017,88.9,9.9,0,0,0,,Partially cloudy,partly-cloudy-night,"72505394728,KEWR,KLGA,72502014734,F1417,KNYC,72503014732"
newyourk,2025-01-12T22:00:00,38.8,38.8,19.4,45.33,0,0,,0,0,6.9,2,301,1017.2,28,9.9,0,0,0,,Partially cloudy,partly-cloudy-night,"72505394728,KEWR,KLGA,72502014734,F1417,KNYC,72503014732"
newyourk,2025-01-12T23:00:00,38.2,33.3,20.7,48.98,0,0,,0,0,7.4,6.5,233,1017.4,88.9,9.9,0,0,0,,Partially cloudy,partly-cloudy-night,"72505394728,KEWR,KLGA,72502014734,F1417,KNYC,72503014732"
newyourk,2025-01-13T00:00:00,38.1,33.7,20.2,48.11,0,0,,0,0,7.6,5.7,228,1016.8,95.7,9.9,0,0,0,,Overcast,cloudy,"72505394728,KEWR,KLGA,72502014734,F1417,KNYC,72503014732"
newyourk,2025-01-13T01:00:00,37.3,37.3,20,49.11,0,0,,0,0,6.9,2.5,298,1016.5,34.2,9.9,0,0,0,,Partially cloudy,partly-cloudy-night,"72505394728,KEWR,KLGA,72502014734,F1417,KNYC,72503014732"
newyourk,2025-01-13T02:00:00,36.9,32.5,19,47.86,0,0,,0,0,6.9,5.5,260,1016.5,97.5,9.9,0,0,0,,Overcast,cloudy,"72505394728,KEWR,KLGA,72502014734,F1417,KNYC,72503014732"
newyourk,2025-01-13T03:00:00,36.1,36.1,19,49.33,0,0,,0,0,7.2,2.6,290,1016.3,52.6,9.9,0,0,0,,Partially cloudy,partly-cloudy-night,"72505394728,KEWR,KLGA,72502014734,F1417,KNYC,72503014732"
newyourk,2025-01-13T04:00:00,35.9,32.5,18.6,48.96,0,0,,0,0,8.5,4.1,198,1015.8,25.5,9.9,0,0,0,,Partially cloudy,partly-cloudy-night,"72505394728,KEWR,KLGA,72502014734,F1417,KNYC,72503014732"
newyourk,2025-01-13T05:00:00,35.2,30.4,18.9,51.1,0,0,,0,0,9.4,5.5,200,1015.4,14.1,9.9,0,0,0,,Clear,clear-night,"72505394728,KEWR,KLGA,72502014734,F1417,KNYC,72503014732"
newyourk,2025-01-13T06:00:00,34.4,28.5,19.3,53.64,0,0,,0,0,9.6,6.8,204,1015.5,10.5,9.9,0,0,0,,Clear,clear-night,"72505394728,KEWR,KLGA,72502014734,F1417,KNYC,72503014732"
newyourk,2025-01-13T07:00:00,34.4,27.7,19.2,53.31,0,0,,0,0,9.8,8.1,234,1015.5,10.5,9.9,0,0,0,,Clear,clear-night,"72505394728,KEWR,KLGA,72502014734,F1417,KNYC,72503014732"
newyourk,2025-01-13T08:00:00,33.8,27.3,19.4,55.25,0,0,,0,0,9.8,7.5,218,1015.2,14.1,9.9,74,0.3,1,,Clear,clear-day,"72505394728,KEWR,KLGA,72502014734,F1417,KNYC,72503014732"
newyourk,2025-01-13T09:00:00,35,27.6,20.1,54.27,0,0,,0,0,19.7,9.6,228,1015.3,95.7,9.9,55,0.2,1,,Overcast,cloudy,"72505394728,KEWR,KLGA,72502014734,F1417,KNYC,72503014732"
newyourk,2025-01-13T10:00:00,36.1,29.3,19.6,50.71,0,0,,0,0,12.3,9,234,1015.3,100,9.9,148,0.5,1,,Overcast,cloudy,"72505394728,KEWR,KLGA,72502014734,F1417,KNYC,72503014732"
newyourk,2025-01-13T11:00:00,37.9,31.4,19.4,46.97,0,0,,0,0,13.2,9.1,246,1014.6,98.2,9.9,197,0.7,2,,Overcast,cloudy,"72505394728,KEWR,KLGA,72502014734,F1417,KNYC,72503014732"
newyourk,2025-01-13T12:00:00,38.7,32.7,20,46.53,0,0,,0,0,14.5,8.7,232,1013.5,98.2,9.9,228,0.8,2,,Overcast,cloudy,"72505394728,KEWR,KLGA,72502014734,F1417,KNYC,72503014732"
newyourk,2025-01-13T13:00:00,40.5,38.8,20.2,43.72,0,0,,0,0,16.3,3.1,301,1012.4,98.2,9.9,91,0.3,1,,Overcast,cloudy,"72505394728,KEWR,KLGA,72502014734,F1417,KNYC,72503014732"
newyourk,2025-01-13T14:00:00,40.3,33.2,20.7,45.23,0,0,,0,0,19.2,12,233,1012,98.2,9.9,85,0.3,1,,Overcast,cloudy,"72505394728,KEWR,KLGA,72502014734,F1417,KNYC,72503014732"
newyourk,2025-01-13T15:00:00,41.9,35.6,20.9,42.66,0,0,,0,0,28.7,11.2,238,1011.5,50,9.9,237,0.9,2,,Partially cloudy,partly-cloudy-day,"72505394728,KEWR,KLGA,72502014734,F1417,KNYC,72503014732"
newyourk,2025-01-13T16:00:00,42.5,35.2,20.1,40.42,0,0,,0,0,24.8,14.5,240,1011.4,35.9,9.9,42,0.2,0,,Partially cloudy,partly-cloudy-day,"72505394728,KEWR,KLGA,72502014734,F1417,KNYC,72503014732"
newyourk,2025-01-13T17:00:00,41.6,38.4,19.9,41.34,0,0,,0,0,20.8,4.9,301,1012,88.9,9.9,0,0,0,,Partially cloudy,partly-cloudy-night,"72505394728,KEWR,KLGA,72502014734,F1417,KNYC,72503014732"
newyourk,2025-01-13T18:00:00,40.5,35.8,19.7,42.87,0,0,,0,0,23,7,254,1012.4,19.2,9.9,0,0,0,,Clear,clear-night,"72505394728,KEWR,KLGA,72502014734,F1417,KNYC,72503014732"
newyourk,2025-01-13T19:00:00,39.4,36.5,19.7,44.83,0,0,,0,0,15,4.2,304,1013,10.5,9.9,0,0,0,,Clear,clear-night,"72505394728,KEWR,KLGA,72502014734,F1417,KNYC,72503014732"
newyourk,2025-01-13T20:00:00,39.2,34.2,20.7,47.08,0,0,,0,0,17.2,7,246,1013,10.5,9.9,0,0,0,,Clear,clear-night,"72505394728,KEWR,KLGA,72502014734,F1417,KNYC,72503014732"
newyourk,2025-01-13T21:00:00,38.3,32.8,20.5,48.45,0,0,,0,0,25.8,7.5,265,1013.1,6.1,9.9,0,0,0,,Clear,clear-night,"72505394728,KEWR,KLGA,72502014734,F1417,KNYC,72503014732"
newyourk,2025-01-13T22:00:00,38.1,31,17.7,43.34,0,0,,0,0,31.1,10.7,256,1013.3,0,9.9,0,0,0,,Clear,clear-night,"72505394728,KEWR,KLGA,72502014734,F1417,KNYC,72503014732"
newyourk,2025-01-13T23:00:00,37.2,29.7,16.2,41.94,0,0,,0,0,19.6,11,270,1013.3,0,9.9,0,0,0,,Clear,clear-night,"72505394728,KEWR,KLGA,72502014734,F1417,KNYC,72503014732"
newyourk,2025-01-14T00:00:00,35.3,27.6,15.7,44.42,0,0,,0,0,20.8,10.4,301,1013.3,0,9.9,0,0,0,,Clear,clear-night,"72505394728,KEWR,KLGA,72502014734,F1417,KNYC,72503014732"
newyourk,2025-01-14T01:00:00,33.5,27.1,14.1,44.3,0,0,,0,0,11,7.4,314,1013.5,0,9.9,0,0,0,,Clear,clear-night,"72505394728,KEWR,KLGA,72502014734,F1417,KNYC,72503014732"
newyourk,2025-01-14T02:00:00,32.3,24.4,14.9,48.34,0,0,,0,0,19.7,9.4,306,1014,0,9.9,0,0,0,,Clear,clear-night,"72505394728,KEWR,KLGA,72502014734,F1417,KNYC,72503014732"
newyourk,2025-01-14T03:00:00,30.9,23.5,14.2,49.36,0,0,,0,0,21.9,8.1,302,1014.4,2.8,9.9,0,0,0,,Clear,clear-night,"72505394728,KEWR,KLGA,72502014734,F1417,KNYC,72503014732"
newyourk,2025-01-14T04:00:00,30.4,22.4,13.7,49.5,0,0,,0,0,12.8,8.7,279,1014.4,10.5,9.9,0,0,0,,Clear,clear-night,"72505394728,KEWR,KLGA,72502014734,F1417,KNYC,72503014732"
newyourk,2025-01-14T05:00:00,30.4,23.9,13.3,48.47,0,0,,0,0,13.4,6.5,242,1014.6,14.1,9.9,0,0,0,,Clear,clear-night,"72505394728,KEWR,KLGA,72502014734,F1417,KNYC,72503014732"
newyourk,2025-01-14T06:00:00,30,22.1,10.7,43.98,0,0,,0,0,26.6,8.5,264,1015.1,89.5,9.9,0,0,0,,Partially cloudy,partly-cloudy-night,"72505394728,KEWR,KLGA,72502014734,F1417,KNYC,72503014732"
newyourk,2025-01-14T07:00:00,29,19.1,6.7,38.31,0,0,,0,0,29.8,11.8,292,1016,15.6,9.9,0,0,0,,Clear,clear-night,"72505394728,KEWR,KLGA,72502014734,F1417,KNYC,72503014732"
newyourk,2025-01-14T08:00:00,28.5,18.3,6.4,38.53,0,0,,0,0,23.5,12.2,298,1016.5,70.3,9.9,56,0.2,1,,Partially cloudy,partly-cloudy-day,"72505394728,KEWR,KLGA,72502014734,F1417,KNYC,72503014732"
newyourk,2025-01-14T09:00:00,28.8,18.4,6.8,38.74,0,0,,0,0,25.7,12.9,288,1017.2,15.6,9.9,187,0.7,2,,Clear,clear-day,"72505394728,KEWR,KLGA,72502014734,F1417,KNYC,72503014732"
newyourk,2025-01-14T10:00:00,29.5,18.4,5.7,35.78,0,0,,0,0,25.9,15.2,287,1017.7,10.5,9.9,408,1.5,4,,Clear,clear-day,"72505394728,KEWR,KLGA,72502014734,F1417,KNYC,72503014732"
newyourk,2025-01-14T11:00:00,30.3,19.2,5.4,34.34,0,0,,0,0,29,15.4,282,1017.7,10.5,9.9,496,1.8,5,,Clear,clear-day,"72505394728,KEWR,KLGA,72502014734,F1417,KNYC,72503014732"
newyourk,2025-01-14T12:00:00,31.2,22.1,5.1,32.51,0,0,,0,0,25.6,11.4,288,1016.5,10.5,9.9,522,1.9,5,,Clear,clear-day,"72505394728,KEWR,KLGA,72502014734,F1417,KNYC,72503014732"
newyourk,2025-01-14T13:00:00,32.3,23.7,5.9,32.22,0,0,,0,0,27.4,10.8,312,1015.5,10.5,9.9,486,1.7,5,,Clear,clear-day,"72505394728,KEWR,KLGA,72502014734,F1417,KNYC,72503014732"
newyourk,2025-01-14T14:00:00,32.6,24.2,4.9,30.55,0,0,,0,0,27,10.5,296,1015,10.5,9.9,399,1.4,4,,Clear,clear-day,"72505394728,KEWR,KLGA,72502014734,F1417,KNYC,72503014732"
newyourk,2025-01-14T15:00:00,32.6,22.9,4.9,30.55,0,0,,0,0,25.1,13.4,293,1014.7,14.1,9.9,280,1,3,,Clear,clear-day,"72505394728,KEWR,KLGA,72502014734,F1417,KNYC,72503014732"
newyourk,2025-01-14T16:00:00,32.3,22.9,5.3,31.41,0,0,,0,0,24.7,12.5,288,1014.8,73.9,9.9,81,0.3,1,,Partially cloudy,partly-cloudy-day,"72505394728,KEWR,KLGA,72502014734,F1417,KNYC,72503014732"
newyourk,2025-01-14T17:00:00,31.1,22.4,6,34.04,0,0,,0,0,29.8,10.5,288,1015,34.2,9.9,0,0,0,,Partially cloudy,partly-cloudy-night,"72505394728,KEWR,KLGA,72502014734,F1417,KNYC,72503014732"
newyourk,2025-01-14T18:00:00,30.3,20,4.5,32.93,0,0,,0,0,23.7,13.4,272,1015.4,95.7,9.9,0,0,0,,Overcast,cloudy,"72505394728,KEWR,KLGA,72502014734,F1417,KNYC,72503014732"
newyourk,2025-01-14T19:00:00,30.3,19.8,5.7,34.75,0,0,,0,0,24.6,13.9,268,1015.8,88.9,9.9,0,0,0,,Partially cloudy,partly-cloudy-night,"72505394728,KEWR,KLGA,72502014734,F1417,KNYC,72503014732"
newyourk,2025-01-14T20:00:00,29.4,16.9,6.7,37.77,0,0,,0,0,29.2,18.9,282,1016,88.9,9.9,0,0,0,,Partially cloudy,partly-cloudy-night,"72505394728,KEWR,KLGA,72502014734,F1417,KNYC,72503014732"
newyourk,2025-01-14T21:00:00,28.5,19.8,7.3,40.18,0,0,,0,0,25.5,9.3,288,1016.5,95.7,9.9,0,0,0,,Overcast,cloudy,"72505394728,KEWR,KLGA,72502014734,F1417,KNYC,72503014732"
newyourk,2025-01-14T22:00:00,28.1,16.4,8.4,42.85,0,0,,0,0,32,15.6,292,1016.8,82.6,9.9,0,0,0,,Partially cloudy,partly-cloudy-night,"72505394728,KEWR,KLGA,72502014734,F1417,KNYC,72503014732"
newyourk,2025-01-14T23:00:00,26.3,14.7,8,45.39,0,0,,0,0,30.6,13.9,304,1017.1,42.1,9.9,0,0,0,,Partially cloudy,partly-cloudy-night,"72505394728,KEWR,KLGA,72502014734,F8726,KNYC,72503014732"
newyourk,2025-01-15T00:00:00,25.3,13.5,7.2,45.68,0,0,,0,0,27.1,13.9,277,1017.1,10.5,9.9,0,0,0,,Clear,clear-night,"72505394728,KEWR,KLGA,72502014734,F1417,KNYC,72503014732"
newyourk,2025-01-15T01:00:00,24.6,11.4,5.6,43.75,0,0,,0,0,30.7,16.8,292,1017.1,10.5,9.9,0,0,0,,Clear,clear-night,"72505394728,KEWR,KLGA,72502014734,F1417,KNYC,72503014732"
newyourk,2025-01-15T02:00:00,24.4,13.3,5.1,43.02,0,0,,0,0,24,11.8,292,1017.5,10.5,9.9,0,0,0,,Clear,clear-night,"72505394728,KEWR,KLGA,72502014734,F1417,KNYC,72503014732"
newyourk,2025-01-15T03:00:00,23.5,13,5.1,44.7,0,0,,0,0,23.1,10.3,288,1017.8,10.5,9.9,0,0,0,,Clear,clear-night,"72505394728,KEWR,KLGA,72502014734,F1417,KNYC,72503014732"
newyourk,2025-01-15T04:00:00,23.1,10.7,5.5,46.25,0,0,,0,0,23.9,13.7,286,1018.2,10.5,9.9,0,0,0,,Clear,clear-night,"72505394728,KEWR,KLGA,72502014734,F1417,KNYC,72503014732"
newyourk,2025-01-15T05:00:00,23.1,10,6.4,48.22,0,0,,0,0,24.6,15.2,281,1018.8,10.5,9.9,0,0,0,,Clear,clear-night,"72505394728,KEWR,KLGA,72502014734,F1417,KNYC,72503014732"
newyourk,2025-01-15T06:00:00,23.1,12.4,7.1,49.78,0,0,,0,0,22.7,10.4,279,1019.1,10.5,9.9,0,0,0,,Clear,clear-night,"72505394728,KEWR,KLGA,72502014734,F1417,KNYC,72503014732"
newyourk,2025-01-15T07:00:00,23.1,12,8.1,52.08,0,0,,0,0,25.1,11.1,276,1019.4,10.5,9.9,0,0,0,,Clear,clear-night,"72505394728,KEWR,KLGA,72502014734,F1417,KNYC,72503014732"
newyourk,2025-01-15T08:00:00,24.4,11.2,9,51.35,0,0,,0,0,28.9,16.4,292,1020.2,10.5,9.9,49,0.2,0,,Clear,clear-day,"72505394728,KEWR,KLGA,72502014734,F1417,KNYC,72503014732"
newyourk,2025-01-15T09:00:00,25.8,14.4,9,48.39,0,0,,0,0,25.3,13.3,308,1020.9,10.5,9.9,165,0.6,2,,Clear,clear-day,"72505394728,KEWR,KLGA,72502014734,F1417,KNYC,72503014732"
newyourk,2025-01-15T10:00:00,27.6,15.8,7.8,42.68,0,0,,0,0,29,15.3,312,1021.6,14.1,9.9,414,1.5,4,,Clear,clear-day,"72505394728,KEWR,KLGA,72502014734,F1417,KNYC,72503014732"
newyourk,2025-01-15T11:00:00,28.8,19.3,7.1,39.37,0,0,,0,0,24.9,10.8,330,1021.7,20.3,9.9,553,2,6,,Partially cloudy,partly-cloudy-day,"72505394728,KEWR,KLGA,72502014734,F1417,KNYC,72503014732"
newyourk,2025-01-15T12:00:00,30.4,20.8,6.9,36.49,0,0,,0,0,25.1,12,306,1021,87,9.9,594,2.1,6,,Partially cloudy,partly-cloudy-day,"72505394728,KEWR,KLGA,72502014734,F1417,KNYC,72503014732"
newyourk,2025-01-15T13:00:00,30.7,21.6,7.1,36.46,0,0,,0,0,29.6,10.8,303,1019.9,80.1,9.9,520,1.9,5,,Partially cloudy,partly-cloudy-day,"72505394728,KEWR,KLGA,72502014734,F1417,KNYC,72503014732"
newyourk,2025-01-15T14:00:00,31.8,22.3,7.7,35.73,0,0,,0,0,31.5,12.3,299,1019.4,56.2,9.9,429,1.5,4,,Partially cloudy,partly-cloudy-day,"72505394728,KEWR,KLGA,72502014734,F1417,KNYC,72503014732"
newyourk,2025-01-15T15:00:00,31.6,22.4,7.5,35.7,0,0,,0,0,30.7,11.8,304,1019.1,35.9,9.9,277,1,3,,Partially cloudy,partly-cloudy-day,"72505394728,KEWR,KLGA,72502014734,F1417,KNYC,72503014732"
newyourk,2025-01-15T16:00:00,31.6,22.3,7.8,36.13,0,0,,0,0,29.1,12,310,1019.6,73.9,9.9,56,0.2,1,,Partially cloudy,partly-cloudy-day,"72505394728,KEWR,KLGA,72502014734,F1417,KNYC,72503014732"
newyourk,2025-01-15T17:00:00,30.3,21.3,8.5,39.49,0,0,,0,0,26.2,10.5,320,1020.4,73.9,9.9,0,0,0,,Partially cloudy,partly-cloudy-night,"72505394728,KEWR,KLGA,72502014734,F1417,KNYC,72503014732"
newyourk,2025-01-15T18:00:00,29.4,19.9,8.5,40.96,0,0,,0,0,28.4,11.1,314,1021.2,73.9,9.9,0,0,0,,Partially cloudy,partly-cloudy-night,"72505394728,KEWR,KLGA,72502014734,F1417,KNYC,72503014732"
newyourk,2025-01-15T19:00:00,28.5,17.2,7.9,41.33,0,0,,0,0,24.6,14.7,303,1021.4,10.5,9.9,0,0,0,,Clear,clear-night,"72505394728,KEWR,KLGA,72502014734,F1417,KNYC,72503014732"
newyourk,2025-01-15T20:00:00,28.5,19.3,8.1,41.7,0,0,,0,0,28.9,10.1,314,1021.6,10.5,9.9,0,0,0,,Clear,clear-night,"72505394728,KEWR,KLGA,72502014734,F1417,KNYC,72503014732"
newyourk,2025-01-15T21:00:00,27.4,18.6,8.3,43.86,0,0,,0,0,20.8,9.1,302,1021.4,10.5,9.9,0,0,0,,Clear,clear-night,"72505394728,KEWR,KLGA,72502014734,F1417,KNYC,72503014732"
newyourk,2025-01-15T22:00:00,27.2,19,7.5,42.59,0,0,,0,0,7.8,8.1,283,1021.1,20.3,9.9,0,0,0,,Partially cloudy,partly-cloudy-night,"72505394728,KEWR,KLGA,72502014734,F1417,KNYC,72503014732"
newyourk,2025-01-15T23:00:00,26.9,20,7.4,43.08,0,0,,0,0,6.9,6.1,300,1020.9,37,9.9,0,0,0,,Partially cloudy,partly-cloudy-night,"72505394728,KEWR,KLGA,72502014734,F1417,KNYC,72503014732"
newyourk,2025-01-16T00:00:00,27.2,18.5,8.2,44.08,0,0,,0,0,6.9,8.8,272,1020.4,20.3,9.9,0,0,0,,Partially cloudy,partly-cloudy-night,"72505394728,KEWR,KLGA,72502014734,F1417,KNYC,72503014732"
newyourk,2025-01-16T01:00:00,26.9,17.4,9.1,46.45,0,0,,0,0,7.2,10,253,1019.9,14.1,9.9,0,0,0,,Clear,clear-night,"72505394728,KEWR,KLGA,72502014734,F1417,KNYC,72503014732"
newyourk,2025-01-16T02:00:00,26.9,16.8,11.3,51.16,0,0,,0,0,20.8,11.2,253,1019.7,10.5,9.9,0,0,0,,Clear,clear-night,"72505394728,KEWR,KLGA,72502014734,F1417,KNYC,72503014732"
newyourk,2025-01-16T03:00:00,26.1,17.3,11.6,53.66,0,0,,0,0,9.8,8.6,254,1019.9,77.1,9.9,0,0,0,,Partially cloudy,partly-cloudy-night,"72505394728,KEWR,KLGA,72502014734,F1417,KNYC,72503014732"
newyourk,2025-01-16T04:00:00,25.5,18.8,11.4,54.56,0,0,,0,0,9.6,5.7,260,1019.2,32.3,9.9,0,0,0,,Partially cloudy,partly-cloudy-night,"72505394728,KEWR,KLGA,72502014734,F1417,KNYC,72503014732"
newyourk,2025-01-16T05:00:00,25.5,16.6,10.7,52.89,0,0,,0,0,8.9,8.6,258,1019,70.3,9.9,0,0,0,,Partially cloudy,partly-cloudy-night,"72505394728,KEWR,KLGA,72502014734,F1417,KNYC,72503014732"
newyourk,2025-01-16T06:00:00,24.6,17.8,9.7,52.51,0,0,,0,0,7.2,5.6,230,1018.4,24.4,9.9,0,0,0,,Partially cloudy,partly-cloudy-night,"72505394728,KEWR,KLGA,72502014734,F1417,KNYC,72503014732"
newyourk,2025-01-16T07:00:00,23.5,16.6,8.6,52.53,0,0,,0,0,6.7,5.4,279,1018.2,19.2,9.9,0,0,0,,Clear,clear-night,"72505394728,KEWR,KLGA,72502014734,F1417,KNYC,72503014732"
newyourk,2025-01-16T08:00:00,23.5,16.5,8,51.05,0,0,,0,0,6.9,5.5,248,1018.1,19.2,9.9,48,0.2,0,,Clear,clear-day,"72505394728,KEWR,KLGA,72502014734,F1417,KNYC,72503014732"
newyourk,2025-01-16T09:00:00,24.7,16.4,8.2,48.79,0,0,,0,0,10.3,7.4,242,1017.4,19.2,9.9,160,0.6,2,,Clear,clear-day,"72505394728,KEWR,KLGA,72502014734,F1417,KNYC,72503014732"
newyourk,2025-01-16T10:00:00,26.7,20.6,8.8,46.24,0,0,,0,0,12.1,5.3,221,1016.8,25.5,9.9,367,1.3,4,,Partially cloudy,partly-cloudy-day,"72505394728,KEWR,KLGA,72502014734,F1417,KNYC,72503014732"
newyourk,2025-01-16T11:00:00,27.9,20,8.8,43.9,0,0,,0,0,13.9,7.9,247,1015.8,95.7,9.9,233,0.8,2,,Overcast,cloudy,"72505394728,KEWR,KLGA,72502014734,F1417,KNYC,72503014732"
newyourk,2025-01-16T12:00:00,27.6,18.4,8.8,44.58,0,0,,0,0,16.1,9.7,234,1014.1,98.2,9.9,263,0.9,3,,Overcast,cloudy,"72505394728,KEWR,KLGA,72502014734,F1417,KNYC,72503014732"
newyourk,2025-01-16T13:00:00,29.2,22,7.3,39.05,0,0,,0,0,20.8,7.1,218,1012.4,98.2,9.9,371,1.3,4,,Overcast,cloudy,"72505394728,KEWR,KLGA,72502014734,F1417,KNYC,72503014732"
newyourk,2025-01-16T14:00:00,29.6,22.7,6.8,37.59,0,0,,0,0,16.1,6.8,228,1011.2,93.1,9.9,173,0.6,2,,Overcast,cloudy,"72505394728,KEWR,KLGA,72502014734,F1417,KNYC,72503014732"
newyourk,2025-01-16T15:00:00,29.4,20.6,10.1,43.93,0,0,,0,0,18.3,9.8,252,1010.9,100,9.9,108,0.4,1,,Overcast,cloudy,"72505394728,KEWR,KLGA,72502014734,F1417,KNYC,72503014732"
newyourk,2025-01-16T16:00:00,29.4,22.8,13,49.97,0,0,,0,0,15.7,6.4,220,1010.4,100,9.9,52,0.2,1,,Overcast,cloudy,"72505394728,KEWR,KLGA,72502014734,F1417,KNYC,72503014732"
newyourk,2025-01-16T17:00:00,29.2,25.7,15.2,55.36,0,0,,0,0,13.2,3.4,288,1009.9,87.6,9.9,0,0,0,,Partially cloudy,partly-cloudy-night,"72505394728,KEWR,KLGA,72502014734,F1417,KNYC,72503014732"
newyourk,2025-01-16T18:00:00,29,21.6,16.8,59.78,0,0,,0,0,11,7.4,214,1010.2,99.2,9.9,0,0,0,,Overcast,cloudy,"72505394728,KEWR,KLGA,72502014734,F1417,KNYC,72503014732"
newyourk,2025-01-16T19:00:00,28.5,21.1,17.9,63.93,0,0,,0,0,10.5,7.4,252,1010.2,100,7.2,0,0,0,,Overcast,cloudy,"72505394728,KEWR,KLGA,72502014734,F1417,KNYC,72503014732"
newyourk,2025-01-16T20:00:00,28.3,22.9,19.5,69.14,0,0,,0,0,10.1,4.9,224,1010.2,99.2,4.7,0,0,0,,Overcast,cloudy,"72505394728,KEWR,KLGA,72502014734,F1417,KNYC,72503014732"
newyourk,2025-01-16T21:00:00,28.5,20.5,19.5,68.57,0,0,,0,0,20.4,8.2,252,1010.2,99.2,9.7,0,0,0,,Overcast,cloudy,"72505394728,KEWR,KLGA,72502014734,F1417,KNYC,72503014732"
newyourk,2025-01-16T22:00:00,27.6,18.6,19.7,71.76,0,0,,0,0,16.1,9.5,248,1010.5,97.3,9.7,0,0,0,,Overcast,cloudy,"72505394728,KEWR,KLGA,72502014734,F1417,KNYC,72503014732"
newyourk,2025-01-16T23:00:00,27.2,18.8,18.8,70.21,0,0,,0,0,21.9,8.4,272,1010.6,27.3,9.9,0,0,0,,Partially cloudy,partly-cloudy-night,"72505394728,KEWR,KLGA,72502014734,F1417,KNYC,72503014732"
newyourk,2025-01-17T00:00:00,26.5,17.5,19,72.89,0,0,,0,0,7.4,9.1,281,1010.8,91.4,9,0,0,0,,Overcast,cloudy,"72505394728,KEWR,KLGA,72502014734,F1417,KNYC,72503014732"
newyourk,2025-01-17T01:00:00,27.2,19.1,18.3,68.7,0,0,,0,0,7.6,8,288,1011.1,98.2,9,0,0,0,,Overcast,cloudy,"72505394728,KEWR,KLGA,72502014734,F1417,KNYC,72503014732"
newyourk,2025-01-17T02:00:00,26.5,18.1,18,69.66,0,0,,0,0,8.5,8.1,277,1011.7,20.3,8.9,0,0,0,,Partially cloudy,partly-cloudy-night,"72505394728,KEWR,KLGA,72502014734,F1417,KNYC,72503014732"
newyourk,2025-01-17T03:00:00,26.4,17.9,17.4,68.47,0,0,,0,0,9.6,8.2,284,1012.6,30.7,8.9,0,0,0,,Partially cloudy,partly-cloudy-night,"72505394728,KEWR,KLGA,72502014734,F1417,KNYC,72503014732"
newyourk,2025-01-17T04:00:00,26.4,17.7,17.1,67.49,0,0,,0,0,10.7,8.5,288,1013.3,14.1,8.9,0,0,0,,Clear,clear-night,"72505394728,KEWR,KLGA,72502014734,F1417,KNYC,72503014732"
newyourk,2025-01-17T05:00:00,26.4,19.5,17.1,67.49,0,0,,0,0,11,6,292,1014,44.8,9.9,0,0,0,,Partially cloudy,partly-cloudy-night,"72505394728,KEWR,KLGA,72502014734,F1417,KNYC,72503014732"
newyourk,2025-01-17T06:00:00,27.1,18.3,17,65.31,0,0,,0,0,11,8.9,296,1015,97.5,9.9,0,0,0,,Overcast,cloudy,"72505394728,KEWR,KLGA,72502014734,F1417,KNYC,72503014732"
newyourk,2025-01-17T07:00:00,27.3,19.4,17.1,65,0,0,,0,0,10.3,7.6,277,1015.9,77.1,9.9,0,0,0,,Partially cloudy,partly-cloudy-night,"72505394728,KEWR,KLGA,72502014734,F1417,KNYC,72503014732"
newyourk,2025-01-17T08:00:00,27.3,22,17.2,65.4,0,0,,0,0,8.9,4.6,256,1017.1,32.3,9.9,53,0.2,1,,Partially cloudy,partly-cloudy-day,"72505394728,KEWR,KLGA,72502014734,F1417,KNYC,72503014732"
newyourk,2025-01-17T09:00:00,29.4,24.7,17.8,61.3,0,0,,0,0,8.3,4.4,247,1018.1,35.9,9.9,144,0.5,1,,Partially cloudy,partly-cloudy-day,"72505394728,KEWR,KLGA,72502014734,F1417,KNYC,72503014732"
newyourk,2025-01-17T10:00:00,31.9,24.3,18.6,57.5,0,0,,0,0,8.9,8.7,269,1018.6,85.9,9.9,391,1.4,4,,Partially cloudy,partly-cloudy-day,"72505394728,KEWR,KLGA,72502014734,F1417,KNYC,72503014732"
newyourk,2025-01-17T11:00:00,34.2,28.3,19.8,55.07,0,0,,0,0,10.5,6.9,278,1018.8,10.5,9.2,480,1.7,5,,Clear,clear-day,"72505394728,KEWR,KLGA,72502014734,F1417,KNYC,72503014732"
newyourk,2025-01-17T12:00:00,38.3,34.4,20.9,49.12,0,0,,0,0,11.9,5.2,290,1018.2,10.5,9.9,514,1.9,5,,Clear,clear-day,"72505394728,KEWR,KLGA,72502014734,F1417,KNYC,72503014732"
newyourk,2025-01-17T13:00:00,39.7,34.1,21.3,47.4,0,0,,0,0,12.5,8.1,283,1018,10.5,9.9,478,1.7,5,,Clear,clear-day,"72505394728,KEWR,KLGA,72502014734,F1417,KNYC,72503014732"
newyourk,2025-01-17T14:00:00,41.7,35.6,20.3,42,0,0,,0,0,18.3,10.4,263,1017.8,30.7,9.9,404,1.5,4,,Partially cloudy,partly-cloudy-day,"72505394728,KEWR,KLGA,72502014734,F1417,KNYC,72503014732"
newyourk,2025-01-17T15:00:00,42.5,39,19.7,39.73,0,0,,0,0,11,5.6,236,1018.1,58.7,9.9,102,0.4,1,,Partially cloudy,partly-cloudy-day,"72505394728,KEWR,KLGA,72502014734,F1417,KNYC,72503014732"
newyourk,2025-01-17T16:00:00,41.6,37.5,19.5,40.82,0,0,,0,0,23,6.3,258,1018,95.7,9.9,34,0.1,0,,Overcast,cloudy,"72505394728,KEWR,KLGA,72502014734,F1417,KNYC,72503014732"
newyourk,2025-01-17T17:00:00,40.5,38.8,19.6,42.6,0,0,,0,0,7.8,3.2,295,1018.7,95.7,9.9,0,0,0,,Overcast,cloudy,"72505394728,KEWR,KLGA,72502014734,F1417,KNYC,72503014732"
newyourk,2025-01-17T18:00:00,40.1,36.2,20,44.12,0,0,,0,0,9.2,5.6,242,1019.1,88.9,9.9,0,0,0,,Partially cloudy,partly-cloudy-night,"72505394728,KEWR,KLGA,72502014734,F1417,KNYC,72503014732"
newyourk,2025-01-17T19:00:00,39,34.8,20.1,46.33,0,0,,0,0,9.2,5.7,227,1019.6,44.6,9.9,0,0,0,,Partially cloudy,partly-cloudy-night,"72505394728,KEWR,KLGA,72502014734,F1417,KNYC,72503014732"
newyourk,2025-01-17T20:00:00,38.8,33.9,21.3,49.03,0,0,,0,0,10.5,6.6,193,1019.9,19.2,9.9,0,0,0,,Clear,clear-night,"72505394728,KEWR,KLGA,72502014734,F1417,KNYC,72503014732"
newyourk,2025-01-17T21:00:00,37.6,34.4,21.1,51.01,0,0,,0,0,11.2,4.1,205,1019.7,10.5,9.9,0,0,0,,Clear,clear-night,"72505394728,KEWR,KLGA,72502014734,F1417,KNYC,72503014732"
newyourk,2025-01-17T22:00:00,37.9,37.9,21.3,50.69,0,0,,0,0,11.4,2.9,272,1020.2,10.5,9.9,0,0,0,,Clear,clear-night,"72505394728,KEWR,KLGA,72502014734,F1417,KNYC,72503014732"
newyourk,2025-01-17T23:00:00,36.8,32.9,19.4,48.92,0,0,,0,0,11.4,4.8,193,1020.1,10.5,9.9,0,0,0,,Clear,clear-night,"72505394728,KEWR,KLGA,72502014734,F1417,KNYC,72503014732"
newyourk,2025-01-18T00:00:00,36.2,30,19,49.25,0,0,,0,0,11.2,8,223,1019.9,14.1,9.9,0,0,0,,Clear,clear-night,"72505394728,KEWR,KLGA,72502014734,F1417,KNYC,72503014732"
newyourk,2025-01-18T01:00:00,36.2,30.9,19,49.25,0,0,,0,0,11.6,6.6,192,1019.3,28,9.9,0,0,0,,Partially cloudy,partly-cloudy-night,"72505394728,KEWR,KLGA,72502014734,F1417,KNYC,72503014732"
newyourk,2025-01-18T02:00:00,35.5,29.9,19,50.66,0,0,,0,0,12.1,6.7,197,1018.9,34.2,9.9,0,0,0,,Partially cloudy,partly-cloudy-night,"72505394728,KEWR,KLGA,72502014734,F1417,KNYC,72503014732"
newyourk,2025-01-18T03:00:00,35.5,30.2,21.1,55.26,0,0,,0,0,18.3,6.3,202,1018.7,34.2,9.9,0,0,0,,Partially cloudy,partly-cloudy-night,"72505394728,KEWR,KLGA,72502014734,F1417,KNYC,72503014732"
newyourk,2025-01-18T04:00:00,36.2,29.4,22.7,57.62,0,0,,0,0,18.3,9.2,213,1018.8,34.2,9.9,0,0,0,,Partially cloudy,partly-cloudy-night,"72505394728,KEWR,KLGA,72502014734,F1417,KNYC,72503014732"
newyourk,2025-01-18T05:00:00,37,30.3,23.9,58.66,0,0,,0,0,14.3,9.3,206,1018.3,34.2,9.9,0,0,0,,Partially cloudy,partly-cloudy-night,"72505394728,KEWR,KLGA,72502014734,F1417,KNYC,72503014732"
newyourk,2025-01-18T06:00:00,36.9,30.9,24.6,60.67,0,0,,0,0,14.1,7.9,180,1017.3,34.2,9.9,0,0,0,,Partially cloudy,partly-cloudy-night,"72505394728,KEWR,KLGA,72502014734,F1417,KNYC,72503014732"
newyourk,2025-01-18T07:00:00,38.4,33.5,27.5,64.43,0,0,,0,0,19.7,6.7,166,1016.9,34.2,9.9,0,0,0,,Partially cloudy,partly-cloudy-night,"72505394728,KEWR,KLGA,72502014734,F1417,KNYC,72503014732"
newyourk,2025-01-18T08:00:00,40.5,35.6,29.8,65.31,0,0,,0,0,15.7,7.4,176,1016.5,34.2,9.9,75,0.3,1,,Partially cloudy,partly-cloudy-day,"72505394728,KEWR,KLGA,72502014734,F1417,KNYC,72503014732"
newyourk,2025-01-18T09:00:00,42.4,38.9,31.1,64,0,0,,0,0,21.9,5.6,194,1015.8,36.7,9.9,94,0.3,1,,Partially cloudy,partly-cloudy-day,"72505394728,KEWR,KLGA,72502014734,F1417,KNYC,72503014732"
newyourk,2025-01-18T10:00:00,43.2,36.7,30.1,59.83,0,0,,0,0,28.4,12.3,180,1015.6,38.5,9.9,151,0.5,2,,Partially cloudy,partly-cloudy-day,"72505394728,KEWR,KLGA,72502014734,F1417,KNYC,72503014732"
newyourk,2025-01-18T11:00:00,44.8,41,33.7,64.9,0,0,,0,0,23,7,176,1014.3,92.3,9.9,104,0.4,1,,Overcast,cloudy,"72505394728,KEWR,KLGA,72502014734,F1417,KNYC,72503014732"
newyourk,2025-01-18T12:00:00,45.2,40.5,37.1,73.21,0,0,,0,0,27.1,8.9,166,1012.8,99.2,9.9,81,0.3,1,,Overcast,cloudy,"72505394728,KEWR,KLGA,72502014734,F1417,KNYC,72503014732"
newyourk,2025-01-18T13:00:00,46.1,41.7,37.6,71.89,0,0,,0,0,23,8.9,158,1011.5,100,9.7,62,0.2,1,,Overcast,cloudy,"72505394728,KEWR,KLGA,72502014734,F1417,KNYC,72503014732"
newyourk,2025-01-18T14:00:00,45.2,41.5,38.7,78.05,0,0,,0,0,11.6,6.7,164,1010.8,100,6.9,36,0.1,0,,Overcast,cloudy,"72505394728,KEWR,KLGA,72502014734,F1417,KNYC,72503014732"
newyourk,2025-01-18T15:00:00,45,43.6,39.6,81.42,0.032,100,rain,0,0,7.8,3.4,125,1009,100,3.6,29,0.1,0,,"Rain, Overcast",rain,"72505394728,KEWR,KLGA,72502014734,F1417,KNYC,72503014732"
newyourk,2025-01-18T16:00:00,44.2,44.2,41.3,89.25,0.032,100,rain,0,0,4.9,0,0,1008.2,100,3.2,10,0,0,,"Rain, Overcast",rain,"72505394728,KEWR,KLGA,72502014734,F1417,KNYC,72503014732"
newyourk,2025-01-18T17:00:00,43.5,43.5,40.3,88.68,0.024,100,rain,0,0,3.6,1.1,30,1007.9,100,2.8,0,0,0,,"Rain, Overcast",rain,"72505394728,KEWR,KLGA,72502014734,F1417,KNYC,72503014732"
newyourk,2025-01-18T18:00:00,43.7,43.7,40.9,89.71,0,0,,0,0,2.5,1.3,27,1007.4,100,4.1,0,0,0,,Overcast,cloudy,"72505394728,KEWR,KLGA,72502014734,F1417,KNYC,72503014732"
newyourk,2025-01-18T19:00:00,42.6,40.4,39.9,90.2,0,0,,0,0,5.8,3.9,19,1007.6,98.2,3.7,0,0,0,,Overcast,cloudy,"72505394728,KEWR,KLGA,72502014734,F1417,KNYC,72503014732"
newyourk,2025-01-18T20:00:00,43.2,40.7,39.9,88.09,0,0,,0,0,8.5,4.4,301,1008,100,4.5,0,0,0,,Overcast,cloudy,"72505394728,KEWR,KLGA,72502014734,F1417,KNYC,72503014732"
newyourk,2025-01-18T21:00:00,43.2,40.9,39.8,87.6,0,0,,0,0,9.6,4.1,311,1007.7,97.5,5.7,0,0,0,,Overcast,cloudy,"72505394728,KEWR,KLGA,72502014734,F1417,KNYC,72503014732"
newyourk,2025-01-18T22:00:00,42.9,39.7,38.7,85,0,0,,0,0,9.4,5.3,291,1007.7,97.5,6.4,0,0,0,,Overcast,cloudy,"72505394728,KEWR,KLGA,72502014734,F1417,KNYC,72503014732"
newyourk,2025-01-18T23:00:00,41.1,36.5,37.7,87.65,0,0,,0,0,10.7,6.9,285,1008.1,95.7,6.4,0,0,0,,Overcast,cloudy,"72505394728,KEWR,KLGA,72502014734,F1417,KNYC,72503014732"
newyourk,2025-01-19T00:00:00,40.5,36.3,36.5,85.61,0,0,,0,0,11.6,6.2,281,1007.9,19.2,6.6,0,0,0,,Clear,clear-night,"72505394728,KEWR,KLGA,72502014734,F1417,KNYC,72503014732"
newyourk,2025-01-19T01:00:00,39.3,35.5,34.8,83.58,0,0,,0,0,11.4,5.2,299,1007.9,25.5,8,0,0,0,,Partially cloudy,partly-cloudy-night,"72505394728,KEWR,KLGA,72502014734,F1417,KNYC,72503014732"
newyourk,2025-01-19T02:00:00,39.4,33.9,33.7,79.94,0,0,,0,0,10.7,7.9,272,1008.2,95.7,8.6,0,0,0,,Overcast,cloudy,"72505394728,KEWR,KLGA,72502014734,F1417,KNYC,72503014732"
newyourk,2025-01-19T03:00:00,38.8,33,32.9,79.22,0,0,,0,0,11.4,8.2,301,1008.3,88.9,9.6,0,0,0,,Partially cloudy,partly-cloudy-night,"72505394728,KEWR,KLGA,72502014734,F1417,KNYC,72503014732"
newyourk,2025-01-19T04:00:00,38.2,33.5,30.8,74.47,0,0,,0,0,12.1,6.2,352,1007.8,42.1,9.6,0,0,0,,Partially cloudy,partly-cloudy-night,"72505394728,KEWR,KLGA,72502014734,F1417,KNYC,72503014732"
newyourk,2025-01-19T05:00:00,38.1,34.8,30.5,73.84,0,0,,0,0,12.3,4.3,296,1008.8,19.2,9.9,0,0,0,,Clear,clear-night,"72505394728,KEWR,KLGA,72502014734,F1417,KNYC,72503014732"
newyourk,2025-01-19T06:00:00,38.2,35.6,30.5,73.43,0,0,,0,0,11.9,3.6,344,1009.3,95.7,9.9,0,0,0,,Overcast,cloudy,"72505394728,KEWR,KLGA,72502014734,F1417,KNYC,72503014732"
newyourk,2025-01-19T07:00:00,38.4,35,29.7,70.81,0,0,,0,0,11.6,4.5,299,1010,95.7,9.9,0,0,0,,Overcast,cloudy,"72505394728,KEWR,KLGA,72502014734,F1417,KNYC,72503014732"
newyourk,2025-01-19T08:00:00,37.7,37.7,29.7,72.77,0,0,,0,0,10.5,2.7,352,1010.7,88.9,9.9,43,0.2,0,,Partially cloudy,partly-cloudy-day,"72505394728,KEWR,KLGA,72502014734,F1417,KNYC,72503014732"
newyourk,2025-01-19T09:00:00,39.1,35.2,30.1,69.72,0,0,,0,0,12.5,5.3,354,1011,95.7,9.9,174,0.6,2,,Overcast,cloudy,"72505394728,KEWR,KLGA,72502014734,F1417,KNYC,72503014732"
newyourk,2025-01-19T10:00:00,39.1,34.2,29.7,68.74,0,0,,0,0,14.8,6.8,360,1011,97.5,9.9,167,0.6,2,,Overcast,cloudy,"72505394728,KEWR,KLGA,72502014734,F1417,KNYC,72503014732"
newyourk,2025-01-19T11:00:00,39,33.1,29.1,67.36,0,0,,0,0,16.1,8.5,39,1010.9,100,9.9,186,0.7,2,,Overcast,cloudy,"72505394728,KEWR,KLGA,F1417,KNYC,72503014732"
newyourk,2025-01-19T12:00:00,39.1,33.6,29,66.81,0,0,,0,0,15.7,7.8,25,1009.1,92.2,9.9,90,0.3,1,,Overcast,cloudy,"72505394728,KEWR,KLGA,72502014734,F1417,KNYC,72503014732"
newyourk,2025-01-19T13:00:00,38.9,33.6,27.4,63.12,0,0,,0,0,10.1,7.4,35,1007.7,99.1,9.9,78,0.3,1,,Overcast,cloudy,"72505394728,KEWR,KLGA,72502014734,F1417,KNYC,72503014732"
newyourk,2025-01-19T14:00:00,36.4,30.4,28,71.45,0.004,100,rain,0,0,8.9,7.5,24,1007.2,100,2.8,29,0.1,0,,"Rain, Overcast",rain,"72505394728,KEWR,KLGA,F1417,KNYC,72503014732"
newyourk,2025-01-19T15:00:00,34.4,27.7,28.6,79.22,0.014,100,"rain,snow",0,0,9.8,8.1,19,1006.2,100,2.1,19,0.1,0,,"Snow, Rain, Overcast",rain,"KEWR,KLGA,72502014734,F1417,KNYC,72503014732"
newyourk,2025-01-19T16:00:00,34.1,27.3,29,81.39,0.011,100,"rain,snow",0,0,13.2,8,26,1004.9,100,7.8,5,0,0,,"Snow, Rain, Overcast",rain,"72505394728,KEWR,KLGA,72502014734,F1417,KNYC,72503014732"
newyourk,2025-01-19T17:00:00,33.4,26.7,28.8,83.2,0.021,100,"rain,snow",0,0,17.2,7.7,352,1004.6,100,2.1,0,0,0,,"Snow, Rain, Overcast",rain,"72505394728,KEWR,KLGA,72502014734,F1417,KNYC,72503014732"
newyourk,2025-01-19T18:00:00,32,22.7,28.6,87.04,0.058,100,"rain,snow",0,1.18,24.3,12.1,344,1004.6,100,1,0,0,0,,"Snow, Rain, Overcast",snow,"72505394728,KEWR,KLGA,72502014734,F1417,KNYC,72503014732"
newyourk,2025-01-19T19:00:00,30.8,21.7,27.4,87.08,0.021,100,"rain,snow",0,1.54,32.4,11.2,14,1004.6,100,2,0,0,0,,"Snow, Rain, Overcast",snow,"72505394728,KEWR,KLGA,72502014734,F1417,KNYC,72503014732"
newyourk,2025-01-19T20:00:00,29.5,20.3,26.2,87.18,0.059,100,"rain,snow",0,1.97,27.3,10.6,340,1005.1,100,0.6,0,0,0,,"Snow, Rain, Overcast",snow,"72505394728,KEWR,KLGA,72502014734,F1417,KNYC,72503014732"
newyourk,2025-01-19T21:00:00,29.4,20.5,25,83.48,0.017,100,"rain,snow",0,0,31.6,10.1,347,1005.7,100,0.9,0,0,0,,"Snow, Rain, Overcast",snow,"72505394728,KEWR,KLGA,F1417,KNYC,72503014732"
newyourk,2025-01-19T22:00:00,28.6,17.4,24,82.77,0.002,100,"rain,snow",0,0,27.1,14.7,326,1005.7,100,3.5,0,0,0,,"Snow, Rain, Overcast",snow,"72505394728,KEWR,KLGA,72502014734,F1417,KNYC,72503014732"
newyourk,2025-01-19T23:00:00,27.4,18.4,21.5,78.06,0,0,,0,0,26.8,9.4,323,1006.9,100,5.2,0,0,0,,Overcast,cloudy,"72505394728,KEWR,KLGA,72502014734,F1417,KNYC,72503014732"
newyourk,2025-01-20T00:00:00,25.4,14.4,18.1,73.7,0,0,snow,0.43,2.44,27.9,12.1,302,1008.5,100,3.2,0,0,0,,Overcast,cloudy,"72505394728,KEWR,KLGA,72502014734,F1417,KNYC,72503014732"
newyourk,2025-01-20T01:00:00,23.3,12.8,15.9,73.15,0,0,,0,2.61,21.2,10.2,296,1009.8,100,5.7,0,0,0,,Overcast,cloudy,"72505394728,KEWR,KLGA,72502014734,F1417,KNYC,72503014732"
newyourk,2025-01-20T02:00:00,22.4,10.8,14.1,70.04,0,0,,0,2.44,24.2,11.7,288,1011.3,100,8,0,0,0,,Overcast,cloudy,"72505394728,KEWR,KLGA,72502014734,F1417,KNYC,72503014732"
newyourk,2025-01-20T03:00:00,21.4,11.2,12.4,67.79,0,0,,0,2.44,31.1,9,310,1012.6,32.3,9.9,0,0,0,,Partially cloudy,partly-cloudy-night,"72505394728,KEWR,KLGA,72502014734,F1417,KNYC,72503014732"
newyourk,2025-01-20T04:00:00,20.4,9.1,10.7,65.47,0,0,,0,2.44,25.1,10.5,310,1014.1,15.6,9.9,0,0,0,,Clear,clear-night,"72505394728,KEWR,KLGA,72502014734,F1417,KNYC,72503014732"
newyourk,2025-01-20T05:00:00,20.4,8.1,7.8,57.39,0,0,,0,0,25.2,12.2,302,1015.4,6.1,9.9,0,0,0,,Clear,clear-night,"72505394728,KEWR,KLGA,72502014734,F1417,KNYC,72503014732"
newyourk,2025-01-20T06:00:00,19.5,5.8,7.3,58.4,0,0,,0,0,32.2,14.7,292,1017.5,6.1,9.9,0,0,0,,Clear,clear-night,"72505394728,KEWR,KLGA,72502014734,F1417,KNYC,72503014732"
newyourk,2025-01-20T07:00:00,18.4,7.2,6.4,58.7,0,0,,0,1.97,18.3,9.5,286,1019.3,6.1,9.9,0,0,0,,Clear,clear-night,"72505394728,KEWR,KLGA,72502014734,F1417,KNYC,72503014732"
newyourk,2025-01-20T08:00:00,18.4,8.3,5.3,55.78,0,0,,0,0,31.1,8.1,286,1020.8,6.1,9.9,61,0.2,1,,Clear,clear-day,"72505394728,KEWR,KLGA,72502014734,F1417,KNYC,72503014732"
newyourk,2025-01-20T09:00:00,19.7,8.5,5.4,53.34,0,0,,0,0,15.7,10,283,1022.8,4.4,9.9,174,0.6,2,,Clear,clear-day,"72505394728,KEWR,KLGA,72502014734,F1417,KNYC,72503014732"
newyourk,2025-01-20T10:00:00,20.7,8.7,6,52.38,0,0,,0,0,18.3,11.8,284,1023.9,14.1,9.9,424,1.5,4,,Clear,clear-day,"72505394728,KEWR,KLGA,72502014734,F1417,KNYC,72503014732"
newyourk,2025-01-20T11:00:00,21.9,9.5,5.8,49.3,0,0,,0,0,21.8,13.2,282,1023.9,10.5,9.9,522,1.9,5,,Clear,clear-day,"72505394728,KEWR,KLGA,72502014734,F1417,KNYC,72503014732"
newyourk,2025-01-20T12:00:00,23.9,12.9,5,43.73,0,0,,0,0,29.8,11.5,309,1023.6,14.1,9.9,590,2.1,6,,Clear,clear-day,"72505394728,KEWR,KLGA,72502014734,F1417,KNYC,72503014732"
newyourk,2025-01-20T13:00:00,26.4,16.4,5.2,39.68,0,0,,0,1.97,22,10.7,290,1023.6,65,9.9,385,1.4,4,,Partially cloudy,partly-cloudy-day,"72505394728,KEWR,KLGA,72502014734,F1417,KNYC,72503014732"
newyourk,2025-01-20T14:00:00,25.9,14.6,1.7,34.57,0,0,,0,0,27.6,13.1,284,1023.7,50.9,9.9,481,1.7,5,,Partially cloudy,partly-cloudy-day,"72505394728,KEWR,KLGA,72502014734,F1417,KNYC,72503014732"
newyourk,2025-01-20T15:00:00,25.9,15.1,1.9,34.84,0,0,,0,0,26.1,12.2,270,1024.6,65,9.9,347,1.2,3,,Partially cloudy,partly-cloudy-day,"72505394728,KEWR,KLGA,72502014734,F1417,KNYC,72503014732"
newyourk,2025-01-20T16:00:00,24.7,14.8,1.5,35.89,0,0,,0,0,23.6,9.9,268,1025.4,34.2,9.9,30,0.1,0,,Partially cloudy,partly-cloudy-day,"72505394728,KEWR,KLGA,72502014734,F1417,KNYC,72503014732"
newyourk,2025-01-20T17:00:00,23.6,13.3,1.2,37.07,0,0,,0,0,23,10.1,262,1026.5,19.2,9.9,2,0,0,,Clear,clear-night,"72505394728,KEWR,KLGA,72502014734,F1417,KNYC,72503014732"
newyourk,2025-01-20T18:00:00,23.1,11.9,0.9,37.56,0,0,,0,0,25.3,11.3,279,1027.7,10.5,9.9,0,0,0,,Clear,clear-night,"72505394728,KEWR,KLGA,72502014734,F1417,KNYC,72503014732"
newyourk,2025-01-20T19:00:00,21.4,8.1,1.4,41.18,0,0,,0,1.97,13.2,14.7,256,1028.8,10.5,9.9,0,0,0,,Clear,clear-night,"72505394728,KEWR,KLGA,72502014734,F1417,KNYC,72503014732"
newyourk,2025-01-20T20:00:00,20.4,10.8,1.2,42.49,0,0,,0,0,27.7,7.9,266,1030.2,10.5,9.9,0,0,0,,Clear,clear-night,"72505394728,KEWR,KLGA,72502014734,F1417,KNYC,72503014732"
newyourk,2025-01-20T21:00:00,19.5,8.5,0,41.67,0,0,,0,0,21.2,9.7,278,1030.9,6.1,9.9,0,0,0,,Clear,clear-night,"72505394728,KEWR,KLGA,72502014734,F1417,KNYC,72503014732"
newyourk,2025-01-20T22:00:00,19.1,10.3,-0.2,42.09,0,0,,0,0,13,6.7,278,1031.3,0,9.9,0,0,0,,Clear,clear-night,"72505394728,KEWR,KLGA,72502014734,F1417,KNYC,72503014732"
newyourk,2025-01-20T23:00:00,18.3,8.6,-1.6,40.83,0,0,,0,0,18.2,7.4,272,1032.3,0,9.9,0,0,0,,Clear,clear-night,"72505394728,KEWR,KLGA,72502014734,F1417,KNYC,72503014732"
newyourk,2025-01-21T00:00:00,17.4,5.7,-2,41.64,0,0,,0,0,19,9.9,267,1032.6,0,9.9,0,0,0,,Clear,clear-night,"72505394728,KEWR,KLGA,72502014734,F1417,KNYC,72503014732"
newyourk,2025-01-21T01:00:00,16.4,5.7,-2.6,42.4,0,0,,0,1.97,14.3,8.1,283,1032.9,0,9.9,0,0,0,,Clear,clear-night,"72505394728,KEWR,KLGA,72502014734,F1417,KNYC,72503014732"
newyourk,2025-01-21T02:00:00,15.4,3.1,-2.9,43.45,0,0,,0,0,23,10.1,281,1033.3,0,9.9,0,0,0,,Clear,clear-night,"72505394728,KEWR,KLGA,72502014734,F1417,KNYC,72503014732"
newyourk,2025-01-21T03:00:00,14.3,2.4,-4,43.32,0,0,,0,0,21.9,9.1,283,1033.2,0,9.9,0,0,0,,Clear,clear-night,"72505394728,KEWR,KLGA,72502014734,F1417,KNYC,72503014732"
newyourk,2025-01-21T04:00:00,13.4,0.9,-4.6,43.81,0,0,,0,0,12.5,9.5,281,1033.3,0,9.9,0,0,0,,Clear,clear-night,"72505394728,KEWR,KLGA,72502014734,F1417,KNYC,72503014732"
newyourk,2025-01-21T05:00:00,12.9,2,-5.4,42.98,0,0,,0,0,11.6,7.6,268,1033.5,0,9.9,0,0,0,,Clear,clear-night,"72505394728,KEWR,KLGA,72502014734,F1417,KNYC,72503014732"
newyourk,2025-01-21T06:00:00,11.9,3,-4.7,46.58,0,0,,0,0,17.2,5.4,262,1034.1,6.1,9.9,0,0,0,,Clear,clear-night,"72505394728,KEWR,KLGA,72502014734,F1417,KNYC,72503014732"
newyourk,2025-01-21T07:00:00,12.1,0.6,-3.9,47.87,0,0,,0,1.97,11.9,8,253,1035.2,19.2,9.9,0,0,0,,Clear,clear-night,"72505394728,KEWR,KLGA,72502014734,F1417,KNYC,72503014732"
newyourk,2025-01-21T08:00:00,11.3,-3,-3.2,51.46,0,0,,0,0,20.8,11.6,245,1035.6,19.2,9.9,58,0.2,1,,Clear,clear-day,"72505394728,KEWR,KLGA,72502014734,F1417,KNYC,72503014732"
newyourk,2025-01-21T09:00:00,12.4,-0.7,-3.6,48.01,0,0,,0,0,17.2,10.2,289,1036.1,19.2,9.9,116,0.4,1,,Clear,clear-day,"72505394728,KEWR,KLGA,72502014734,F1417,KNYC,72503014732"
newyourk,2025-01-21T10:00:00,13.1,1.5,-2.8,48.43,0,0,,0,0,14.5,8.4,302,1035.1,34.2,9.9,214,0.8,2,,Partially cloudy,partly-cloudy-day,"72505394728,KEWR,KLGA,72502014734,F1417,KNYC,72503014732"
newyourk,2025-01-21T11:00:00,14.8,4.1,-3.4,43.51,0,0,,0,0,19.7,7.8,308,1035.1,53.4,9.9,301,1.1,3,,Partially cloudy,partly-cloudy-day,"72505394728,KEWR,KLGA,72502014734,F1417,KNYC,72503014732"
newyourk,2025-01-21T12:00:00,16.8,7.8,-4,38.77,0,0,,0,0,12.5,6.3,283,1034.1,50.9,9.9,420,1.5,4,,Partially cloudy,partly-cloudy-day,"72505394728,KEWR,KLGA,72502014734,F1417,KNYC,72503014732"
newyourk,2025-01-21T13:00:00,17.9,6.4,-4.8,35.63,0,0,,0,1.97,13.4,9.6,273,1032.4,34.2,9.9,279,1,3,,Partially cloudy,partly-cloudy-day,"72505394728,KEWR,KLGA,72502014734,F1417,KNYC,72503014732"
newyourk,2025-01-21T14:00:00,18.4,10.4,-4.4,35.46,0,0,,0,0,18.3,5.6,280,1031.2,90.6,9.9,193,0.7,2,,Overcast,cloudy,"72505394728,KEWR,KLGA,72502014734,F1417,KNYC,72503014732"
newyourk,2025-01-21T15:00:00,19.1,11.3,-5.9,32.13,0,0,,0,0,12.3,5.6,254,1030.5,36,9.9,106,0.4,1,,Partially cloudy,partly-cloudy-day,"72505394728,KEWR,KLGA,72502014734,F1417,KNYC,72503014732"
newyourk,2025-01-21T16:00:00,19.3,10.9,-5.6,32.27,0,0,,0,0,12.3,6.3,230,1030.8,97.5,9.9,31,0.1,0,,Overcast,cloudy,"72505394728,KEWR,KLGA,72502014734,F1417,KNYC,72503014732"
newyourk,2025-01-21T17:00:00,19.3,10.3,-3.9,35.07,0,0,,0,0,11.9,6.9,245,1030.7,100,9.9,0,0,0,,Overcast,cloudy,"72505394728,KEWR,KLGA,72502014734,F1417,KNYC,72503014732"
newyourk,2025-01-21T18:00:00,18.4,9.3,-4.6,35.14,0,0,,0,0,9.8,6.8,238,1031.1,100,9.9,0,0,0,,Overcast,cloudy,"72505394728,KEWR,KLGA,72502014734,F1417,KNYC,72503014732"
newyourk,2025-01-21T19:00:00,18.2,5.5,-3.4,37.61,0,0,,0,1.97,9.8,12,256,1031.2,100,9.9,0,0,0,,Overcast,cloudy,"72505394728,KEWR,KLGA,72502014734,F1417,KNYC,72503014732"
newyourk,2025-01-21T20:00:00,17.5,10.2,-2.7,40.06,0,0,,0,0,10.3,4.9,314,1031.7,99.1,9.9,0,0,0,,Overcast,cloudy,"72505394728,KEWR,KLGA,72502014734,F1417,KNYC,72503014732"
newyourk,2025-01-21T21:00:00,17.3,5.4,-3.8,38.33,0,0,,0,0,18.3,10.1,271,1031.5,63.8,9.9,0,0,0,,Partially cloudy,partly-cloudy-night,"72505394728,KEWR,KLGA,72502014734,F1417,KNYC,72503014732"
newyourk,2025-01-21T22:00:00,17.3,4.5,-3.7,38.6,0,0,,0,0,23,11.6,291,1031.2,51.8,9.9,0,0,0,,Partially cloudy,partly-cloudy-night,"72505394728,KEWR,KLGA,72502014734,F1417,KNYC,72503014732"
newyourk,2025-01-21T23:00:00,16.5,3.3,-3.2,40.79,0,0,,0,0,18.8,11.9,286,1031.6,36.7,9.9,0,0,0,,Partially cloudy,partly-cloudy-night,"72505394728,KEWR,KLGA,72502014734,F1417,KNYC,72503014732"
newyourk,2025-01-22T00:00:00,15.6,4.3,-4,40.82,0,0,,0,0,12.3,8.8,288,1032,34.2,9.9,0,0,0,,Partially cloudy,partly-cloudy-night,"72505394728,KEWR,KLGA,72502014734,F1417,KNYC,72503014732"
newyourk,2025-01-22T01:00:00,15.6,2.9,-4.7,39.47,0,0,,0,1.18,26.4,10.7,300,1031.6,34.2,9.9,0,0,0,,Partially cloudy,partly-cloudy-night,"72505394728,KEWR,KLGA,72502014734,F1417,KNYC,72503014732"
newyourk,2025-01-22T02:00:00,14.3,2.9,-4.4,42.6,0,0,,0,0,11.9,8.5,310,1032,25.5,9.9,0,0,0,,Partially cloudy,partly-cloudy-night,"72505394728,KEWR,KLGA,72502014734,F1417,KNYC,72503014732"
newyourk,2025-01-22T03:00:00,13.2,1,-4.6,44.09,0,0,,0,0,9.4,9.3,314,1032.6,34.2,9.9,0,0,0,,Partially cloudy,partly-cloudy-night,"72505394728,KEWR,KLGA,72502014734,F1417,KNYC,72503014732"
newyourk,2025-01-22T04:00:00,12.5,1.2,-4.9,44.81,0,0,,0,0,7.6,7.9,304,1032.3,25.5,9.9,0,0,0,,Partially cloudy,partly-cloudy-night,"72505394728,KEWR,KLGA,72502014734,F1417,KNYC,72503014732"
newyourk,2025-01-22T05:00:00,12.5,2.5,-4,46.75,0,0,,0,0,6,6.5,306,1031.7,34.2,9.9,0,0,0,,Partially cloudy,partly-cloudy-night,"72505394728,KEWR,KLGA,72502014734,F1417,KNYC,72503014732"
newyourk,2025-01-22T06:00:00,12.1,0.7,-4.2,47.25,0,0,,0,0,6.9,7.9,339,1032.2,28,9.9,0,0,0,,Partially cloudy,partly-cloudy-night,"72505394728,KEWR,KLGA,72502014734,F1417,KNYC,72503014732"
newyourk,2025-01-22T07:00:00,11.4,-0.2,-4.9,47,0,0,,0,1.18,7.8,8,325,1032.4,25.5,9.9,0,0,0,,Partially cloudy,partly-cloudy-night,"72505394728,KEWR,KLGA,72502014734,F1417,KNYC,72503014732"
newyourk,2025-01-22T08:00:00,11.4,-1.5,-4.5,47.9,0,0,,0,0,8.5,9.6,344,1032.8,28,9.9,20,0.1,0,,Partially cloudy,partly-cloudy-day,"72505394728,KEWR,KLGA,72502014734,F1417,KNYC,72503014732"
newyourk,2025-01-22T09:00:00,11.8,5,-4.5,47.05,0,0,,0,0,11.6,3.9,355,1032.4,19.2,9.9,121,0.4,1,,Clear,clear-day,"72505394728,KEWR,KLGA,72502014734,F1417,KNYC,72503014732"
newyourk,2025-01-22T10:00:00,13.9,1,-4.4,43.23,0,0,,0,0,13.9,10.5,356,1032.8,19.2,9.9,409,1.5,4,,Clear,clear-day,"72505394728,KEWR,KLGA,72502014734,F1417,KNYC,72503014732"
newyourk,2025-01-22T11:00:00,16.1,3.8,-5.3,37.65,0,0,,0,0,14.1,10.3,347,1033.1,15.6,9.9,523,1.9,5,,Clear,clear-day,"72505394728,KEWR,KLGA,72502014734,F1417,KNYC,72503014732"
newyourk,2025-01-22T12:00:00,18.4,8.5,-5,34.53,0,0,,0,0,13.6,7.8,357,1032.8,15.6,9.9,543,2,5,,Clear,clear-day,"72505394728,KEWR,KLGA,72502014734,F1417,KNYC,72503014732"
newyourk,2025-01-22T13:00:00,19.5,19.5,-4.7,33.52,0,0,,0,1.18,11.9,1.6,354,1032.7,10.5,9.9,516,1.9,5,,Clear,clear-day,"72505394728,KEWR,KLGA,72502014734,F1417,KNYC,72503014732"
newyourk,2025-01-22T14:00:00,19.7,19.7,-6.2,30.87,0,0,,0,0,6,1.6,46,1032.6,10.5,9.9,422,1.5,4,,Clear,clear-day,"72505394728,KEWR,KLGA,72502014734,F1417,KNYC,72503014732"
newyourk,2025-01-22T15:00:00,19.6,12.3,-6.2,30.95,0,0,,0,0,5.4,5.2,215,1032,10.5,9.9,279,1,3,,Clear,clear-day,"72505394728,KEWR,KLGA,72502014734,F1417,KNYC,72503014732"
newyourk,2025-01-22T16:00:00,19.8,19.8,-7.2,29.29,0,0,,0,0,6.5,2.6,271,1032.2,10.5,9.9,92,0.3,1,,Clear,clear-day,"72505394728,KEWR,KLGA,72502014734,F1417,KNYC,72503014732"
newyourk,2025-01-22T17:00:00,19.3,13.1,-5,33.29,0,0,,0,0,7.4,4.2,271,1032.3,14.1,9.9,0,0,0,,Clear,clear-day,"72505394728,KEWR,KLGA,72502014734,F1417,KNYC,72503014732"
newyourk,2025-01-22T18:00:00,19.1,11.9,-4.9,33.62,0,0,,0,0,6.7,5.1,249,1032.4,25.5,9.9,0,0,0,,Partially cloudy,partly-cloudy-night,"72505394728,KEWR,KLGA,72502014734,F1417,KNYC,72503014732"
newyourk,2025-01-22T19:00:00,19.3,11.1,-3.3,35.96,0,0,,0,1.18,6.7,6.1,266,1032.4,34.2,9.9,0,0,0,,Partially cloudy,partly-cloudy-night,"72505394728,KEWR,KLGA,72502014734,F1417,KNYC,72503014732"
newyourk,2025-01-22T20:00:00,19.3,10.1,-4,34.8,0,0,,0,0,7.4,7.1,250,1032.5,34.2,9.9,0,0,0,,Partially cloudy,partly-cloudy-night,"72505394728,KEWR,KLGA,72502014734,F1417,KNYC,72503014732"
newyourk,2025-01-22T21:00:00,19.1,10.4,-4.8,33.83,0,0,,0,0,7.8,6.6,261,1031.8,34.2,9.9,0,0,0,,Partially cloudy,partly-cloudy-night,"72505394728,KEWR,KLGA,72502014734,F1417,KNYC,72503014732"
newyourk,2025-01-22T22:00:00,18.9,9.4,-4,35.39,0,0,,0,0,7.2,7.4,242,1031.7,34.2,9.9,0,0,0,,Partially cloudy,partly-cloudy-night,"72505394728,KEWR,KLGA,72502014734,F1417,KNYC,72503014732"
newyourk,2025-01-22T23:00:00,17.9,10.3,-2.8,39.23,0,0,,0,0,6.5,5.2,234,1031.7,34.2,9.9,0,0,0,,Partially cloudy,partly-cloudy-night,"72505394728,KEWR,KLGA,72502014734,F1417,KNYC,72503014732"
newyourk,2025-01-23T00:00:00,17.8,9.9,-2.4,40.25,0,0,,0,0,5.8,5.4,220,1031.2,25.5,9.9,0,0,0,,Partially cloudy,partly-cloudy-night,"72505394728,KEWR,KLGA,72502014734,F1417,KNYC,72503014732"
newyourk,2025-01-23T01:00:00,17.2,9.9,-0.9,44.08,0,0,,0,1.18,6,4.9,263,1030,20,9.9,0,0,0,,Clear,clear-night,"72505394728,KEWR,KLGA,72502014734,F1417,KNYC,72503014732"
newyourk,2025-01-23T02:00:00,17.8,10.4,-2.2,40.52,0,0,,0,0,5.4,5,259,1030,29.5,9.9,0,0,0,,Partially cloudy,partly-cloudy-night,"72505394728,KEWR,KLGA,72502014734,F1417,KNYC,72503014732"
newyourk,2025-01-23T03:00:00,17.8,17.8,-0.5,43.99,0,0,,0,0,5.8,2.8,274,1029.5,34.2,9.9,0,0,0,,Partially cloudy,partly-cloudy-night,"72505394728,KEWR,KLGA,72502014734,F1417,KNYC,72503014732"
newyourk,2025-01-23T04:00:00,18.1,10.6,-0.2,43.95,0,0,,0,0,5.8,5.2,249,1029.4,36.7,9.9,0,0,0,,Partially cloudy,partly-cloudy-night,"72505394728,KEWR,KLGA,72502014734,F1417,KNYC,72503014732"
newyourk,2025-01-23T05:00:00,19,12.5,0.1,42.82,0,0,,0,0,5.4,4.4,266,1028.9,36.7,9.9,0,0,0,,Partially cloudy,partly-cloudy-night,"72505394728,KEWR,KLGA,72502014734,F1417,KNYC,72503014732"
newyourk,2025-01-23T06:00:00,18.3,11.3,1.6,47.32,0,0,,0,0,4.5,4.7,325,1028.1,32.2,9.9,0,0,0,,Partially cloudy,partly-cloudy-night,"72505394728,KEWR,KLGA,72502014734,F1417,KNYC,72503014732"
newyourk,2025-01-23T07:00:00,18.3,18.3,2.1,48.56,0,0,,0,1.18,4,0.8,353,1027.9,29.5,9.9,3,0,0,,Partially cloudy,partly-cloudy-night,"72505394728,KEWR,KLGA,72502014734,F1417,KNYC,72503014732"
newyourk,2025-01-23T08:00:00,19.6,19.6,3,47.96,0,0,,0,0,4.5,0.5,321,1027.3,29.5,9.9,54,0.2,1,,Partially cloudy,partly-cloudy-day,"72505394728,KEWR,KLGA,72502014734,F1417,KNYC,72503014732"
newyourk,2025-01-23T09:00:00,20.5,15.1,5.4,51.46,0,0,,0,0,5.8,3.7,217,1027.2,29.5,9.9,115,0.4,1,,Partially cloudy,partly-cloudy-day,"72505394728,KEWR,KLGA,72502014734,F1417,KNYC,72503014732"
newyourk,2025-01-23T10:00:00,21.4,13.3,4.8,48.21,0,0,,0,0,7.8,6.3,269,1027.4,29.5,9.9,435,1.6,4,,Partially cloudy,partly-cloudy-day,"72505394728,KEWR,KLGA,72502014734,F1417,KNYC,72503014732"
newyourk,2025-01-23T11:00:00,22.6,14.2,5.4,47.15,0,0,,0,0,8.9,6.9,239,1026.5,96.2,9.9,615,2.2,6,,Overcast,cloudy,"72505394728,KEWR,KLGA,72502014734,F1417,KNYC,72503014732"
newyourk,2025-01-23T12:00:00,25.7,18.4,3.5,37.91,0,0,,0,0,11,6.4,252,1024.9,29.5,9.9,525,1.9,5,,Partially cloudy,partly-cloudy-day,"72505394728,KEWR,KLGA,72502014734,F1417,KNYC,72503014732"
newyourk,2025-01-23T13:00:00,27,17.9,4.8,38.19,0,0,,0,1.18,23,9.3,228,1023.5,29.5,9.9,487,1.8,5,,Partially cloudy,partly-cloudy-day,"72505394728,KEWR,KLGA,72502014734,F1417,KNYC,72503014732"
newyourk,2025-01-23T14:00:00,27.6,19.5,6.2,39.52,0,0,,0,0,16.6,8.1,248,1022.1,29.5,9.9,442,1.6,4,,Partially cloudy,partly-cloudy-day,"72505394728,KEWR,KLGA,72502014734,F1417,KNYC,72503014732"
newyourk,2025-01-23T15:00:00,27.4,18.6,0.4,30.6,0,0,,0,0,18.3,9,237,1021.2,29.5,9.9,207,0.7,2,,Partially cloudy,partly-cloudy-day,"72505394728,KEWR,KLGA,72502014734,F1417,KNYC,72503014732"
newyourk,2025-01-23T16:00:00,27.6,19.9,0.1,29.92,0,0,,0,0,15,7.5,256,1020.6,29.5,9.9,60,0.2,1,,Partially cloudy,partly-cloudy-day,"72505394728,KEWR,KLGA,72502014734,F1417,KNYC,72503014732"
newyourk,2025-01-23T17:00:00,27.2,19.6,0.6,31.07,0,0,,0,0,10.3,7.2,256,1020.3,28,9.9,4,0,0,,Partially cloudy,partly-cloudy-day,"72505394728,KEWR,KLGA,72502014734,F1417,KNYC,72503014732"
newyourk,2025-01-23T18:00:00,26.5,18.8,1.9,34.06,0,0,,0,0,8.3,7.2,248,1020.3,19.2,9.9,0,0,0,,Clear,clear-night,"72505394728,KEWR,KLGA,72502014734,F1417,KNYC,72503014732"
newyourk,2025-01-23T19:00:00,26.1,18.9,2.9,36.17,0,0,,0,1.18,9.4,6.4,248,1020.5,15.6,9.9,0,0,0,,Clear,clear-night,"72505394728,KEWR,KLGA,72502014734,F1417,KNYC,72503014732"
newyourk,2025-01-23T20:00:00,26.1,19,3.1,36.51,0,0,,0,0,10.7,6.2,250,1020.5,10.5,9.9,0,0,0,,Clear,clear-night,"72505394728,KEWR,KLGA,72502014734,F1417,KNYC,72503014732"
newyourk,2025-01-23T21:00:00,26.2,16.4,3.3,36.65,0,0,,0,0,23,10.4,255,1020.4,10.5,9.9,0,0,0,,Clear,clear-night,"72505394728,KEWR,KLGA,72502014734,F1417,KNYC,72503014732"
newyourk,2025-01-23T22:00:00,25.4,14.6,4,39.21,0,0,,0,0,11.2,11.9,258,1020.1,10.5,9.9,0,0,0,,Clear,clear-night,"72505394728,KEWR,KLGA,72502014734,F1417,KNYC,72503014732"
newyourk,2025-01-23T23:00:00,24.6,12.6,5.6,43.73,0,0,,0,0,23,13.9,256,1020.1,10.5,9.9,0,0,0,,Clear,clear-night,"72505394728,KEWR,KLGA,72502014734,F1417,KNYC,72503014732"
newyourk,2025-01-24T00:00:00,25.2,17,5.9,43.24,0,0,,0,0,11.6,7.3,262,1019.9,10.5,9.9,0,0,0,,Clear,clear-night,"72505394728,KEWR,KLGA,72502014734,F1417,KNYC,72503014732"
newyourk,2025-01-24T01:00:00,24.4,18.5,6.6,46.03,0,0,,0,1.18,22.2,4.7,306,1019.5,4.4,9.9,0,0,0,,Clear,clear-night,"72505394728,KEWR,KLGA,72502014734,F1417,KNYC,72503014732"
newyourk,2025-01-24T02:00:00,23.9,16.2,7.1,47.99,0,0,,0,0,12.1,6.5,269,1019.7,0,9.9,0,0,0,,Clear,clear-night,"72505394728,KEWR,KLGA,72502014734,F1417,KNYC,72503014732"
newyourk,2025-01-24T03:00:00,23.8,18.1,7.1,48.28,0,0,,0,0,11.9,4.4,313,1020.4,0,9.9,0,0,0,,Clear,clear-night,"72505394728,KEWR,KLGA,72502014734,F1417,KNYC,72503014732"
newyourk,2025-01-24T04:00:00,22.3,13.5,6.9,50.97,0,0,,0,0,10.5,7.4,263,1019.8,0,9.9,0,0,0,,Clear,clear-night,"72505394728,KEWR,KLGA,72502014734,F1417,KNYC,72503014732"
newyourk,2025-01-24T05:00:00,23.1,14.8,7.9,51.59,0,0,,0,0,24.2,7,288,1020.1,0,9.9,0,0,0,,Clear,clear-night,"72505394728,KEWR,KLGA,72502014734,F1417,KNYC,72503014732"
newyourk,2025-01-24T06:00:00,23.7,16.7,8.6,51.98,0,0,,0,0,21.9,5.6,259,1020.4,0,9.9,0,0,0,,Clear,clear-night,"72505394728,KEWR,KLGA,72502014734,F1417,KNYC,72503014732"
newyourk,2025-01-24T07:00:00,23.7,15,9,52.79,0,0,,0,1.18,24.2,7.7,279,1021.3,7.2,9.9,3,0,0,,Clear,clear-night,"72505394728,KEWR,KLGA,72502014734,F1417,KNYC,72503014732"
newyourk,2025-01-24T08:00:00,23.4,14.1,10.1,56.44,0,0,,0,0,11.4,8.3,283,1021.7,10.5,9.9,57,0.2,1,,Clear,clear-day,"72505394728,KEWR,KLGA,72502014734,F1417,KNYC,72503014732"
newyourk,2025-01-24T09:00:00,25.5,14.4,11,53.57,0,0,,0,0,17.2,12.4,283,1022,6.1,9.9,190,0.7,2,,Clear,clear-day,"72505394728,KEWR,KLGA,72502014734,F1417,KNYC,72503014732"
newyourk,2025-01-24T10:00:00,27.8,18,11,48.78,0,0,,0,0,19,11,281,1022.2,6.1,9.9,426,1.5,4,,Clear,clear-day,"72505394728,KEWR,KLGA,72502014734,F1417,KNYC,72503014732"
newyourk,2025-01-24T11:00:00,29.5,20.2,10,43.51,0,0,,0,0,14.5,10.9,282,1022.5,10.5,9.9,518,1.9,5,,Clear,clear-day,"72505394728,KEWR,KLGA,72502014734,F1417,KNYC,72503014732"
newyourk,2025-01-24T12:00:00,30.5,23.3,8.4,38.96,0,0,,0,0,21.9,7.5,290,1022.1,10.5,9.9,554,2,6,,Clear,clear-day,"72505394728,KEWR,KLGA,72502014734,F1417,KNYC,72503014732"
newyourk,2025-01-24T13:00:00,31.7,24.2,8.4,37.01,0,0,,0,1.18,20.8,8.6,282,1021.5,10.5,9.9,520,1.9,5,,Clear,clear-day,"72505394728,KEWR,KLGA,72502014734,F1417,KNYC,72503014732"
newyourk,2025-01-24T14:00:00,32.6,24.3,8.5,35.99,0,0,,0,0,20.8,10.3,274,1021,10.5,9.9,430,1.5,4,,Clear,clear-day,"72505394728,KEWR,KLGA,72502014734,F1417,KNYC,72503014732"
newyourk,2025-01-24T15:00:00,32.8,25.4,7.8,34.49,0,0,,0,0,15.4,8.7,304,1020.4,10.5,9.9,292,1.1,3,,Clear,clear-day,"72505394728,KEWR,KLGA,72502014734,F1417,KNYC,72503014732"
newyourk,2025-01-24T16:00:00,32.8,27.6,7.6,34.14,0,0,,0,0,12.8,5.4,284,1020.7,10.5,9.9,106,0.4,1,,Clear,clear-day,"72505394728,KEWR,KLGA,72502014734,F1417,KNYC,72503014732"
newyourk,2025-01-24T17:00:00,32.4,25.7,6.9,33.61,0,0,,0,0,7.2,7.5,303,1021.4,10.5,9.9,6,0,0,,Clear,clear-day,"72505394728,KEWR,KLGA,72502014734,F1417,KNYC,72503014732"
newyourk,2025-01-24T18:00:00,31.3,27,7.6,36.35,0,0,,0,0,9.4,4.2,327,1022.3,19.2,9.9,0,0,0,,Clear,clear-night,"72505394728,KEWR,KLGA,72502014734,F1417,KNYC,72503014732"
newyourk,2025-01-24T19:00:00,30.4,24.1,7.6,37.68,0,0,,0,1.18,10.5,6.3,309,1023.1,29.5,9.9,0,0,0,,Partially cloudy,partly-cloudy-night,"72505394728,KEWR,KLGA,72502014734,F1417,KNYC,72503014732"
newyourk,2025-01-24T20:00:00,29.2,22.5,8.4,40.99,0,0,,0,0,11.4,6.5,309,1024,29.5,9.9,0,0,0,,Partially cloudy,partly-cloudy-night,"72505394728,KEWR,KLGA,72502014734,F1417,KNYC,72503014732"
newyourk,2025-01-24T21:00:00,28.3,22.7,7.4,40.54,0,0,,0,0,11.6,5.1,330,1024.2,29.5,9.9,0,0,0,,Partially cloudy,partly-cloudy-night,"72505394728,KEWR,KLGA,72502014734,F1417,KNYC,72503014732"
newyourk,2025-01-24T22:00:00,28.5,28.5,6.7,38.97,0,0,,0,0,11.2,2.1,350,1024.7,28,9.9,0,0,0,,Partially cloudy,partly-cloudy-night,"72505394728,KEWR,KLGA,72502014734,F1417,KNYC,72503014732"
newyourk,2025-01-24T23:00:00,27,27,7.4,42.86,0,0,,0,0,10.3,1.6,340,1024.9,28,9.9,0,0,0,,Partially cloudy,partly-cloudy-night,"72505394728,KEWR,KLGA,72502014734,F1417,KNYC,72503014732"
newyourk,2025-01-25T00:00:00,26.8,22.5,6.8,42.15,0,0,,0,0,9.2,3.6,322,1024.8,20.3,9.9,0,0,0,,Partially cloudy,partly-cloudy-night,"72505394728,KEWR,KLGA,72502014734,F1417,KNYC,72503014732"
newyourk,2025-01-25T01:00:00,25.8,25.8,6.8,43.93,0,0,,0,1.18,9.2,0,0,1024.8,14.1,9.9,0,0,0,,Clear,clear-night,"72505394728,KEWR,KLGA,72502014734,F1417,KNYC,72503014732"
newyourk,2025-01-25T02:00:00,25.4,20.7,8,47.05,0,0,,0,0,5.4,3.8,300,1025.3,10.5,9.9,0,0,0,,Clear,clear-night,"72505394728,KEWR,KLGA,72502014734,F1417,KNYC,72503014732"
newyourk,2025-01-25T03:00:00,24.5,24.5,7.2,47.24,0,0,,0,0,5.8,1.5,324,1025.8,10.5,9.9,0,0,0,,Clear,clear-night,"72505394728,KEWR,KLGA,72502014734,F1417,KNYC,72503014732"
newyourk,2025-01-25T04:00:00,24.6,20.1,8,48.6,0,0,,0,0,6,3.6,316,1025.4,10.5,9.9,0,0,0,,Clear,clear-night,"72505394728,KEWR,KLGA,72502014734,F1417,KNYC,72503014732"
newyourk,2025-01-25T05:00:00,23.6,18.2,8.1,50.92,0,0,,0,0,6.7,4.1,284,1025.9,10.5,9.9,0,0,0,,Clear,clear-night,"72505394728,KEWR,KLGA,72502014734,F1417,KNYC,72503014732"
newyourk,2025-01-25T06:00:00,23,14.9,7.1,49.95,0,0,,0,0,7.4,6.7,274,1026.5,10.5,9.9,0,0,0,,Clear,clear-night,"72505394728,KEWR,KLGA,72502014734,F1417,KNYC,72503014732"
newyourk,2025-01-25T07:00:00,21.2,14,6.9,53.39,0,0,,0,1.18,8.9,5.4,269,1027.4,10.5,9.9,2,0,0,,Clear,clear-night,"72505394728,KEWR,KLGA,72502014734,F1417,KNYC,72503014732"
newyourk,2025-01-25T08:00:00,21.4,12.3,6.2,51.28,0,0,,0,0,9.2,7.5,277,1027.8,10.5,9.9,47,0.2,0,,Clear,clear-day,"72505394728,KEWR,KLGA,72502014734,F1417,KNYC,72503014732"
newyourk,2025-01-25T09:00:00,22.5,13,6.3,49.17,0,0,,0,0,9.2,8.5,271,1028.2,10.5,9.9,241,0.9,2,,Clear,clear-day,"72505394728,KEWR,KLGA,72502014734,F1417,KNYC,72503014732"
newyourk,2025-01-25T10:00:00,23.9,15.8,5.7,45.17,0,0,,0,0,19.7,6.9,276,1028.5,10.5,9.9,446,1.6,4,,Clear,clear-day,"72505394728,KEWR,KLGA,72502014734,F1417,KNYC,72503014732"
newyourk,2025-01-25T11:00:00,26.2,17.2,5.5,40.55,0,0,,0,0,21.9,9.1,264,1028.3,10.5,9.9,528,1.9,5,,Clear,clear-day,"72505394728,KEWR,KLGA,72502014734,F1417,KNYC,72503014732"
newyourk,2025-01-25T12:00:00,27.8,19.6,5.1,37.36,0,0,,0,0,13,8.1,262,1027,89.5,9.9,475,1.7,5,,Partially cloudy,partly-cloudy-day,"72505394728,KEWR,KLGA,72502014734,F1417,KNYC,72503014732"
newyourk,2025-01-25T13:00:00,29.6,19.7,6.6,37.29,0,0,,0,1.18,15.4,12.1,262,1026,95.7,9.9,418,1.5,4,,Overcast,cloudy,"72505394728,KEWR,KLGA,72502014734,F1417,KNYC,72503014732"
newyourk,2025-01-25T14:00:00,30.5,23.4,6.9,36.3,0,0,,0,0,18.7,7.5,228,1025.4,34.2,9.9,403,1.5,4,,Partially cloudy,partly-cloudy-day,"72505394728,KEWR,KLGA,72502014734,F1417,KNYC,72503014732"
newyourk,2025-01-25T15:00:00,30.7,21.2,6.2,34.9,0,0,,0,0,17.4,12,235,1025.1,88.9,9.9,318,1.1,3,,Partially cloudy,partly-cloudy-day,"72505394728,KEWR,KLGA,72502014734,F1417,KNYC,72503014732"
newyourk,2025-01-25T16:00:00,31.3,22.8,5.2,32.62,0,0,,0,0,19.7,10.2,242,1024.9,79,9.9,146,0.5,1,,Partially cloudy,partly-cloudy-day,"72505394728,KEWR,KLGA,72502014734,F1417,KNYC,72503014732"
newyourk,2025-01-25T17:00:00,31.3,23,5.6,33.23,0,0,,0,0,21.9,9.7,244,1024.6,95.7,9.9,0,0,0,,Overcast,cloudy,"72505394728,KEWR,KLGA,72502014734,F1417,KNYC,72503014732"
newyourk,2025-01-25T18:00:00,31.1,24.8,8.2,37.6,0,0,,0,0,11.9,6.4,230,1024.6,97.5,9.9,0,0,0,,Overcast,cloudy,"72505394728,KEWR,KLGA,72502014734,F1417,KNYC,72503014732"
newyourk,2025-01-25T19:00:00,30.9,23.3,8.2,37.82,0,0,,0,1.18,14.1,8.5,238,1024.7,34.2,9.9,0,0,0,,Partially cloudy,partly-cloudy-night,"72505394728,KEWR,KLGA,72502014734,F1417,KNYC,72503014732"
newyourk,2025-01-25T20:00:00,30.9,24.4,8.5,38.31,0,0,,0,0,18.3,6.7,230,1024.5,34.2,9.9,0,0,0,,Partially cloudy,partly-cloudy-night,"72505394728,KEWR,KLGA,72502014734,F1417,KNYC,72503014732"
newyourk,2025-01-25T21:00:00,32.1,23.6,12.1,42.98,0,0,,0,0,22.4,10.5,226,1024.3,34.2,9.9,0,0,0,,Partially cloudy,partly-cloudy-night,"72505394728,KEWR,KLGA,72502014734,F1417,KNYC,72503014732"
newyourk,2025-01-25T22:00:00,32.1,24.8,13,44.81,0,0,,0,0,14.3,8.2,202,1024.1,34.2,9.9,0,0,0,,Partially cloudy,partly-cloudy-night,"72505394728,KEWR,KLGA,72502014734,F1417,KNYC,72503014732"
newyourk,2025-01-25T23:00:00,31.8,25,14.8,48.98,0,0,,0,0,13.9,7.4,198,1023.8,50.9,9.9,0,0,0,,Partially cloudy,partly-cloudy-night,"72505394728,KEWR,KLGA,72502014734,F1417,KNYC,72503014732"
newyourk,2025-01-26T00:00:00,31.8,25.9,15.5,50.52,0,0,,0,0,13.2,6.2,212,1023.2,50.9,9.9,0,0,0,,Partially cloudy,partly-cloudy-night,"72505394728,KEWR,KLGA,72502014734,F1417,KNYC,72503014732"
newyourk,2025-01-26T01:00:00,30.7,23.5,15.6,53.14,0,0,,0,0,12.3,7.6,210,1022.4,22.7,9.9,0,0,0,,Partially cloudy,partly-cloudy-night,"72505394728,KEWR,KLGA,72502014734,F1417,KNYC,72503014732"
newyourk,2025-01-26T02:00:00,31.7,24.8,16,51.99,0,0,,0,0,11.2,7.4,233,1021.8,88.9,9.9,0,0,0,,Partially cloudy,partly-cloudy-night,"72505394728,KEWR,KLGA,72502014734,F1417,KNYC,72503014732"
newyourk,2025-01-26T03:00:00,31.9,24.9,16.6,52.83,0,0,,0,0,18.3,7.8,224,1021,95.7,9.9,0,0,0,,Overcast,cloudy,"72505394728,KEWR,KLGA,72502014734,F1417,KNYC,72503014732"
newyourk,2025-01-26T04:00:00,31.8,25.5,17.5,55.25,0,0,,0,0,17.2,6.7,234,1020.2,34.2,9.9,0,0,0,,Partially cloudy,partly-cloudy-night,"72505394728,KEWR,KLGA,72502014734,F1417,KNYC,72503014732"
newyourk,2025-01-26T05:00:00,31.9,25.3,17.2,54.07,0,0,,0,0,15,7.1,228,1019.7,34.2,9.9,0,0,0,,Partially cloudy,partly-cloudy-night,"72505394728,KEWR,KLGA,72502014734,F1417,KNYC,72503014732"
newyourk,2025-01-26T06:00:00,32.1,25.3,17.7,54.92,0,0,,0,0,16.6,7.5,242,1019.8,50.9,9.9,0,0,0,,Partially cloudy,partly-cloudy-night,"72505394728,KEWR,KLGA,72502014734,F1417,KNYC,72503014732"
newyourk,2025-01-26T07:00:00,31.6,24.1,17.5,55.7,0,0,,0,0,24.2,8.4,277,1020.5,58.7,9.9,0,0,0,,Partially cloudy,partly-cloudy-night,"72505394728,KEWR,KLGA,72502014734,F1417,KNYC,72503014732"
newyourk,2025-01-26T08:00:00,33.6,26.3,16.8,49.68,0,0,,0,0,17.7,9,265,1020.4,88.9,9.9,19,0.1,0,,Partially cloudy,partly-cloudy-day,"72505394728,KEWR,KLGA,72502014734,F1417,KNYC,72503014732"
newyourk,2025-01-26T09:00:00,34.8,27.9,17.2,48.34,0,0,,0,0,18.1,8.6,264,1020.5,34.2,9.9,88,0.3,1,,Partially cloudy,partly-cloudy-day,"72505394728,KEWR,KLGA,72502014734,F1417,KNYC,72503014732"
newyourk,2025-01-26T10:00:00,37.7,29.1,18,44.63,0,0,,0,0,27.9,14.2,267,1020.6,34.2,9.9,140,0.5,1,,Partially cloudy,partly-cloudy-day,"72505394728,KEWR,KLGA,72502014734,F1417,KNYC,72503014732"
newyourk,2025-01-26T11:00:00,39.2,31.7,16.1,38.58,0,0,,0,0,25.9,12.4,266,1020.3,34.2,9.9,228,0.8,2,,Partially cloudy,partly-cloudy-day,"72505394728,KEWR,KLGA,72502014734,F1417,KNYC,72503014732"
newyourk,2025-01-26T12:00:00,40.1,34,16,37.23,0,0,,0,0,27.4,9.5,258,1019.6,34.2,9.9,358,1.3,4,,Partially cloudy,partly-cloudy-day,"72505394728,KEWR,KLGA,72502014734,F1417,KNYC,72503014732"
newyourk,2025-01-26T13:00:00,41.6,34.8,15.2,33.83,0,0,,0,0,25,12.5,252,1019.2,47.1,9.9,338,1.2,3,,Partially cloudy,partly-cloudy-day,"72505394728,KEWR,KLGA,72502014734,F1417,KNYC,72503014732"
newyourk,2025-01-26T14:00:00,42.7,34.6,13.8,30.53,0,0,,0,0,26.4,17.4,296,1019.1,50.9,9.9,376,1.4,4,,Partially cloudy,partly-cloudy-day,"72505394728,KEWR,KLGA,72502014734,F1417,KNYC,72503014732"
newyourk,2025-01-26T15:00:00,43,37.5,12.7,28.66,0,0,,0,0,22.3,9.8,268,1019.1,95.7,9.9,131,0.5,1,,Overcast,cloudy,"72505394728,KEWR,KLGA,72502014734,F1417,KNYC,72503014732"
newyourk,2025-01-26T16:00:00,42.5,35.8,14.5,31.71,0,0,,0,0,24.2,12.5,304,1019.6,34.2,9.9,118,0.4,1,,Partially cloudy,partly-cloudy-day,"72505394728,KEWR,KLGA,72502014734,F1417,KNYC,72503014732"
newyourk,2025-01-26T17:00:00,41.2,36.1,15.2,34.42,0,0,,0,0,12.3,7.8,290,1019.7,34.2,9.9,5,0,0,,Partially cloudy,partly-cloudy-day,"72505394728,KEWR,KLGA,72502014734,F1417,KNYC,72503014732"
newyourk,2025-01-26T18:00:00,39.8,35.8,16.1,37.68,0,0,,0,0,11,5.6,288,1020.2,34.2,9.9,0,0,0,,Partially cloudy,partly-cloudy-night,"72505394728,KEWR,KLGA,72502014734,F1417,KNYC,72503014732"
newyourk,2025-01-26T19:00:00,38.4,33.6,16.8,41.11,0,0,,0,0,11.2,6.4,287,1020.9,34.2,9.9,0,0,0,,Partially cloudy,partly-cloudy-night,"72505394728,KEWR,KLGA,72502014734,F1417,KNYC,72503014732"
newyourk,2025-01-26T20:00:00,37.3,34.4,17,43.31,0,0,,0,0,11,3.8,292,1020.9,28,9.9,0,0,0,,Partially cloudy,partly-cloudy-night,"72505394728,KEWR,KLGA,72502014734,F1417,KNYC,72503014732"
newyourk,2025-01-26T21:00:00,36.6,32.7,17.1,44.68,0,0,,0,0,10.3,4.8,298,1020.4,28,9.9,0,0,0,,Partially cloudy,partly-cloudy-night,"72505394728,KEWR,KLGA,72502014734,F1417,KNYC,72503014732"
newyourk,2025-01-26T22:00:00,35.4,30.8,15.5,43.82,0,0,,0,0,9.6,5.2,276,1019.8,19.2,9.9,0,0,0,,Clear,clear-night,"72505394728,KEWR,KLGA,72502014734,F1417,KNYC,72503014732"
newyourk,2025-01-26T23:00:00,34.3,34.3,13.1,41.21,0,0,,0,0,9.2,1.8,284,1019.6,19.2,9.9,0,0,0,,Clear,clear-night,"72505394728,KEWR,KLGA,72502014734,F1417,KNYC,72503014732"
newyourk,2025-01-27T00:00:00,35.5,30,11.4,36.39,0,0,,0,0,10.1,6.6,257,1019.4,19.2,9.9,0,0,0,,Clear,clear-night,"72505394728,KEWR,KLGA,72502014734,F1417,KNYC,72503014732"
newyourk,2025-01-27T01:00:00,34.6,28.5,12.9,40.43,0,0,,0,0,10.3,7.2,233,1018.6,19.2,9.9,0,0,0,,Clear,clear-night,"72505394728,KEWR,KLGA,72502014734,F1417,KNYC,72503014732"
newyourk,2025-01-27T02:00:00,33.7,26.1,12.9,41.79,0,0,,0,0,19.7,9.4,239,1017.8,19.2,9.9,0,0,0,,Clear,clear-night,"72505394728,KEWR,KLGA,72502014734,F1417,KNYC,72503014732"
newyourk,2025-01-27T03:00:00,34.6,28.2,13.2,40.87,0,0,,0,0,10.5,7.7,230,1017.9,35.9,9.9,0,0,0,,Partially cloudy,partly-cloudy-night,"72505394728,KEWR,KLGA,72502014734,F1417,KNYC,72503014732"
newyourk,2025-01-27T04:00:00,34.3,27.3,13,41.05,0,0,,0,0,19.7,8.6,238,1017.1,53.4,9.9,0,0,0,,Partially cloudy,partly-cloudy-night,"72505394728,KEWR,KLGA,72502014734,F1417,KNYC,72503014732"
newyourk,2025-01-27T05:00:00,33.8,26.7,12.8,41.37,0,0,,0,0,25.3,8.7,241,1016.7,29.5,9.9,0,0,0,,Partially cloudy,partly-cloudy-night,"72505394728,KEWR,KLGA,72502014734,F1417,KNYC,72503014732"
newyourk,2025-01-27T06:00:00,32.2,25.4,12.4,43.36,0,0,,0,0,26.4,7.5,248,1017.1,19.2,9.9,0,0,0,,Clear,clear-night,"72505394728,KEWR,KLGA,72502014734,F1417,KNYC,72503014732"
newyourk,2025-01-27T07:00:00,32.1,25.2,11.2,41.33,0,0,,0,0,25.3,7.6,278,1017.4,15.6,9.9,2,0,0,,Clear,clear-night,"72505394728,KEWR,KLGA,72502014734,F1417,KNYC,72503014732"
newyourk,2025-01-27T08:00:00,31.5,22.8,11.2,42.21,0,0,,0,0,19.4,10.7,282,1017.5,10.5,9.9,68,0.2,1,,Clear,clear-day,"72505394728,KEWR,KLGA,72502014734,F1417,KNYC,72503014732"
newyourk,2025-01-27T09:00:00,32.8,25.6,11.2,40.15,0,0,,0,0,21.9,8.3,260,1017.6,10.5,9.9,156,0.6,2,,Clear,clear-day,"72505394728,KEWR,KLGA,72502014734,F1417,KNYC,72503014732"
newyourk,2025-01-27T10:00:00,34,26.7,10.2,36.49,0,0,,0,0,18.3,9.2,250,1017.2,4.4,9.9,451,1.6,5,,Clear,clear-day,"72505394728,KEWR,KLGA,72502014734,F1417,KNYC,72503014732"
newyourk,2025-01-27T11:00:00,36.2,30.3,10,33.18,0,0,,0,0,15.2,7.5,236,1017.2,0,9.9,534,1.9,5,,Clear,clear-day,"72505394728,KEWR,KLGA,72502014734,F1417,KNYC,72503014732"
newyourk,2025-01-27T12:00:00,37.6,30.7,10,31.39,0,0,,0,0,24.2,9.9,239,1015.5,0,9.9,564,2,6,,Clear,clear-day,"72505394728,KEWR,KLGA,72502014734,F1417,KNYC,72503014732"
newyourk,2025-01-27T13:00:00,38,28.9,9.9,30.84,0,0,,0,0,27,15.9,224,1014.3,0,9.9,534,1.9,5,,Clear,clear-day,"72505394728,KEWR,KLGA,72502014734,F1417,KNYC,72503014732"
newyourk,2025-01-27T14:00:00,39.7,33.5,9.7,28.54,0,0,,0,0,25.2,9.6,232,1012.7,0,9.9,445,1.6,4,,Clear,clear-day,"72505394728,KEWR,KLGA,72502014734,F1417,KNYC,72503014732"
newyourk,2025-01-27T15:00:00,40.5,33.5,8.6,26.46,0,0,,0,0,21.9,11.8,232,1011.1,4.4,9.9,313,1.1,3,,Clear,clear-day,"72505394728,KEWR,KLGA,72502014734,F1417,KNYC,72503014732"
newyourk,2025-01-27T16:00:00,40.5,35.7,5.3,22.71,0,0,,0,0,29.8,7.1,295,1010.2,10.5,9.9,124,0.4,1,,Clear,clear-day,"72505394728,KEWR,KLGA,72502014734,F1417,KNYC,72503014732"
newyourk,2025-01-27T17:00:00,39.5,32.1,2.9,21.1,0,0,,0,0,20.6,12.5,238,1009.1,10.5,9.9,7,0,0,,Clear,clear-day,"72505394728,KEWR,KLGA,72502014734,F1417,KNYC,72503014732"
newyourk,2025-01-27T18:00:00,39.4,33,3.1,21.41,0,0,,0,0,22.5,9.6,224,1008.2,10.5,9.9,0,0,0,,Clear,clear-night,"72505394728,KEWR,KLGA,72502014734,F1417,KNYC,72503014732"
newyourk,2025-01-27T19:00:00,38.1,33,5.1,24.68,0,0,,0,0,19.7,6.8,238,1007.7,10.5,9.9,0,0,0,,Clear,clear-night,"72505394728,KEWR,KLGA,72502014734,F1417,KNYC,72503014732"
newyourk,2025-01-27T20:00:00,38.6,33,5.2,24.28,0,0,,0,0,21.9,7.9,200,1006.7,10.5,9.2,0,0,0,,Clear,clear-night,"72505394728,KEWR,KLGA,72502014734,F1417,KNYC,72503014732"
newyourk,2025-01-27T21:00:00,38.6,32.3,12.8,34.23,0,0,,0,0,27.5,9.3,216,1005.5,10.5,9.9,0,0,0,,Clear,clear-night,"72505394728,KEWR,KLGA,72502014734,F1417,KNYC,72503014732"
newyourk,2025-01-27T22:00:00,37.1,29.6,15,40.04,0,0,,0,0,28.4,11.1,224,1004.6,14.1,9.9,0,0,0,,Clear,clear-night,"72505394728,KEWR,KLGA,72502014734,F1417,KNYC,72503014732"
newyourk,2025-01-27T23:00:00,37.1,29.5,18,45.41,0,0,,0,0,32.4,11.3,220,1003.6,28,9.9,0,0,0,,Partially cloudy,partly-cloudy-night,"72505394728,KEWR,KLGA,72502014734,F1417,KNYC,72503014732"
newyourk,2025-01-28T00:00:00,37.5,28.5,19,46.87,0,0,,0,0,32.2,15.5,220,1002.6,28,9.9,0,0,0,,Partially cloudy,partly-cloudy-night,"72505394728,KEWR,KLGA,72502014734,F1417,KNYC,72503014732"
newyourk,2025-01-28T01:00:00,37,29.9,17.4,44.59,0,0,,0,0,23.6,10.1,240,1001.5,29.5,9.9,0,0,0,,Partially cloudy,partly-cloudy-night,"72505394728,KEWR,KLGA,72502014734,F1417,KNYC,72503014732"
newyourk,2025-01-28T02:00:00,37.9,29.2,13.1,35.76,0,0,,0,0,27.1,14.8,238,1000.6,29.5,9.9,0,0,0,,Partially cloudy,partly-cloudy-night,"72505394728,KEWR,KLGA,72502014734,F1417,KNYC,72503014732"
newyourk,2025-01-28T03:00:00,37.9,30,11.8,33.67,0,0,,0,0,24.1,12.4,237,1000.1,32.2,9.9,0,0,0,,Partially cloudy,partly-cloudy-night,"72505394728,KEWR,KLGA,72502014734,F1417,KNYC,72503014732"
newyourk,2025-01-28T04:00:00,38.1,29.8,10,30.81,0,0,,0,0,28,13.9,246,999.2,32.2,9.9,0,0,0,,Partially cloudy,partly-cloudy-night,"72505394728,KEWR,KLGA,72502014734,F1417,KNYC,72503014732"
newyourk,2025-01-28T05:00:00,37.5,27.6,8.7,29.81,0,0,,0,0,33.3,18.6,252,999.1,29.5,9.9,0,0,0,,Partially cloudy,partly-cloudy-night,"72505394728,KEWR,KLGA,72502014734,F1417,KNYC,72503014732"
newyourk,2025-01-28T06:00:00,38.6,30.8,10.7,31.23,0,0,,0,0,29,12.7,246,999.6,100,9.9,0,0,0,,Overcast,cloudy,"72505394728,KEWR,KLGA,72502014734,F1417,KNYC,72503014732"
newyourk,2025-01-28T07:00:00,38.4,29.9,12.8,34.57,0,0,,0,0,32.2,14.7,254,1000.2,100,9.9,0,0,0,,Overcast,cloudy,"72505394728,KEWR,KLGA,72502014734,F1417,KNYC,72503014732"
newyourk,2025-01-28T08:00:00,37.8,28.1,15.9,40.4,0,0,,0,0,31.5,18.3,250,1001,79.3,9.9,69,0.2,1,,Partially cloudy,partly-cloudy-day,"72505394728,KEWR,KLGA,72502014734,F1417,KNYC,72503014732"
newyourk,2025-01-28T09:00:00,38.9,30.6,17,40.62,0,0,,0,0,33,14.6,244,1001.4,83.4,9.9,81,0.3,1,,Partially cloudy,partly-cloudy-day,"72505394728,KEWR,KLGA,72502014734,F1417,KNYC,72503014732"
newyourk,2025-01-28T10:00:00,40.5,32.5,18.8,41.38,0,0,,0,0,28.2,14.6,272,1001.9,79.3,9.9,197,0.7,2,,Partially cloudy,partly-cloudy-day,"72505394728,KEWR,KLGA,72502014734,F1417,KNYC,72503014732"
newyourk,2025-01-28T11:00:00,40.2,30.5,19.2,42.42,0,0,,0,0,37.8,20.9,292,1003.3,79.3,9.9,540,1.9,5,,Partially cloudy,partly-cloudy-day,"72505394728,KEWR,KLGA,72502014734,F1417,KNYC,72503014732"
newyourk,2025-01-28T12:00:00,42.5,35.2,13,29.75,0,0,,0,0,35.4,14.4,290,1003.4,38.1,9.9,463,1.7,5,,Partially cloudy,partly-cloudy-day,"72505394728,KEWR,KLGA,72502014734,F1417,KNYC,72503014732"
newyourk,2025-01-28T13:00:00,40.7,31.6,12.9,31.84,0,0,,0,0,36,18.8,302,1004.1,19.2,9.9,541,1.9,5,,Clear,clear-day,"72505394728,KEWR,KLGA,72502014734,F1417,KNYC,72503014732"
newyourk,2025-01-28T14:00:00,39.8,31.3,13,33.02,0,0,,0,0,33.5,16,305,1004.1,35.9,9.9,448,1.6,4,,Partially cloudy,partly-cloudy-day,"72505394728,KEWR,KLGA,72502014734,F1417,KNYC,72503014732"
newyourk,2025-01-28T15:00:00,38.9,30.9,11,31.23,0,0,,0,0,27.9,13.5,314,1004.4,29.5,9.9,285,1,3,,Partially cloudy,partly-cloudy-day,"72505394728,KEWR,KLGA,72502014734,F1417,KNYC,72503014732"
newyourk,2025-01-28T16:00:00,38,29.2,10.8,32.12,0,0,,0,0,28.7,15,326,1004.9,29.5,9.9,86,0.3,1,,Partially cloudy,partly-cloudy-day,"72505394728,KEWR,KLGA,72502014734,F1417,KNYC,72503014732"
newyourk,2025-01-28T17:00:00,36.6,30.2,10.1,32.95,0,0,,0,0,11.4,8.3,332,1005.3,29.5,9.9,7,0,0,,Partially cloudy,partly-cloudy-day,"72505394728,KEWR,KLGA,72502014734,F1417,KNYC,72503014732"
newyourk,2025-01-28T18:00:00,35.4,35.4,10.4,34.97,0,0,,0,0,5.1,2,346,1005.8,29.5,9.9,0,0,0,,Partially cloudy,partly-cloudy-night,"72505394728,KEWR,KLGA,72502014734,F1417,KNYC,72503014732"
newyourk,2025-01-28T19:00:00,33.8,30.7,11,38.3,0,0,,0,0,5.4,3.6,82,1006.1,29.5,9.9,0,0,0,,Partially cloudy,partly-cloudy-night,"72505394728,KEWR,KLGA,72502014734,F1417,KNYC,72503014732"
newyourk,2025-01-28T20:00:00,33.8,33.8,11.3,38.77,0,0,,0,0,6.7,0.8,24,1005.7,29.5,9.9,0,0,0,,Partially cloudy,partly-cloudy-night,"72505394728,KEWR,KLGA,72502014734,F1417,KNYC,72503014732"
newyourk,2025-01-28T21:00:00,35.4,31.3,12.2,37.83,0,0,,0,0,7.8,4.7,152,1004.7,29.5,9.9,0,0,0,,Partially cloudy,partly-cloudy-night,"72505394728,KEWR,KLGA,72502014734,F1417,KNYC,72503014732"
newyourk,2025-01-28T22:00:00,34.8,29.8,14.1,42.04,0,0,,0,0,9.6,5.7,148,1004.4,88.8,9.9,0,0,0,,Partially cloudy,partly-cloudy-night,"72505394728,KEWR,KLGA,72502014734,F1417,KNYC,72503014732"
newyourk,2025-01-28T23:00:00,35.6,35.6,17.1,46.51,0,0,,0,0,11.4,1.1,318,1003.1,98.9,9.9,0,0,0,,Overcast,cloudy,"72505394728,KEWR,KLGA,72502014734,F1417,KNYC,72503014732"
newyourk,2025-01-29T00:00:00,36.8,30.6,19,48.17,0,0,,0,0,13,8.1,180,1001.4,96.2,9.9,0,0,0,,Overcast,cloudy,"72505394728,KEWR,KLGA,72502014734,F1417,KNYC,72503014732"
newyourk,2025-01-29T01:00:00,38.8,38.8,21.5,49.45,0,0,,0,0,15.7,2.3,93,999.8,88.8,9.9,0,0,0,,Partially cloudy,partly-cloudy-night,"72505394728,KEWR,KLGA,72502014734,F1417,KNYC,72503014732"
newyourk,2025-01-29T02:00:00,39.2,34.2,20.9,47.55,0,0,,0,0,16.3,6.9,222,998.8,100,9.9,0,0,0,,Overcast,cloudy,"72505394728,KEWR,KLGA,72502014734,F1417,KNYC,72503014732"
newyourk,2025-01-29T03:00:00,37.8,31.9,20.6,49.51,0,0,,0,0,18.5,8.1,230,998.7,82.6,9.9,0,0,0,,Partially cloudy,partly-cloudy-night,"72505394728,KEWR,KLGA,72502014734,F1417,KNYC,72503014732"
newyourk,2025-01-29T04:00:00,38.5,31.8,20,46.91,0,0,,0,0,20.3,10,236,997.9,97.3,9.9,0,0,0,,Overcast,cloudy,"72505394728,KEWR,KLGA,72502014734,F1417,KNYC,72503014732"
newyourk,2025-01-29T05:00:00,38.7,32.1,20,46.5,0,0,,0,0,21.2,9.9,235,997.9,14.4,9.9,0,0,0,,Clear,clear-night,"72505394728,KEWR,KLGA,72502014734,F1417,KNYC,72503014732"
newyourk,2025-01-29T06:00:00,40.2,33.7,20.1,44.19,0,0,,0,0,18.3,10.5,231,997.6,10.5,9.9,0,0,0,,Clear,clear-night,"72505394728,KEWR,KLGA,72502014734,F1417,KNYC,72503014732"
newyourk,2025-01-29T07:00:00,40.1,32.8,20.9,45.74,0,0,,0,0,25.7,12.7,228,998,19.2,9.9,2,0,0,,Clear,clear-night,"72505394728,KEWR,KLGA,72502014734,F1417,KNYC,72503014732"
newyourk,2025-01-29T08:00:00,40.4,34.4,21.1,45.57,0,0,,0,0,23,9.6,226,998.1,28,9.9,72,0.3,1,,Partially cloudy,partly-cloudy-day,"72505394728,KEWR,KLGA,72502014734,F1417,KNYC,72503014732"
newyourk,2025-01-29T09:00:00,42.4,35.8,21.6,43.24,0,0,,0,0,24.3,12.1,238,998.4,29.5,9.9,227,0.8,2,,Partially cloudy,partly-cloudy-day,"72505394728,KEWR,KLGA,72502014734,F1417,KNYC,72503014732"
newyourk,2025-01-29T10:00:00,45,39.5,21.8,39.54,0,0,,0,0,24.4,10.9,238,997.8,50,9.9,431,1.6,4,,Partially cloudy,partly-cloudy-day,"72505394728,KEWR,KLGA,72502014734,F1417,KNYC,72503014732"
newyourk,2025-01-29T11:00:00,48.1,42.4,23.1,37.04,0,0,,0,0,27.5,14.3,242,997.2,19.2,9.9,532,1.9,5,,Clear,clear-day,"72505394728,KEWR,KLGA,72502014734,F1417,KNYC,72503014732"
newyourk,2025-01-29T12:00:00,50.6,50.6,22.9,33.55,0,0,,0,0,39,14,250,996.7,38.1,9.9,659,2.4,7,,Partially cloudy,partly-cloudy-day,"72505394728,KEWR,KLGA,72502014734,F1417,KNYC,72503014732"
newyourk,2025-01-29T13:00:00,50.7,50.7,22.7,33.07,0,0,,0,0,42.6,23.1,258,996.3,88.8,9.9,316,1.1,3,,Partially cloudy,partly-cloudy-day,"72505394728,KEWR,KLGA,72502014734,F1417,KNYC,72503014732"
newyourk,2025-01-29T14:00:00,51.9,51.9,20.2,28.46,0,0,,0,0,31.7,17.6,274,996,53.4,9.9,240,0.9,2,,Partially cloudy,partly-cloudy-day,"72505394728,KEWR,KLGA,72502014734,F1417,KNYC,72503014732"
newyourk,2025-01-29T15:00:00,50.9,50.9,17.4,26.19,0,0,,0,0,39,18.2,278,997.3,88.8,9.9,103,0.4,1,,Partially cloudy,partly-cloudy-day,"72505394728,KEWR,KLGA,72502014734,F1417,KNYC,72503014732"
newyourk,2025-01-29T16:00:00,48.1,41.1,22,35.48,0,0,,0,0,37.6,20,292,999.5,88.8,9.9,116,0.4,1,,Partially cloudy,partly-cloudy-day,"72505394728,KEWR,KLGA,72502014734,F1417,KNYC,72503014732"
newyourk,2025-01-29T17:00:00,46.8,40.5,22.2,37.43,0,0,,0,0,38.6,15.3,287,1000.8,58.7,9.9,6,0,0,,Partially cloudy,partly-cloudy-day,"72505394728,KEWR,KLGA,72502014734,F1417,KNYC,72503014732"
newyourk,2025-01-29T18:00:00,44.4,37.3,21.2,39.37,0,0,,0,0,30.6,15.5,288,1002.1,50,9.9,0,0,0,,Partially cloudy,partly-cloudy-night,"72505394728,KEWR,KLGA,72502014734,F1417,KNYC,72503014732"
newyourk,2025-01-29T19:00:00,44.4,36.8,16.4,32,0,0,,0,0,33.6,17.8,283,1003.4,89.5,9.9,0,0,0,,Partially cloudy,partly-cloudy-night,"72505394728,KEWR,KLGA,72502014734,F1417,KNYC,72503014732"
newyourk,2025-01-29T20:00:00,40.3,31.2,15.8,36.47,0,0,,0,0,35.6,19.1,308,1005.6,62.8,9.9,0,0,0,,Partially cloudy,partly-cloudy-night,"72505394728,KEWR,KLGA,72502014734,F1417,KNYC,72503014732"
newyourk,2025-01-29T21:00:00,38.5,29.5,14.5,37.05,0,0,,0,0,33.2,16.3,294,1007.2,19.2,9.9,0,0,0,,Clear,clear-night,"72505394728,KEWR,KLGA,72502014734,F1417,KNYC,72503014732"
newyourk,2025-01-29T22:00:00,37.1,27.1,12.8,36.32,0,0,,0,0,35.2,18.6,300,1009,44.8,9.9,0,0,0,,Partially cloudy,partly-cloudy-night,"72505394728,KEWR,KLGA,72502014734,F1417,KNYC,72503014732"
newyourk,2025-01-29T23:00:00,34.4,22.4,14,42.65,0,0,,0,0,40.9,22.6,316,1010.4,27.1,9.9,0,0,0,,Partially cloudy,partly-cloudy-night,"72505394728,KEWR,KLGA,72502014734,F1417,KNYC,72503014732"
newyourk,2025-01-30T00:00:00,32.2,20.7,12.1,42.79,0,0,,0,0,36.8,18.4,303,1012.2,4.4,9.9,0,0,0,,Clear,clear-night,"72505394728,KEWR,KLGA,72502014734,F1417,KNYC,72503014732"
newyourk,2025-01-30T01:00:00,30.7,18,10.3,41.92,0,0,,0,0,38.4,21,304,1013.3,10.5,9.9,0,0,0,,Clear,clear-night,"72505394728,KEWR,KLGA,72502014734,F1417,KNYC,72503014732"
newyourk,2025-01-30T02:00:00,30.3,21.1,8.5,39.49,0,0,,0,0,32,11.1,317,1015,10.5,9.9,0,0,0,,Clear,clear-night,"72505394728,KEWR,KLGA,72502014734,F1417,KNYC,72503014732"
newyourk,2025-01-30T03:00:00,29.2,18.3,6.5,37.61,0,0,,0,0,26.1,14.3,310,1016.3,10.5,9.9,0,0,0,,Clear,clear-night,"72505394728,KEWR,KLGA,72502014734,F1417,KNYC,72503014732"
newyourk,2025-01-30T04:00:00,27.4,17,5.1,37.93,0,0,,0,0,33.4,12,308,1017.1,0,9.9,0,0,0,,Clear,clear-night,"72505394728,KEWR,KLGA,72502014734,F1417,KNYC,72503014732"
newyourk,2025-01-30T05:00:00,27,16.2,4.5,37.57,0,0,,0,0,23.2,12.5,305,1018.2,6.1,9.9,0,0,0,,Clear,clear-night,"72505394728,KEWR,KLGA,72502014734,F1417,KNYC,72503014732"
newyourk,2025-01-30T06:00:00,26.4,15.7,3.7,37.15,0,0,,0,0,26.4,12.2,301,1019.6,4.4,9.9,0,0,0,,Clear,clear-night,"72505394728,KEWR,KLGA,72502014734,F1417,KNYC,72503014732"
newyourk,2025-01-30T07:00:00,25.5,14.6,4.1,39.32,0,0,,0,0,20.8,11.9,332,1021.3,4.4,9.9,4,0,0,,Clear,clear-night,"72505394728,KEWR,KLGA,72502014734,F1417,KNYC,72503014732"
newyourk,2025-01-30T08:00:00,25.6,15.5,4,38.96,0,0,,0,0,18.1,10.5,315,1023,4.4,9.9,80,0.3,1,,Clear,clear-day,"72505394728,KEWR,KLGA,72502014734,F1417,KNYC,72503014732"
newyourk,2025-01-30T09:00:00,27,16.9,4.3,37.19,0,0,,0,0,21.2,11.3,314,1023.8,10.5,9.9,217,0.8,2,,Clear,clear-day,"72505394728,KEWR,KLGA,72502014734,F1417,KNYC,72503014732"
newyourk,2025-01-30T10:00:00,27.9,18.5,4.7,36.68,0,0,,0,0,17.2,10.1,307,1024.3,10.5,9.9,456,1.6,5,,Clear,clear-day,"72505394728,KEWR,KLGA,72502014734,F1417,KNYC,72503014732"
newyourk,2025-01-30T11:00:00,29.7,20.7,5.6,35.35,0,0,,0,0,14.8,10.4,306,1024.5,10.5,9.9,547,2,5,,Clear,clear-day,"72505394728,KEWR,KLGA,72502014734,F1417,KNYC,72503014732"
newyourk,2025-01-30T12:00:00,31.6,23.3,6.3,33.84,0,0,,0,0,21.6,9.9,302,1025.1,10.5,9.9,574,2.1,6,,Clear,clear-day,"72505394728,KEWR,KLGA,72502014734,F1417,KNYC,72503014732"
newyourk,2025-01-30T13:00:00,33.6,25.3,6.7,31.73,0,0,,0,0,21,10.9,273,1024.4,19.2,9.9,603,2.2,6,,Clear,clear-day,"72505394728,KEWR,KLGA,72502014734,F1417,KNYC,72503014732"
newyourk,2025-01-30T14:00:00,34.8,27.6,6.7,30.29,0,0,,0,0,20.8,9.1,282,1023.3,28,9.9,448,1.6,4,,Partially cloudy,partly-cloudy-day,"72505394728,KEWR,KLGA,72502014734,F1417,KNYC,72503014732"
newyourk,2025-01-30T15:00:00,35.9,29.9,7.5,30.02,0,0,,0,0,11.2,7.5,250,1023.5,34.2,9.9,274,1,3,,Partially cloudy,partly-cloudy-day,"72505394728,KEWR,KLGA,72502014734,F1417,KNYC,72503014732"
newyourk,2025-01-30T16:00:00,36.6,31.8,7.4,29.13,0,0,,0,0,10.7,5.8,262,1023.7,34.2,9.9,122,0.4,1,,Partially cloudy,partly-cloudy-day,"72505394728,KEWR,KLGA,72502014734,F1417,KNYC,72503014732"
newyourk,2025-01-30T17:00:00,35.7,29.3,8.2,31.29,0,0,,0,0,8.9,8.1,230,1023.9,34.2,9.9,3,0,0,,Partially cloudy,partly-cloudy-day,"72505394728,KEWR,KLGA,72502014734,F1417,KNYC,72503014732"
newyourk,2025-01-30T18:00:00,35.7,33.4,9,32.4,0,0,,0,0,16.1,3.1,295,1024.5,50.9,9.9,0,0,0,,Partially cloudy,partly-cloudy-night,"72505394728,KEWR,KLGA,72502014734,F1417,KNYC,72503014732"
newyourk,2025-01-30T19:00:00,36.2,32.1,9.2,32.11,0,0,,0,0,8.3,5,198,1024.2,30.5,9.9,0,0,0,,Partially cloudy,partly-cloudy-night,"72505394728,KEWR,KLGA,72502014734,F1417,KNYC,72503014732"
newyourk,2025-01-30T20:00:00,36.2,36.2,10.5,33.95,0,0,,0,0,8.7,2.3,341,1023.9,34.2,9.9,0,0,0,,Partially cloudy,partly-cloudy-night,"72505394728,KEWR,KLGA,72502014734,F1417,KNYC,72503014732"
newyourk,2025-01-30T21:00:00,36.5,31.8,12.5,36.75,0,0,,0,0,10.5,5.7,162,1023.7,34.2,9.9,0,0,0,,Partially cloudy,partly-cloudy-night,"72505394728,KEWR,KLGA,72502014734,F1417,KNYC,72503014732"
newyourk,2025-01-30T22:00:00,35.8,29,21.1,54.64,0,0,,0,0,12.3,8.9,192,1023.6,34.2,9.9,0,0,0,,Partially cloudy,partly-cloudy-night,"72505394728,KEWR,KLGA,72502014734,F1417,KNYC,72503014732"
newyourk,2025-01-30T23:00:00,36.8,31.7,22.9,56.83,0,0,,0,0,13.2,6.3,186,1022.7,34.2,9.9,0,0,0,,Partially cloudy,partly-cloudy-night,"72505394728,KEWR,KLGA,72502014734,F1417,KNYC,72503014732"
newyourk,2025-01-31T00:00:00,37.6,32.3,25.8,62.35,0,0,,0,0,13.2,6.9,180,1021.7,34.2,9.9,0,0,0,,Partially cloudy,partly-cloudy-night,"72505394728,KEWR,KLGA,72502014734,F1417,KNYC,72503014732"
newyourk,2025-01-31T01:00:00,38.5,33.1,28.2,66.42,0,0,,0,0,13.2,7.3,72,1020.8,36.7,9.9,0,0,0,,Partially cloudy,partly-cloudy-night,"72505394728,KEWR,KLGA,72502014734,F1417,KNYC,72503014732"
newyourk,2025-01-31T02:00:00,39.1,35.9,29.7,68.74,0,0,,0,0,12.5,4.4,226,1019.7,36.7,9.9,0,0,0,,Partially cloudy,partly-cloudy-night,"72505394728,KEWR,KLGA,72502014734,F1417,KNYC,72503014732"
newyourk,2025-01-31T03:00:00,39.1,35.1,30.8,71.92,0,0,,0,0,10.1,5.4,125,1019.1,30.5,9.9,0,0,0,,Partially cloudy,partly-cloudy-night,"72505394728,KEWR,KLGA,72502014734,F1417,KNYC,72503014732"
newyourk,2025-01-31T04:00:00,38.1,38.1,30.5,73.76,0,0,,0,0,10.7,1.1,313,1018.8,93.1,9.9,0,0,0,,Overcast,cloudy,"72505394728,KEWR,KLGA,72502014734,F1417,KNYC,72503014732"
newyourk,2025-01-31T05:00:00,38.4,35.8,30.9,74.37,0.003,100,rain,0,0,13,3.6,307,1018.5,100,9.9,0,0,0,,"Rain, Overcast",rain,"72505394728,KEWR,KLGA,72502014734,F1417,KNYC,72503014732"
newyourk,2025-01-31T06:00:00,38.9,36.4,33.3,80.24,0.024,100,rain,0,0,13.4,3.6,290,1017.2,100,8,0,0,0,,"Rain, Overcast",rain,"72505394728,KEWR,KLGA,72502014734,F1417,KNYC,72503014732"
newyourk,2025-01-31T07:00:00,39.2,36.6,34.5,83.08,0.002,100,rain,0,0,11.4,3.9,272,1016.4,69.2,9.2,0,0,0,,"Rain, Partially cloudy",rain,"72505394728,KEWR,KLGA,72502014734,F1417,KNYC,72503014732"
newyourk,2025-01-31T08:00:00,39.5,39.5,34.6,82.35,0,0,,0,0,9.8,2.6,341,1016.1,100,7.5,19,0.1,0,,Overcast,cloudy,"72505394728,KEWR,KLGA,72502014734,F1417,KNYC,72503014732"
newyourk,2025-01-31T09:00:00,41.7,41.7,36.9,83.2,0.01,100,rain,0,0,8.9,1.8,73,1014.8,100,6.2,42,0.2,0,,"Rain, Overcast",rain,"72505394728,KEWR,KLGA,72502014734,F1417,KNYC,72503014732"
newyourk,2025-01-31T10:00:00,43.2,43.2,38.4,83.32,0.003,100,rain,0,0,8.1,0.9,5,1014.1,100,8.1,65,0.2,1,,"Rain, Overcast",rain,"72505394728,KEWR,KLGA,72502014734,F1417,KNYC,72503014732"
newyourk,2025-01-31T11:00:00,44.1,41.3,38.4,80.25,0,0,,0,0,8.3,5,117,1013.3,100,9.9,127,0.5,1,,Overcast,cloudy,"72505394728,KEWR,KLGA,72502014734,F1417,KNYC,72503014732"
newyourk,2025-01-31T12:00:00,45,41.9,38.7,78.61,0,0,,0,0,13,5.6,240,1011.6,100,9,85,0.3,1,,Overcast,cloudy,"72505394728,KEWR,KLGA,72502014734,F1417,KNYC,72503014732"
newyourk,2025-01-31T13:00:00,44.1,41.8,38.3,80.09,0,0,,0,0,6.9,4.3,296,1010.2,100,6,69,0.2,1,,Overcast,cloudy,"72505394728,KEWR,KLGA,72502014734,F1417,KNYC,72503014732"
newyourk,2025-01-31T14:00:00,44.7,41.2,38.9,79.94,0,0,,0,0,6.7,6.2,242,1008.6,100,6.5,59,0.2,1,,Overcast,cloudy,"72505394728,KEWR,KLGA,72502014734,F1417,KNYC,72503014732"
newyourk,2025-01-31T15:00:00,44.8,40.3,38.9,79.49,0,0,,0,0,6.5,8.4,214,1007.2,100,4.3,30,0.1,0,,Overcast,cloudy,"72505394728,KEWR,KLGA,72502014734,F1417,KNYC,72503014732"
newyourk,2025-01-31T16:00:00,45,45,39.8,82.01,0,0,,0,0,6.7,0,0,1006.7,100,5.2,5,0,0,,Overcast,cloudy,"72505394728,KEWR,KLGA,72502014734,F1417,KNYC,72503014732"
newyourk,2025-01-31T17:00:00,45.2,42,40.5,83.48,0.003,100,rain,0,0,6.5,5.9,182,1005.8,100,4.7,0,0,0,,"Rain, Overcast",rain,"72505394728,KEWR,KLGA,72502014734,F1417,KNYC,72503014732"
newyourk,2025-01-31T18:00:00,45.7,44.2,41.6,85.69,0.046,100,rain,0,0,6.9,3.7,150,1005.4,100,3.3,0,0,0,,"Rain, Overcast",rain,"72505394728,KEWR,KLGA,72502014734,F1417,KNYC,72503014732"
newyourk,2025-01-31T19:00:00,45.7,43.5,42.2,87.54,0.019,100,rain,0,0,6.9,4.6,202,1004.4,100,5,0,0,0,,"Rain, Overcast",rain,"72505394728,KEWR,KLGA,72502014734,F1417,KNYC,72503014732"
newyourk,2025-01-31T20:00:00,45.9,45.9,42.3,87.4,0.01,100,rain,0,0,8.1,1.8,15,1003.9,100,4.3,0,0,0,,"Rain, Overcast",rain,"72505394728,KEWR,KLGA,72502014734,F1417,KNYC,72503014732"
newyourk,2025-01-31T21:00:00,46.5,42,42.9,87.12,0,0,,0,0,12.3,9.2,225,1003.5,100,3.9,0,0,0,,Overcast,cloudy,"72505394728,KEWR,KLGA,F1417,KNYC,72503014732"
newyourk,2025-01-31T22:00:00,47.1,43.3,43.1,85.84,0.013,100,rain,0,0,15.7,7.8,252,1003.6,100,4.3,0,0,0,,"Rain, Overcast",rain,"72505394728,KEWR,KLGA,72502014734,F1417,KNYC,72503014732"
newyourk,2025-01-31T23:00:00,47.3,43.9,43.8,87.76,0.031,100,rain,0,0,16.3,7.1,258,1002.9,100,4.2,0,0,0,,"Rain, Overcast",rain,"72505394728,KEWR,KLGA,72502014734,F1417,KNYC,72503014732"
newyourk,2025-02-01T00:00:00,47.8,43.9,43.7,85.44,0,0,,0,0,13.4,8.5,227,1002,97.5,5.5,0,0,0,,Overcast,cloudy,"72505394728,KEWR,KLGA,72502014734,F1417,KNYC,72503014732"
newyourk,2025-02-01T01:00:00,47.2,43.6,43.8,87.96,0,0,,0,0,20.8,7.5,289,1002.3,100,4.3,0,0,0,,Overcast,cloudy,"72505394728,KEWR,KLGA,72502014734,F1417,KNYC,72503014732"
newyourk,2025-02-01T02:00:00,43.2,40.9,39.5,87.02,0,0,,0,0,7.8,4.1,22,1002.7,100,4.3,0,0,0,,Overcast,cloudy,"72505394728,KEWR,KLGA,72502014734,F1417,KNYC,72503014732"
newyourk,2025-02-01T03:00:00,43.4,39.3,38.9,84.03,0,0,,0,0,11.2,6.7,309,1003.1,100,7,0,0,0,,Overcast,cloudy,"72505394728,KEWR,KLGA,72502014734,F1417,KNYC,72503014732"
newyourk,2025-02-01T04:00:00,43,37.7,36.7,78.1,0,0,,0,0,23,9.2,353,1003.7,100,9.9,0,0,0,,Overcast,cloudy,"72505394728,KEWR,KLGA,72502014734,F1417,KNYC,72503014732"
newyourk,2025-02-01T05:00:00,39.4,31.5,33.4,78.6,0,0,,0,0,24.3,14,5,1004.6,100,9.9,0,0,0,,Overcast,cloudy,"72505394728,KEWR,KLGA,72502014734,F1417,KNYC,72503014732"
newyourk,2025-02-01T06:00:00,38.7,31.4,32.2,77.31,0,0,,0,0,18.1,11.5,335,1007.6,100,9.9,0,0,0,,Overcast,cloudy,"72505394728,KEWR,KLGA,72502014734,F1417,KNYC,72503014732"
newyourk,2025-02-01T07:00:00,37.8,29.8,30.6,75.12,0,0,,0,0,25.1,12.7,346,1009.2,100,9.9,0,0,0,,Overcast,cloudy,"72505394728,KEWR,KLGA,72502014734,F1417,KNYC,72503014732"
newyourk,2025-02-01T08:00:00,37.3,30.1,28.4,69.9,0,0,,0,0,26.7,10.4,342,1011.2,95.7,9.9,7,0,0,,Overcast,cloudy,"72505394728,KEWR,KLGA,72502014734,F1417,KNYC,72503014732"
newyourk,2025-02-01T09:00:00,35.6,28.6,26.1,68.14,0,0,,0,0,27.2,9.1,338,1013.9,95.7,9.9,42,0.2,0,,Overcast,cloudy,"72505394728,KEWR,KLGA,72502014734,F1417,KNYC,72503014732"
newyourk,2025-02-01T10:00:00,35.5,27.6,20.7,54.37,0,0,,0,0,24.6,11.2,339,1016.3,95.7,9.9,371,1.3,4,,Overcast,cloudy,"72505394728,KEWR,KLGA,72502014734,F1417,KNYC,72503014732"
newyourk,2025-02-01T11:00:00,34.8,26.2,18.7,51.46,0,0,,0,0,24.2,12.2,322,1018.5,95.7,9.9,374,1.3,4,,Overcast,cloudy,"72505394728,KEWR,KLGA,72502014734,F1417,KNYC,72503014732"
newyourk,2025-02-01T12:00:00,35.8,25.6,16.4,44.94,0,0,,0,0,29.2,17.4,322,1019.4,82.6,9.9,612,2.2,6,,Partially cloudy,partly-cloudy-day,"72505394728,KEWR,KLGA,72502014734,F1417,KNYC,72503014732"
newyourk,2025-02-01T13:00:00,37,29.2,14.1,38.57,0,0,,0,0,21.6,11.7,328,1020.4,46.4,9.9,566,2,6,,Partially cloudy,partly-cloudy-day,"72505394728,KEWR,KLGA,72502014734,F1417,KNYC,72503014732"
newyourk,2025-02-01T14:00:00,36,26.6,10.8,34.74,0,0,,0,0,26.4,15.5,332,1021.2,10.5,9.9,486,1.7,5,,Clear,clear-day,"72505394728,KEWR,KLGA,72502014734,F1417,KNYC,72503014732"
newyourk,2025-02-01T15:00:00,35.9,28.4,8.4,31.33,0,0,,0,0,21.1,10.3,302,1022.6,10.5,9.9,348,1.3,3,,Clear,clear-day,"72505394728,KEWR,KLGA,72502014734,F1417,KNYC,72503014732"
newyourk,2025-02-01T16:00:00,34.7,26.2,6.4,30.08,0,0,,0,0,24.5,11.8,300,1024.6,10.5,9.9,149,0.5,1,,Clear,clear-day,"72505394728,KEWR,KLGA,72502014734,F1417,KNYC,72503014732"
newyourk,2025-02-01T17:00:00,32.6,24.1,4.5,29.87,0,0,,0,0,21.7,10.9,316,1026.3,10.5,9.9,9,0,0,,Clear,clear-day,"72505394728,KEWR,KLGA,72502014734,F1417,KNYC,72503014732"
newyourk,2025-02-01T18:00:00,31.1,20.5,0.5,26.38,0,0,,0,0,25.4,14.9,306,1027.9,4.4,9.9,0,0,0,,Clear,clear-night,"72505394728,KEWR,KLGA,72502014734,F1417,KNYC,72503014732"
newyourk,2025-02-01T19:00:00,30.1,20.1,-1.6,24.86,0,0,,0,0,26.2,12.7,337,1029.2,0,9.9,0,0,0,,Clear,clear-night,"72505394728,KEWR,KLGA,72502014734,F1417,KNYC,72503014732"
newyourk,2025-02-01T20:00:00,28.3,17.9,-2.5,25.71,0,0,,0,0,23.4,12.5,344,1030.1,0,9.9,0,0,0,,Clear,clear-night,"72505394728,KEWR,KLGA,72502014734,F1417,KNYC,72503014732"
newyourk,2025-02-01T21:00:00,26.1,17.9,-0.9,30.43,0,0,,0,0,20.3,7.6,12,1030.8,0,9.9,0,0,0,,Clear,clear-night,"72505394728,KEWR,KLGA,72502014734,F1417,KNYC,72503014732"
newyourk,2025-02-01T22:00:00,24.5,14.2,3.8,40.37,0,0,,0,0,16.3,10.4,4,1032.6,0,9.9,0,0,0,,Clear,clear-night,"72505394728,KEWR,KLGA,72502014734,F1417,KNYC,72503014732"
newyourk,2025-02-01T23:00:00,23.3,13.1,4,42.9,0,0,,0,0,18.6,9.6,346,1032.8,0,9.9,0,0,0,,Clear,clear-night,"72505394728,KEWR,KLGA,72502014734,F1417,KNYC,72503014732"
newyourk,2025-02-02T00:00:00,21.8,11.2,4,45.66,0,0,,0,0,12.3,9.9,25,1033.7,0,9.9,0,0,0,,Clear,clear-night,"72505394728,KEWR,KLGA,72502014734,F1417,KNYC,72503014732"
newyourk,2025-02-02T01:00:00,20.2,8.4,3.1,46.99,0,0,,0,0,20.8,11.2,26,1033.8,0,9.9,0,0,0,,Clear,clear-night,"72505394728,KEWR,KLGA,72502014734,F1417,KNYC,72503014732"
newyourk,2025-02-02T02:00:00,19.3,7.3,1.4,45.07,0,0,,0,0,23,11.2,34,1034,0,9.9,0,0,0,,Clear,clear-night,"72505394728,KEWR,KLGA,72502014734,F1417,KNYC,72503014732"
newyourk,2025-02-02T03:00:00,18,5.8,1.2,47.16,0,0,,0,0,11,10.9,41,1034.9,4.4,9.9,0,0,0,,Clear,clear-night,"72505394728,KEWR,KLGA,72502014734,F1417,KNYC,72503014732"
newyourk,2025-02-02T04:00:00,17.4,5,1.4,48.8,0,0,,0,0,18.3,11.1,36,1035.1,10.5,9.9,0,0,0,,Clear,clear-night,"72505394728,KEWR,KLGA,72502014734,F1417,KNYC,72503014732"
newyourk,2025-02-02T05:00:00,18,7.6,1.6,47.98,0,0,,0,0,9.2,8.2,43,1035.5,15.6,9.9,0,0,0,,Clear,clear-night,"72505394728,KEWR,KLGA,72502014734,F1417,KNYC,72503014732"
newyourk,2025-02-02T06:00:00,18,7.3,2.4,49.84,0,0,,0,0,9.4,8.7,35,1035.8,15.6,9.9,0,0,0,,Clear,clear-night,"72505394728,KEWR,KLGA,72502014734,F1417,KNYC,72503014732"
newyourk,2025-02-02T07:00:00,17.8,7.1,3.8,53.63,0,0,,0,0,9.4,8.6,51,1036,34.2,9.9,4,0,0,,Partially cloudy,partly-cloudy-night,"72505394728,KEWR,KLGA,72502014734,F1417,KNYC,72503014732"
newyourk,2025-02-02T08:00:00,18,8.3,5.7,58.11,0,0,,0,0,9.8,7.3,16,1036.6,34.2,9.9,31,0.1,0,,Partially cloudy,partly-cloudy-day,"72505394728,KEWR,KLGA,72502014734,F1417,KNYC,72503014732"
newyourk,2025-02-02T09:00:00,19.5,9.3,6.7,57.04,0,0,,0,0,10.1,8.4,41,1036.2,65,9.9,274,1,3,,Partially cloudy,partly-cloudy-day,"72505394728,KEWR,KLGA,72502014734,F1417,KNYC,72503014732"
newyourk,2025-02-02T10:00:00,21.8,13.2,8.9,57.02,0,0,,0,0,9.8,7,49,1036.5,90.6,9.9,337,1.2,3,,Overcast,cloudy,"72505394728,KEWR,KLGA,72502014734,F1417,KNYC,72503014732"
newyourk,2025-02-02T11:00:00,23.9,14.9,10.7,56.53,0,0,,0,0,12.1,8.1,44,1035.8,65,9.9,312,1.1,3,,Partially cloudy,partly-cloudy-day,"72505394728,KEWR,KLGA,72502014734,F1417,KNYC,72503014732"
newyourk,2025-02-02T12:00:00,24.8,17.5,12.6,59.3,0,0,,0,0,14.5,6.2,89,1033.9,34.2,9.9,415,1.5,4,,Partially cloudy,partly-cloudy-day,"72505394728,KEWR,KLGA,72502014734,F1417,KNYC,72503014732"
newyourk,2025-02-02T13:00:00,27.4,18.7,14.2,56.93,0,0,,0,0,16.3,8.9,52,1032.5,34.2,9.9,292,1.1,3,,Partially cloudy,partly-cloudy-day,"72505394728,KEWR,KLGA,72502014734,F1417,KNYC,72503014732"
newyourk,2025-02-02T14:00:00,28.3,18.9,15,57.11,0,0,,0,0,16.3,10.5,61,1030.8,36.7,9.9,221,0.8,2,,Partially cloudy,partly-cloudy-day,"72505394728,KEWR,KLGA,72502014734,F1417,KNYC,72503014732"
newyourk,2025-02-02T15:00:00,29.3,22.3,16.6,58.54,0,0,,0,0,15.7,6.9,30,1030,100,9.9,80,0.3,1,,Overcast,cloudy,"72505394728,KEWR,KLGA,72502014734,F1417,KNYC,72503014732"
newyourk,2025-02-02T16:00:00,28.9,22.5,18.2,63.9,0,0,,0,0,15.4,6.1,65,1029.4,100,9.9,43,0.2,0,,Overcast,cloudy,"72505394728,KEWR,KLGA,72502014734,F1417,KNYC,72503014732"
newyourk,2025-02-02T17:00:00,29.3,21.9,18.7,64.06,0,0,,0,0,12.8,7.5,59,1027.7,100,9.9,0,0,0,,Overcast,cloudy,"72505394728,KEWR,KLGA,72502014734,F1417,KNYC,72503014732"
newyourk,2025-02-02T18:00:00,29.1,21.4,18.9,65.33,0,0,,0,0,9.4,8,56,1027.5,100,9.9,0,0,0,,Overcast,cloudy,"72505394728,KEWR,KLGA,F1417,KNYC,72503014732"
newyourk,2025-02-02T19:00:00,29,22.2,21.6,73.43,0.007,100,"rain,snow",0,0,8.9,6.7,41,1026.8,100,3.4,0,0,0,,"Snow, Rain, Overcast",snow,"72505394728,KEWR,KLGA,72502014734,F1417,KNYC,72503014732"
newyourk,2025-02-02T20:00:00,29,22.6,23.6,79.84,0.01,100,"rain,snow",0,0,9.8,6.1,41,1025.7,100,6.5,0,0,0,,"Snow, Rain, Overcast",snow,"72505394728,KEWR,KLGA,72502014734,F1417,KNYC,72503014732"
newyourk,2025-02-02T21:00:00,29.2,29.2,24.5,82.46,0.026,100,"rain,snow",0,0,10.1,1.6,17,1024.7,100,8.1,0,0,0,,"Snow, Rain, Overcast",snow,"72505394728,KEWR,KLGA,72502014734,F1417,KNYC,72503014732"
newyourk,2025-02-02T22:00:00,30.1,30.1,26.5,86.48,0.021,100,"rain,snow",0,0,6.9,1.1,7,1024.5,100,2,0,0,0,,"Snow, Rain, Overcast",snow,"72505394728,KEWR,KLGA,72502014734,F1417,KNYC,72503014732"
newyourk,2025-02-02T23:00:00,30.8,30.8,26.7,84.57,0.021,100,"rain,snow",0,0,5.8,1.1,17,1023.8,100,5.3,0,0,0,,"Snow, Rain, Overcast",snow,"72505394728,KEWR,KLGA,72502014734,F1417,KNYC,72503014732"
newyourk,2025-02-03T00:00:00,30.8,30.8,27.7,87.9,0.018,100,"rain,snow",0.04,0,5.8,1.8,38,1023,100,6,0,0,0,,"Snow, Rain, Overcast",snow,"72505394728,KEWR,KLGA,72502014734,F1417,KNYC,72503014732"
newyourk,2025-02-03T01:00:00,31.5,31.5,28.2,87.37,0,0,,0,1.18,8.3,1.6,32,1022.4,100,8.4,0,0,0,,Overcast,cloudy,"72505394728,KEWR,KLGA,72502014734,F1417,KNYC,72503014732"
newyourk,2025-02-03T02:00:00,33,33,29,84.94,0,0,,0,0,10.7,2.8,88,1021.9,100,8.8,0,0,0,,Overcast,cloudy,"72505394728,KEWR,KLGA,72502014734,F1417,KNYC,72503014732"
newyourk,2025-02-03T03:00:00,35.5,30.4,29.8,79.41,0,0,,0,0,11,6.1,214,1021.5,100,9.9,0,0,0,,Overcast,cloudy,"72505394728,KEWR,KLGA,72502014734,F1417,KNYC,72503014732"
newyourk,2025-02-03T04:00:00,33.4,33.4,28.9,83.22,0,0,,0,0,10.1,1.8,290,1021.2,88.9,8.8,0,0,0,,Partially cloudy,partly-cloudy-night,"72505394728,KEWR,KLGA,72502014734,F1417,KNYC,72503014732"
newyourk,2025-02-03T05:00:00,33.1,29.7,27.7,80.33,0,0,,0,0,8.7,3.7,246,1021.3,10.5,9.2,0,0,0,,Clear,clear-night,"72505394728,KEWR,KLGA,72502014734,F1417,KNYC,72503014732"
newyourk,2025-02-03T06:00:00,32.7,29.3,27.3,80.38,0,0,,0,0,6.7,3.6,277,1020.7,10.5,9.9,0,0,0,,Clear,clear-night,"72505394728,KEWR,KLGA,72502014734,F1417,KNYC,72503014732"
newyourk,2025-02-03T07:00:00,33.2,27.6,27.7,79.87,0,0,,0,0,6.7,6.1,273,1021.5,19.2,9.9,6,0,0,,Clear,clear-night,"72505394728,KEWR,KLGA,72502014734,F1417,KNYC,72503014732"
newyourk,2025-02-03T08:00:00,34.2,30,28.3,78.99,0,0,,0,0,6.5,4.6,238,1021.4,34.2,9.2,124,0.4,1,,Partially cloudy,partly-cloudy-day,"72505394728,KEWR,KLGA,72502014734,F1417,KNYC,72503014732"
newyourk,2025-02-03T09:00:00,36.3,29.5,27.6,70.34,0,0,,0,0,17.2,9.1,234,1021.3,34.2,9.9,154,0.6,2,,Partially cloudy,partly-cloudy-day,"72505394728,KEWR,KLGA,72502014734,F1417,KNYC,72503014732"
newyourk,2025-02-03T10:00:00,37.5,31.7,27.4,66.66,0,0,,0,0,7.4,7.9,243,1021.3,38.5,9.6,208,0.7,2,,Partially cloudy,partly-cloudy-day,"72505394728,KEWR,KLGA,72502014734,F1417,KNYC,72503014732"
newyourk,2025-02-03T11:00:00,39,39,28.5,65.69,0,0,,0,0,7.2,0.9,331,1020.3,38.5,9.2,339,1.2,3,,Partially cloudy,partly-cloudy-day,"72505394728,KEWR,KLGA,72502014734,F1417,KNYC,72503014732"
newyourk,2025-02-03T12:00:00,41.1,41.1,30.1,64.68,0,0,,0,0,7.6,0.8,328,1019.4,38.5,9,281,1,3,,Partially cloudy,partly-cloudy-day,"72505394728,KEWR,KLGA,72502014734,F1417,KNYC,72503014732"
newyourk,2025-02-03T13:00:00,43.6,40,29.5,57.37,0,0,,0,0,9.6,6.1,255,1018,36.7,9.7,495,1.8,5,,Partially cloudy,partly-cloudy-day,"72505394728,KEWR,KLGA,72502014734,F1417,KNYC,72503014732"
newyourk,2025-02-03T14:00:00,46.3,46.3,31.7,56.67,0,0,,0,0,11.6,2.5,288,1016.7,36.7,9.2,354,1.3,4,,Partially cloudy,partly-cloudy-day,"72505394728,KEWR,KLGA,72502014734,F1417,KNYC,72503014732"
newyourk,2025-02-03T15:00:00,47.5,47.5,31.2,52.94,0,0,,0,0,10.5,2.9,277,1015.4,34.2,9.2,279,1,3,,Partially cloudy,partly-cloudy-day,"72505394728,KEWR,KLGA,72502014734,F1417,KNYC,72503014732"
newyourk,2025-02-03T16:00:00,47.6,46.4,32.8,56.27,0,0,,0,0,10.5,3.7,88,1014.7,34.2,9.9,164,0.6,2,,Partially cloudy,partly-cloudy-day,"72505394728,KEWR,KLGA,72502014734,F1417,KNYC,72503014732"
newyourk,2025-02-03T17:00:00,44.4,41.5,32.8,63.49,0,0,,0,0,9.2,5.2,151,1014.1,34.2,9.9,8,0,0,,Partially cloudy,partly-cloudy-day,"72505394728,KEWR,KLGA,72502014734,F1417,KNYC,72503014732"
newyourk,2025-02-03T18:00:00,43.8,41.7,32.9,65.42,0,0,,0,0,9.6,3.9,66,1013.7,34.2,9.9,0,0,0,,Partially cloudy,partly-cloudy-night,"72505394728,KEWR,KLGA,72502014734,F1417,KNYC,72503014732"
newyourk,2025-02-03T19:00:00,44.2,44.2,34.6,68.87,0,0,,0,0,13.2,1.6,51,1011.9,34.2,9.9,0,0,0,,Partially cloudy,partly-cloudy-night,"72505394728,KEWR,KLGA,72502014734,F1417,KNYC,72503014732"
newyourk,2025-02-03T20:00:00,45.2,41.2,34.9,67.16,0,0,,0,0,15.7,7.4,186,1011.5,34.2,9.9,0,0,0,,Partially cloudy,partly-cloudy-night,"72505394728,KEWR,KLGA,72502014734,F1417,KNYC,72503014732"
newyourk,2025-02-03T21:00:00,46.9,43.9,35.1,63.27,0,0,,0,0,15.9,6.1,203,1010.6,36,9.9,0,0,0,,Partially cloudy,partly-cloudy-night,"72505394728,KEWR,KLGA,72502014734,F1417,KNYC,72503014732"
newyourk,2025-02-03T22:00:00,47.1,43.6,34.8,62.27,0,0,,0,0,15.7,7.2,202,1010.2,36,9.9,0,0,0,,Partially cloudy,partly-cloudy-night,"72505394728,KEWR,KLGA,72502014734,F1417,KNYC,72503014732"
newyourk,2025-02-03T23:00:00,46.6,42.5,35.4,64.95,0,0,,0,0,17.2,8.2,220,1009,36,9.9,0,0,0,,Partially cloudy,partly-cloudy-night,"72505394728,KEWR,KLGA,72502014734,F1417,KNYC,72503014732"
newyourk,2025-02-04T00:00:00,47.5,43,35.6,63.35,0,0,,0,0,16.6,9.6,220,1008.4,90.6,9.9,0,0,0,,Overcast,cloudy,"72505394728,KEWR,KLGA,72502014734,F1417,KNYC,72503014732"
newyourk,2025-02-04T01:00:00,46.7,43.1,36.5,67.42,0,0,,0,0,17.4,7.2,214,1007.9,100,9.9,0,0,0,,Overcast,cloudy,"72505394728,KEWR,KLGA,72502014734,F1417,KNYC,72503014732"
newyourk,2025-02-04T02:00:00,46.2,42.1,36.3,68.33,0,0,,0,0,20.8,8,226,1006.9,34.2,9.9,0,0,0,,Partially cloudy,partly-cloudy-night,"72505394728,KEWR,KLGA,72502014734,F1417,KNYC,72503014732"
newyourk,2025-02-04T03:00:00,46.2,43.3,36,67.22,0,0,,0,0,15.2,5.7,243,1006.8,98.2,9.9,0,0,0,,Overcast,cloudy,"72505394728,KEWR,KLGA,72502014734,F1417,KNYC,72503014732"
newyourk,2025-02-04T04:00:00,46.2,43.1,35.8,66.68,0,0,,0,0,12.1,6.3,294,1007.2,90.4,9.9,0,0,0,,Overcast,cloudy,"72505394728,KEWR,KLGA,72502014734,F1417,KNYC,72503014732"
newyourk,2025-02-04T05:00:00,46.6,42.5,35.3,64.77,0,0,,0,0,11.6,8.1,304,1008.2,100,9.9,0,0,0,,Overcast,cloudy,"72505394728,KEWR,KLGA,72502014734,F1417,KNYC,72503014732"
newyourk,2025-02-04T06:00:00,46.4,41.8,34,61.81,0,0,,0,0,11.9,9.5,289,1008.7,66.7,9.9,0,0,0,,Partially cloudy,partly-cloudy-night,"72505394728,KEWR,KLGA,72502014734,F1417,KNYC,72503014732"
newyourk,2025-02-04T07:00:00,45,39.8,32.9,62.42,0,0,,0,0,12.3,10.1,303,1009.3,88.9,9.9,3,0,0,,Partially cloudy,partly-cloudy-night,"72505394728,KEWR,KLGA,72502014734,F1417,KNYC,72503014732"
newyourk,2025-02-04T08:00:00,43.2,36.8,30.7,61.01,0,0,,0,0,25.4,12.4,314,1010.4,19.2,9.9,98,0.4,1,,Clear,clear-day,"72505394728,KEWR,KLGA,72502014734,F1417,KNYC,72503014732"
newyourk,2025-02-04T09:00:00,42.5,35.3,28.1,56.59,0,0,,0,0,31.8,13.9,310,1012,25.5,9.9,274,1,3,,Partially cloudy,partly-cloudy-day,"72505394728,KEWR,KLGA,72502014734,F1417,KNYC,72503014732"
newyourk,2025-02-04T10:00:00,43,35,25.6,49.94,0,0,,0,0,33.6,17.5,315,1013.2,34.2,9.9,365,1.3,4,,Partially cloudy,partly-cloudy-day,"72505394728,KEWR,KLGA,72502014734,F1417,KNYC,72503014732"
newyourk,2025-02-04T11:00:00,44.4,38.5,24.7,45.56,0,0,,0,0,26.1,11.8,300,1014.1,88.9,9.9,598,2.2,6,,Partially cloudy,partly-cloudy-day,"72505394728,KEWR,KLGA,72502014734,F1417,KNYC,72503014732"
newyourk,2025-02-04T12:00:00,45.4,39.2,21.4,38.24,0,0,,0,0,30.2,13.8,315,1014.2,56.2,9.9,628,2.3,6,,Partially cloudy,partly-cloudy-day,"72505394728,KEWR,KLGA,72502014734,F1417,KNYC,72503014732"
newyourk,2025-02-04T13:00:00,43.7,35.1,15.5,31.68,0,0,,0,0,37,21.3,304,1015.2,25.5,9.9,637,2.3,6,,Partially cloudy,partly-cloudy-day,"72505394728,KEWR,KLGA,72502014734,F1417,KNYC,72503014732"
newyourk,2025-02-04T14:00:00,43.7,34.9,13.7,29.31,0,0,,0,0,41,22,324,1015.7,42.1,9.9,513,1.8,5,,Partially cloudy,partly-cloudy-day,"72505394728,KEWR,KLGA,72502014734,F1417,KNYC,72503014732"
newyourk,2025-02-04T15:00:00,41.9,31.9,12.6,29.93,0,0,,0,0,41,24.9,324,1017,42.1,9.9,237,0.9,2,,Partially cloudy,partly-cloudy-day,"72505394728,KEWR,KLGA,72502014734,F1417,KNYC,72503014732"
newyourk,2025-02-04T16:00:00,41.1,31.5,13.8,32.51,0,0,,0,0,38.5,21.5,334,1018.5,35.9,9.9,183,0.7,2,,Partially cloudy,partly-cloudy-day,"72505394728,KEWR,KLGA,72502014734,F1417,KNYC,72503014732"
newyourk,2025-02-04T17:00:00,38.7,31.7,14.9,37.47,0,0,,0,0,30.1,10.7,326,1019.7,15.6,9.9,9,0,0,,Clear,clear-day,"72505394728,KEWR,KLGA,72502014734,F1417,KNYC,72503014732"
newyourk,2025-02-04T18:00:00,36.7,28.9,14.9,40.39,0,0,,0,0,35.1,11.6,351,1021.1,10.5,9.9,0,0,0,,Clear,clear-night,"72505394728,KEWR,KLGA,72502014734,F1417,KNYC,72503014732"
newyourk,2025-02-04T19:00:00,36,27,15.3,42.42,0,0,,0,0,28.6,14.3,316,1022.4,10.5,9.9,0,0,0,,Clear,clear-night,"72505394728,KEWR,KLGA,72502014734,F1417,KNYC,72503014732"
newyourk,2025-02-04T20:00:00,35.4,26.3,15.7,44.05,0,0,,0,0,27.7,14,311,1023.3,10.5,9.9,0,0,0,,Clear,clear-night,"72505394728,KEWR,KLGA,72502014734,F1417,KNYC,72503014732"
newyourk,2025-02-04T21:00:00,34.5,23.9,14.6,43.65,0,0,,0,0,31.8,17.6,312,1023.9,14.1,9.9,0,0,0,,Clear,clear-night,"72505394728,KEWR,KLGA,72502014734,F1417,KNYC,72503014732"
newyourk,2025-02-04T22:00:00,33.5,26.2,14.4,45.03,0,0,,0,0,26.9,8.8,318,1024.4,80.1,9.9,0,0,0,,Partially cloudy,partly-cloudy-night,"72505394728,KEWR,KLGA,72502014734,F1417,KNYC,72503014732"
newyourk,2025-02-04T23:00:00,32.4,22.3,12.9,43.96,0,0,,0,0,25.5,14.5,313,1024.7,20.3,9.9,0,0,0,,Partially cloudy,partly-cloudy-night,"72505394728,KEWR,KLGA,72502014734,F1417,KNYC,72503014732"
newyourk,2025-02-05T00:00:00,31.3,20.9,11.2,42.66,0,0,,0,0,28,14.3,326,1025.1,14.1,9.9,0,0,0,,Clear,clear-night,"72505394728,KEWR,KLGA,72502014734,F1417,KNYC,72503014732"
newyourk,2025-02-05T01:00:00,30.1,21.8,10.5,43.32,0,0,,0,0,19.4,9.2,328,1025.4,24.4,9.9,0,0,0,,Partially cloudy,partly-cloudy-night,"72505394728,KEWR,KLGA,72502014734,F1417,KNYC,72503014732"
newyourk,2025-02-05T02:00:00,29.4,18.9,9.6,43.01,0,0,,0,0,25.3,13.2,320,1025.9,28,9.9,0,0,0,,Partially cloudy,partly-cloudy-night,"72505394728,KEWR,KLGA,72502014734,F1417,KNYC,72503014732"
newyourk,2025-02-05T03:00:00,28.6,18.1,9.6,44.24,0,0,,0,0,21.9,13,305,1026.7,34.2,9.9,0,0,0,,Partially cloudy,partly-cloudy-night,"72505394728,KEWR,KLGA,72502014734,F1417,KNYC,72503014732"
newyourk,2025-02-05T04:00:00,27.8,18.6,9.1,44.81,0,0,,0,0,17.2,9.9,328,1026.9,65,9.9,0,0,0,,Partially cloudy,partly-cloudy-night,"72505394728,KEWR,KLGA,72502014734,F1417,KNYC,72503014732"
newyourk,2025-02-05T05:00:00,27.4,18.3,8.8,44.85,0,0,,0,0,19.7,9.6,309,1027.3,100,9.9,0,0,0,,Overcast,cloudy,"72505394728,KEWR,KLGA,72502014734,F1417,KNYC,72503014732"
newyourk,2025-02-05T06:00:00,27.4,17.1,9.2,45.79,0,0,,0,0,25.3,11.9,322,1027.6,98.2,9.9,0,0,0,,Overcast,cloudy,"72505394728,KEWR,KLGA,72502014734,F1417,KNYC,72503014732"
newyourk,2025-02-05T07:00:00,27.4,17.4,8.7,44.67,0,0,,0,0,22.5,11.3,315,1027.8,98.2,9.9,0,0,0,,Overcast,cloudy,"72505394728,KEWR,KLGA,72502014734,F1417,KNYC,72503014732"
newyourk,2025-02-05T08:00:00,27.4,15.1,9.1,45.49,0,0,,0,0,33.3,16.8,324,1029,95.7,9.9,46,0.2,0,,Overcast,cloudy,"72505394728,KEWR,KLGA,72502014734,F1417,KNYC,72503014732"
newyourk,2025-02-05T09:00:00,27.6,18.1,8.8,44.7,0,0,,0,0,20.2,10.3,332,1029.7,95.7,9.9,198,0.7,2,,Overcast,cloudy,"72505394728,KEWR,KLGA,72502014734,F1417,KNYC,72503014732"
newyourk,2025-02-05T10:00:00,28.4,18.8,8.7,42.85,0,0,,0,0,21.9,10.8,308,1030,95.7,9.9,250,0.9,3,,Overcast,cloudy,"72505394728,KEWR,KLGA,72502014734,F1417,KNYC,72503014732"
newyourk,2025-02-05T11:00:00,29.7,22.3,7.5,38.56,0,0,,0,0,19,7.6,316,1029.8,34.2,9.9,536,1.9,5,,Partially cloudy,partly-cloudy-day,"72505394728,KEWR,KLGA,72502014734,F1417,KNYC,72503014732"
newyourk,2025-02-05T12:00:00,31.6,24.7,6.9,34.82,0,0,,0,0,13.4,7.6,303,1029.1,34.2,9.9,578,2.1,6,,Partially cloudy,partly-cloudy-day,"72505394728,KEWR,KLGA,72502014734,F1417,KNYC,72503014732"
newyourk,2025-02-05T13:00:00,33.6,30.4,5.6,30.28,0,0,,0,0,16.1,3.6,334,1028.7,34.2,9.9,599,2.2,6,,Partially cloudy,partly-cloudy-day,"72505394728,KEWR,KLGA,72502014734,F1417,KNYC,72503014732"
newyourk,2025-02-05T14:00:00,35.5,30.4,4.5,26.66,0,0,,0,0,12.5,6.1,311,1028.3,34.2,9.9,488,1.8,5,,Partially cloudy,partly-cloudy-day,"72505394728,KEWR,KLGA,72502014734,F1417,KNYC,72503014732"
newyourk,2025-02-05T15:00:00,36.4,32.7,4.2,25.37,0,0,,0,0,10.5,4.5,357,1027.9,34.2,9.9,341,1.2,3,,Partially cloudy,partly-cloudy-day,"72505394728,KEWR,KLGA,72502014734,F1417,KNYC,72503014732"
newyourk,2025-02-05T16:00:00,35.6,33,3.5,25.39,0,0,,0,0,7.8,3.4,333.5,1028,30.5,9.9,104,0.4,1,,Partially cloudy,partly-cloudy-day,"72505394728,KEWR,KLGA,72502014734,F1417,KNYC,72503014732"
newyourk,2025-02-05T17:00:00,34.4,30.7,3.4,26.55,0,0,,0,0,4.7,4.2,45,1028,30.5,9.9,14,0.1,0,,Partially cloudy,partly-cloudy-day,"72505394728,KEWR,KLGA,72502014734,F1417,KNYC,72503014732"
newyourk,2025-02-05T18:00:00,33.8,29.8,4.5,28.56,0,0,,0,0,4.9,4.4,57,1028.4,34.2,9.9,0,0,0,,Partially cloudy,partly-cloudy-night,"72505394728,KEWR,KLGA,72502014734,F1417,KNYC,72503014732"
newyourk,2025-02-05T19:00:00,33.9,28.6,6.9,31.7,0,0,,0,0,6,5.9,63,1028.7,34.2,9.9,0,0,0,,Partially cloudy,partly-cloudy-night,"72505394728,KEWR,KLGA,72502014734,F1417,KNYC,72503014732"
newyourk,2025-02-05T20:00:00,32.6,25.3,7.2,33.92,0,0,,0,0,6.7,8.4,79,1028.8,34.2,9.9,0,0,0,,Partially cloudy,partly-cloudy-night,"72505394728,KEWR,KLGA,72502014734,F1417,KNYC,72503014732"
newyourk,2025-02-05T21:00:00,32.4,27.3,8.2,35.67,0,0,,0,0,7.2,5.4,60,1028.2,34.2,9.9,0,0,0,,Partially cloudy,partly-cloudy-night,"72505394728,KEWR,KLGA,72502014734,F1417,KNYC,72503014732"
newyourk,2025-02-05T22:00:00,32.2,26.7,11.1,41.08,0,0,,0,0,7.4,5.7,123,1028.4,34.2,9.9,0,0,0,,Partially cloudy,partly-cloudy-night,"72505394728,KEWR,KLGA,72502014734,F1417,KNYC,72503014732"
newyourk,2025-02-05T23:00:00,32.3,26.3,13.1,44.64,0,0,,0,0,7.8,6.4,118,1028.5,34.2,9.9,0,0,0,,Partially cloudy,partly-cloudy-night,"72505394728,KEWR,KLGA,72502014734,F1417,KNYC,72503014732"
newyourk,2025-02-06T00:00:00,32.3,25.3,13.9,46.05,0,0,,0,0,8.1,8,110,1028.1,100,9.9,0,0,0,,Overcast,cloudy,"72505394728,KEWR,KLGA,72502014734,F1417,KNYC,72503014732"
newyourk,2025-02-06T01:00:00,32.3,25.5,13.3,44.92,0,0,,0,0,18.3,7.5,137,1027.6,100,9.9,0,0,0,,Overcast,cloudy,"72505394728,KEWR,KLGA,72502014734,F1417,KNYC,72503014732"
newyourk,2025-02-06T02:00:00,32.1,24,11.5,41.9,0,0,,0,0,10.1,9.7,103,1027,100,9.9,0,0,0,,Overcast,cloudy,"72505394728,KEWR,KLGA,72502014734,F1417,KNYC,72503014732"
newyourk,2025-02-06T03:00:00,32.3,25.2,14.1,46.63,0,0,,0,0,17.2,8,121,1026.2,100,9.9,0,0,0,,Overcast,cloudy,"72505394728,KEWR,KLGA,72502014734,F1417,KNYC,72503014732"
newyourk,2025-02-06T04:00:00,30.8,24.8,18.9,60.91,0,0,,0,0,12.1,6.1,125,1024.5,100,9.4,0,0,0,,Overcast,cloudy,"72505394728,KEWR,KLGA,72502014734,F1417,KNYC,72503014732"
newyourk,2025-02-06T05:00:00,29.9,22.9,23.7,77.57,0.022,100,"rain,snow",0,0,13.4,7.1,83,1024,100,2.7,0,0,0,,"Snow, Rain, Overcast",snow,"72505394728,KEWR,KLGA,F1417,KNYC,72503014732"
newyourk,2025-02-06T06:00:00,31,26,26.8,84.28,0.028,100,"rain,snow",0.04,0,17.2,4.9,102,1022.3,100,3.4,0,0,0,,"Snow, Rain, Overcast",snow,"72505394728,KEWR,KLGA,72502014734,F1417,KNYC,72503014732"
newyourk,2025-02-06T07:00:00,31.5,24.2,28.5,88.68,0.08,100,"rain,snow",0,1.18,18.8,7.9,128,1021.3,100,0.9,0,0,0,,"Snow, Rain, Overcast",snow,"72505394728,KEWR,KLGA,72502014734,F1417,KNYC,72503014732"
newyourk,2025-02-06T08:00:00,33.3,24.6,29.4,85.4,0.058,100,"rain,snow",0.04,0,20.8,11.7,120,1019.1,100,4.1,16,0.1,0,,"Snow, Rain, Overcast",rain,"72505394728,KEWR,KLGA,72502014734,F1417,KNYC,72503014732"
newyourk,2025-02-06T09:00:00,33.6,26.8,29.7,85.44,0.017,100,"rain,snow",0.04,0,14.3,8,131,1018.2,100,2.6,28,0.1,0,,"Snow, Rain, Overcast",rain,"72505394728,KEWR,KLGA,F1417,KNYC,72503014732"
newyourk,2025-02-06T10:00:00,35.1,31,31.4,86.43,0.009,100,"rain,snow",0.2,0,13.9,4.7,127,1017.2,100,2.9,46,0.2,0,,"Snow, Rain, Overcast",snow,"72505394728,KLGA,F1417,KNYC,72503014732"
newyourk,2025-02-06T11:00:00,36.4,32.8,32.8,86.7,0.014,100,rain,0.31,0,21.9,4.3,126,1015.9,100,2.4,67,0.2,1,,"Rain, Overcast",snow,"72505394728,KEWR,KLGA,F1417,KNYC,72503014732"
newyourk,2025-02-06T12:00:00,36.8,32.6,33.4,87.47,0.003,100,rain,0.31,0,18.3,5.1,101,1013.3,100,2.6,35,0.1,0,,"Rain, Overcast",snow,"72505394728,KEWR,KLGA,72502014734,F1417,KNYC,72503014732"
newyourk,2025-02-06T13:00:00,37,33.2,34.3,89.67,0.051,100,rain,0.16,0,6.5,4.7,101,1011.2,100,1.3,60,0.2,1,,"Rain, Overcast",snow,"72505394728,KEWR,KLGA,72502014734,F1417,KNYC,72503014732"
newyourk,2025-02-06T14:00:00,37.6,34.2,34.8,89.35,0.009,100,rain,0,0,3.4,4.3,101,1009.4,100,4.3,56,0.2,1,,"Rain, Overcast",rain,"72505394728,KEWR,KLGA,F1417,KNYC,72503014732"
newyourk,2025-02-06T15:00:00,37.7,35.3,34.8,89.19,0,0,,0,0,6.7,3.4,37,1008.6,100,2.3,56,0.2,1,,Overcast,cloudy,"72505394728,KEWR,KLGA,72502014734,F1417,KNYC,72503014732"
newyourk,2025-02-06T16:00:00,37.2,33.4,34.4,89.58,0,0,,0,0,9.2,4.6,317,1008.5,100,2,36,0.1,0,,Overcast,cloudy,"72505394728,KEWR,KLGA,72502014734,F1417,KNYC,72503014732"
newyourk,2025-02-06T17:00:00,38.2,32.6,34.7,86.94,0,0,,0,0,11.9,7.7,230,1008,100,8.5,5,0,0,,Overcast,cloudy,"72505394728,KEWR,KLGA,72502014734,F1417,KNYC,72503014732"
newyourk,2025-02-06T18:00:00,37.5,32,34.1,87.18,0,0,,0,0,12.8,7.2,252,1008.3,100,9.6,0,0,0,,Overcast,cloudy,"72505394728,KEWR,KLGA,72502014734,F1417,KNYC,72503014732"
newyourk,2025-02-06T19:00:00,37.5,31.9,33.3,84.58,0,0,,0,0,13.4,7.5,236,1009.2,100,8.7,0,0,0,,Overcast,cloudy,"72505394728,KEWR,KLGA,72502014734,F1417,KNYC,72503014732"
newyourk,2025-02-06T20:00:00,38.2,31.2,33.9,84.14,0,0,,0,0,21.9,10.5,232,1009.1,100,8.3,0,0,0,,Overcast,cloudy,"72505394728,KEWR,KLGA,72502014734,F1417,KNYC,72503014732"
newyourk,2025-02-06T21:00:00,38.4,32,33.9,83.48,0,0,,0,0,14.8,9.3,226,1008.8,97.5,8,0,0,0,,Overcast,cloudy,"72505394728,KEWR,KLGA,72502014734,F1417,KNYC,72503014732"
newyourk,2025-02-06T22:00:00,38,31.3,33.8,84.45,0,0,,0,0,18.3,9.9,223,1008.7,88.8,6.3,0,0,0,,Partially cloudy,partly-cloudy-night,"72505394728,KEWR,KLGA,72502014734,F1417,KNYC,72503014732"
newyourk,2025-02-06T23:00:00,38.2,32.4,34.6,86.79,0,0,,0,0,15,8.2,214,1008.3,100,4.4,0,0,0,,Overcast,cloudy,"72505394728,KEWR,KLGA,72502014734,F1417,KNYC,72503014732"
newyourk,2025-02-07T00:00:00,38.2,33.5,34.8,87.29,0,0,,0,0,17.2,6.2,214,1008.5,100,3,0,0,0,,Overcast,cloudy,"72505394728,KEWR,KLGA,72502014734,F1417,KNYC,72503014732"
newyourk,2025-02-07T01:00:00,37.7,33.7,35,89.93,0,0,,0,0,17.7,5.1,214,1008,100,3.9,0,0,0,,Overcast,cloudy,"72505394728,KEWR,KLGA,72502014734,F1417,KNYC,72503014732"
newyourk,2025-02-07T02:00:00,38,31.6,35,88.7,0,0,,0,0,14.5,9.1,232,1007.9,100,4.3,0,0,0,,Overcast,cloudy,"72505394728,KEWR,KLGA,72502014734,F1417,KNYC,72503014732"
newyourk,2025-02-07T03:00:00,38.2,31.5,35,88,0,0,,0,0,14.8,9.8,222,1007,100,5.9,0,0,0,,Overcast,cloudy,"72505394728,KEWR,KLGA,72502014734,F1417,KNYC,72503014732"
newyourk,2025-02-07T04:00:00,38.8,33.8,35,86.11,0,0,,0,0,15.9,6.8,240,1006.2,55.1,6.5,0,0,0,,Partially cloudy,partly-cloudy-night,"72505394728,KEWR,KLGA,72502014734,F1417,KNYC,72503014732"
newyourk,2025-02-07T05:00:00,39.1,32.8,34.2,82.51,0,0,,0,0,25.3,9.4,249,1006.5,34.2,7,0,0,0,,Partially cloudy,partly-cloudy-night,"72505394728,KEWR,KLGA,72502014734,F1417,KNYC,72503014732"
newyourk,2025-02-07T06:00:00,40.4,33,31.3,69.81,0,0,,0,0,27.2,13,279,1007.7,25.5,9.6,0,0,0,,Partially cloudy,partly-cloudy-night,"72505394728,KEWR,KLGA,72502014734,F1417,KNYC,72503014732"
newyourk,2025-02-07T07:00:00,42.2,35.3,24.7,49.6,0,0,,0,0,33.2,12.8,266,1009.3,19.2,9.9,6,0,0,,Clear,clear-day,"72505394728,KEWR,KLGA,72502014734,F1417,KNYC,72503014732"
newyourk,2025-02-07T08:00:00,41.3,33.4,22.2,46.36,0,0,,0,0,29.4,15.1,281,1010.6,28,9.9,97,0.3,1,,Partially cloudy,partly-cloudy-day,"72505394728,KEWR,KLGA,72502014734,F1417,KNYC,72503014732"
newyourk,2025-02-07T09:00:00,41.8,35.7,20.9,42.92,0,0,,0,0,24.1,10.3,266,1011.8,47.7,9.9,210,0.8,2,,Partially cloudy,partly-cloudy-day,"72505394728,KEWR,KLGA,72502014734,F1417,KNYC,72503014732"
newyourk,2025-02-07T10:00:00,42.7,35,17.7,36.21,0,0,,0,0,33.2,15.8,301,1012.6,42.1,9.9,598,2.2,6,,Partially cloudy,partly-cloudy-day,"72505394728,KEWR,KLGA,72502014734,F1417,KNYC,72503014732"
newyourk,2025-02-07T11:00:00,41.5,32.7,19.9,41.66,0,0,,0,0,31.2,18.7,303,1013.7,65,9.9,483,1.7,5,,Partially cloudy,partly-cloudy-day,"72505394728,KEWR,KLGA,72502014734,F1417,KNYC,72503014732"
newyourk,2025-02-07T12:00:00,40,31.9,13.1,32.87,0,0,,0,0,35.6,14.6,291,1014.2,19.2,9.9,625,2.3,6,,Clear,clear-day,"72505394728,KEWR,KLGA,72502014734,F1417,KNYC,72503014732"
newyourk,2025-02-07T13:00:00,39.4,30.3,11.7,31.61,0,0,,0,0,33.2,18,296,1015.2,35.9,9.9,597,2.1,6,,Partially cloudy,partly-cloudy-day,"72505394728,KEWR,KLGA,72502014734,F1417,KNYC,72503014732"
newyourk,2025-02-07T14:00:00,38.7,29.5,9.6,29.65,0,0,,0,0,33.6,17.1,308,1015.8,19.2,9.9,508,1.8,5,,Clear,clear-day,"72505394728,KEWR,KLGA,72502014734,F1417,KNYC,72503014732"
newyourk,2025-02-07T15:00:00,38,29.4,7.8,28.12,0,0,,0,0,30.6,14.4,284,1017.2,19.2,9.9,367,1.3,4,,Clear,clear-day,"72505394728,KEWR,KLGA,72502014734,F1417,KNYC,72503014732"
newyourk,2025-02-07T16:00:00,37.6,29.5,7.1,27.67,0,0,,0,0,24.2,12.7,316,1018.5,34.2,9.9,187,0.7,2,,Partially cloudy,partly-cloudy-day,"72505394728,KEWR,KLGA,72502014734,F1417,KNYC,72503014732"
newyourk,2025-02-07T17:00:00,35.6,27.4,7.5,30.43,0,0,,0,0,24.8,11.7,308,1019.3,34.2,9.9,17,0.1,0,,Partially cloudy,partly-cloudy-day,"72505394728,KEWR,KLGA,72502014734,F1417,KNYC,72503014732"
newyourk,2025-02-07T18:00:00,34.5,26.6,6.5,30.47,0,0,,0,0,26.1,10.3,302,1020.5,34.2,9.9,0,0,0,,Partially cloudy,partly-cloudy-night,"72505394728,KEWR,KLGA,72502014734,F1417,KNYC,72503014732"
newyourk,2025-02-07T19:00:00,33.5,26.1,5.5,30.14,0,0,,0,0,22.3,9,289,1021.7,19.2,9.9,0,0,0,,Clear,clear-night,"72505394728,KEWR,KLGA,72502014734,F1417,KNYC,72503014732"
newyourk,2025-02-07T20:00:00,32.4,25.8,6.4,32.81,0,0,,0,0,10.7,7.3,278,1022.6,19.2,9.9,0,0,0,,Clear,clear-night,"72505394728,KEWR,KLGA,72502014734,F1417,KNYC,72503014732"
newyourk,2025-02-07T21:00:00,32.3,26.2,5.3,31.41,0,0,,0,0,10.1,6.4,296,1023.4,19.2,9.9,0,0,0,,Clear,clear-night,"72505394728,KEWR,KLGA,72502014734,F1417,KNYC,72503014732"
newyourk,2025-02-07T22:00:00,30.8,24.8,5.7,33.98,0,0,,0,0,9.4,6,326,1023.7,14.1,9.9,0,0,0,,Clear,clear-night,"72505394728,KEWR,KLGA,72502014734,F1417,KNYC,72503014732"
newyourk,2025-02-07T23:00:00,30.1,24.2,5,33.81,0,0,,0,0,8.5,5.7,316,1024.1,14.1,9.9,0,0,0,,Clear,clear-night,"72505394728,KEWR,KLGA,72502014734,F1417,KNYC,72503014732"
newyourk,2025-02-08T00:00:00,29.9,23.7,5.4,34.81,0,0,,0,0,8.1,6.1,318,1024.7,15.6,9.9,0,0,0,,Clear,clear-night,"72505394728,KEWR,KLGA,72502014734,F1417,KNYC,72503014732"
newyourk,2025-02-08T01:00:00,29.2,21.8,5.6,36.14,0,0,,0,0,7.6,7.6,304,1024.8,10.5,9.9,0,0,0,,Clear,clear-night,"72505394728,KEWR,KLGA,72502014734,F1417,KNYC,72503014732"
newyourk,2025-02-08T02:00:00,28.3,21.6,5.5,37.18,0,0,,0,0,8.5,6.3,316,1024.8,15.6,9.9,0,0,0,,Clear,clear-night,"72505394728,KEWR,KLGA,72502014734,F1417,KNYC,72503014732"
newyourk,2025-02-08T03:00:00,27.2,21.2,5,38.07,0,0,,0,0,7.2,5.3,334,1024.9,15.6,9.9,0,0,0,,Clear,clear-night,"72505394728,KEWR,KLGA,72502014734,F1417,KNYC,72503014732"
newyourk,2025-02-08T04:00:00,26.7,17.8,4.5,38.16,0,0,,0,0,7.4,8.9,322,1025.2,24.4,9.9,0,0,0,,Partially cloudy,partly-cloudy-night,"72505394728,KEWR,KLGA,72502014734,F1417,KNYC,72503014732"
newyourk,2025-02-08T05:00:00,26.4,17.9,5.3,39.85,0,0,,0,0,7.6,8.2,312,1025.5,30.5,9.9,0,0,0,,Partially cloudy,partly-cloudy-night,"72505394728,KEWR,KLGA,72502014734,F1417,KNYC,72503014732"
newyourk,2025-02-08T06:00:00,26.4,20.5,6.6,42.37,0,0,,0,0,7.6,5.1,309,1026.1,34.2,9.9,0,0,0,,Partially cloudy,partly-cloudy-night,"72505394728,KEWR,KLGA,72502014734,F1417,KNYC,72503014732"
newyourk,2025-02-08T07:00:00,26.3,26.3,6.9,43.26,0,0,,0,0,6.3,2.1,330,1026.5,34.2,9.9,9,0,0,,Partially cloudy,partly-cloudy-day,"72505394728,KEWR,KLGA,72502014734,F1417,KNYC,72503014732"
newyourk,2025-02-08T08:00:00,26.7,21,7.3,43.26,0,0,,0,0,5.4,4.8,296,1026.4,34.2,9.9,88,0.3,1,,Partially cloudy,partly-cloudy-day,"72505394728,KEWR,KLGA,72502014734,F1417,KNYC,72503014732"
newyourk,2025-02-08T09:00:00,27.7,27.7,7.5,41.77,0,0,,0,0,5.8,1.8,337,1027.3,34.2,9.9,239,0.9,2,,Partially cloudy,partly-cloudy-day,"72505394728,KEWR,KLGA,72502014734,F1417,KNYC,72503014732"
newyourk,2025-02-08T10:00:00,29.7,25.9,8.3,39.94,0,0,,0,0,6,3.6,331,1027.5,34.2,9.9,413,1.5,4,,Partially cloudy,partly-cloudy-day,"72505394728,KEWR,KLGA,72502014734,F1417,KNYC,72503014732"
newyourk,2025-02-08T11:00:00,30.7,26.1,9,39.55,0,0,,0,0,6,4.5,291,1027.4,34.2,9.9,300,1.1,3,,Partially cloudy,partly-cloudy-day,"72505394728,KEWR,KLGA,72502014734,F1417,KNYC,72503014732"
newyourk,2025-02-08T12:00:00,33.3,33.3,8.8,35.31,0,0,,0,0,4.7,0,0,1026.2,36,9.9,322,1.2,3,,Partially cloudy,partly-cloudy-day,"72505394728,KEWR,KLGA,72502014734,F1417,KNYC,72503014732"
newyourk,2025-02-08T13:00:00,34.1,34.1,9.5,35.36,0,0,,0,0,7.4,2.8,88,1024.5,92.2,9.9,214,0.8,2,,Overcast,cloudy,"72505394728,KEWR,KLGA,72502014734,F1417,KNYC,72503014732"
newyourk,2025-02-08T14:00:00,35.1,29.3,9.7,34.26,0,0,,0,0,11,6.9,166,1023.5,95.3,9.9,307,1.1,3,,Overcast,cloudy,"72505394728,KEWR,KLGA,72502014734,F1417,KNYC,72503014732"
newyourk,2025-02-08T15:00:00,35.1,30.2,8.8,33,0,0,,0,0,10.5,5.6,143,1022.6,97.3,9.9,175,0.6,2,,Overcast,cloudy,"72505394728,KEWR,KLGA,72502014734,F1417,KNYC,72503014732"
newyourk,2025-02-08T16:00:00,33.7,28.2,9.3,35.64,0,0,,0,0,10.5,6,152,1022.8,99.1,9.9,24,0.1,0,,Overcast,cloudy,"72505394728,KEWR,KLGA,72502014734,F1417,KNYC,72503014732"
newyourk,2025-02-08T17:00:00,33.2,27.1,13.1,43.14,0,0,,0,0,10.5,6.7,140,1021.5,100,9.9,3,0,0,,Overcast,cloudy,"72505394728,KEWR,KLGA,72502014734,F1417,KNYC,72503014732"
newyourk,2025-02-08T18:00:00,32.6,26.2,15.2,48.33,0,0,,0,0,11.4,6.9,159,1020.9,100,9.9,0,0,0,,Overcast,cloudy,"72505394728,KEWR,KLGA,72502014734,F1417,KNYC,72503014732"
newyourk,2025-02-08T19:00:00,33.3,29,17,50.72,0,0,,0,0,17.2,4.6,140,1019.1,100,9.9,0,0,0,,Overcast,cloudy,"72505394728,KEWR,KLGA,72502014734,F1417,KNYC,72503014732"
newyourk,2025-02-08T20:00:00,33.9,27.3,20.4,57.43,0.01,100,"rain,snow",0,0,12.5,7.8,123,1018.6,100,6.6,0,0,0,,"Snow, Rain, Overcast",rain,"72505394728,KEWR,KLGA,72502014734,F1417,KNYC,72503014732"
newyourk,2025-02-08T21:00:00,29.9,23.8,24.7,80.59,0.077,100,"rain,snow",0,1.18,13.9,6,96,1017.9,100,0.2,0,0,0,,"Snow, Rain, Overcast",snow,"72505394728,KEWR,KLGA,F1417,KNYC,72503014732"
newyourk,2025-02-08T22:00:00,29.9,24.9,26.5,86.99,0.197,100,"rain,snow",0,1.97,16.6,4.7,102,1014.9,100,0.7,0,0,0,,"Snow, Rain, Overcast",snow,"72505394728,KEWR,KLGA,72502014734,F1417,KNYC,72503014732"
newyourk,2025-02-08T23:00:00,30.1,30.1,26.7,87,0.153,100,"rain,snow",0,3.07,25.7,2.3,15,1014.7,100,1,0,0,0,,"Snow, Rain, Overcast",snow,"72505394728,KEWR,KLGA,72502014734,F1417,KNYC,72503014732"
newyourk,2025-02-09T00:00:00,30.1,23.9,27.5,89.73,0.133,100,"rain,snow",0,3.35,27.1,6.1,43,1012,100,0.9,0,0,0,,"Snow, Rain, Overcast",snow,"72505394728,KEWR,KLGA,72502014734,F1417,KNYC,72503014732"
newyourk,2025-02-09T01:00:00,30.8,24.3,28.4,90.45,0.025,100,"rain,snow",0.08,3.15,28,6.8,63,1009.7,100,3,0,0,0,,"Snow, Rain, Overcast",snow,"72505394728,KEWR,KLGA,72502014734,F1417,KNYC,72503014732"
newyourk,2025-02-09T02:00:00,31.7,28.3,29.3,90.5,0.012,100,"rain,snow",0.31,3.46,13.6,3.6,108,1009,100,3.6,0,0,0,,"Snow, Rain, Overcast",snow,"72505394728,KEWR,KLGA,72502014734,F1417,KNYC,72503014732"
newyourk,2025-02-09T03:00:00,32.2,27.3,29,87.82,0.007,100,"rain,snow",0.55,3.35,11,4.9,21,1008.4,100,3.9,0,0,0,,"Snow, Rain, Overcast",snow,"72505394728,KEWR,KLGA,72502014734,F1417,KNYC,72503014732"
newyourk,2025-02-09T04:00:00,33.2,27.4,29.5,86.18,0.007,100,"rain,snow",0.39,3.43,6.3,6.3,23,1008.7,100,2.8,0,0,0,,"Snow, Rain, Overcast",snow,"72505394728,KEWR,KLGA,F1417,KNYC,72503014732"
newyourk,2025-02-09T05:00:00,32.4,32.4,29.7,89.6,0.012,100,"rain,snow",0.43,3.03,5.8,1.8,3,1009.1,100,2.4,0,0,0,,"Snow, Rain, Overcast",snow,"72505394728,KEWR,KLGA,72502014734,F1417,KNYC,72503014732"
newyourk,2025-02-09T06:00:00,32.4,27.7,29.1,87.59,0,0,"rain,snow",0.47,2.76,8.3,4.8,320,1010,100,4.9,0,0,0,,Overcast,cloudy,"72505394728,KEWR,KLGA,F1417,KNYC,72503014732"
newyourk,2025-02-09T07:00:00,31.9,25.6,28.3,86.38,0,0,"rain,snow",0.04,1.97,10.1,6.6,331,1010.7,100,8.8,3,0,0,,Overcast,cloudy,"72505394728,KEWR,KLGA,72502014734,F1417,KNYC,72503014732"
newyourk,2025-02-09T08:00:00,31.6,25.8,27.3,83.91,0,0,,0,2.56,19.7,6,306,1012.3,97.5,8.3,27,0.1,0,,Overcast,cloudy,"72505394728,KEWR,KLGA,72502014734,F1417,KNYC,72503014732"
newyourk,2025-02-09T09:00:00,31.4,24.7,26.9,83.26,0,0,,0,2.52,14.3,7.1,302,1014.4,98.9,9.5,64,0.2,1,,Overcast,cloudy,"72505394728,KEWR,KLGA,F1417,KNYC,72503014732"
newyourk,2025-02-09T10:00:00,32.6,24.4,27,79.58,0,0,,0,0,18.3,10,305,1015.4,98.2,9.5,96,0.3,1,,Overcast,cloudy,"72505394728,KEWR,KLGA,72502014734,F1417,KNYC,72503014732"
newyourk,2025-02-09T11:00:00,33.5,25.2,25.2,71.32,0,0,,0,0,17.6,10.9,290,1016.9,99.1,9.9,123,0.4,1,,Overcast,cloudy,"72505394728,KEWR,KLGA,72502014734,F1417,KNYC,72503014732"
newyourk,2025-02-09T12:00:00,33.5,25.2,23.3,65.85,0,0,,0,0,24.1,10.9,288,1017.7,97.3,9.9,167,0.6,2,,Overcast,cloudy,"72505394728,KEWR,KLGA,72502014734,F1417,KNYC,72503014732"
newyourk,2025-02-09T13:00:00,33.7,24.2,21.8,61.42,0,0,,0,1.97,30.2,13.7,310,1018.5,96.7,9.9,326,1.2,3,,Overcast,cloudy,"72505394728,KEWR,KLGA,72502014734,F1417,KNYC,72503014732"
newyourk,2025-02-09T14:00:00,33.7,23.4,22,61.91,0,0,,0,0,26.3,16,314,1019.4,95.7,9.9,251,0.9,3,,Overcast,cloudy,"72505394728,KEWR,KLGA,72502014734,F1417,KNYC,72503014732"
newyourk,2025-02-09T15:00:00,34.2,26.5,21.8,60.08,0,0,,0,0,26.8,10,318,1020.4,95.7,9.9,152,0.5,2,,Overcast,cloudy,"72505394728,KEWR,KLGA,72502014734,F1417,KNYC,72503014732"
newyourk,2025-02-09T16:00:00,34.6,26.4,21.1,57.38,0,0,,0,0,19,11.1,305,1021.3,88.9,9.9,81,0.3,1,,Partially cloudy,partly-cloudy-day,"72505394728,KEWR,KLGA,72502014734,F1417,KNYC,72503014732"
newyourk,2025-02-09T17:00:00,34.6,31.4,21.3,57.83,0,0,,0,0,18.3,3.7,334,1021.7,95.7,9.9,16,0.1,0,,Overcast,cloudy,"72505394728,KEWR,KLGA,72502014734,F1417,KNYC,72503014732"
newyourk,2025-02-09T18:00:00,34.5,28.2,21.3,58.16,0,0,,0,0,9.2,7.3,308,1022.3,95.7,9.9,0,0,0,,Overcast,cloudy,"72505394728,KEWR,KLGA,72502014734,F1417,KNYC,72503014732"
newyourk,2025-02-09T19:00:00,34.6,28.8,21.8,59.2,0,0,,0,1.97,7.6,6.7,283,1023.3,97.5,9.9,0,0,0,,Overcast,cloudy,"72505394728,KEWR,KLGA,72502014734,F1417,KNYC,72503014732"
newyourk,2025-02-09T20:00:00,35.4,29.9,21.8,57.3,0,0,,0,0,6.9,6.6,290,1024,95.7,9.9,0,0,0,,Overcast,cloudy,"72505394728,KEWR,KLGA,72502014734,F1417,KNYC,72503014732"
newyourk,2025-02-09T21:00:00,35.4,35.4,21.8,57.3,0,0,,0,0,6.5,2.3,317,1024.4,95.7,6.1,0,0,0,,Overcast,cloudy,"72505394728,KEWR,KLGA,72502014734,F1417,KNYC,72503014732"
newyourk,2025-02-09T22:00:00,35.3,31.3,22,58.09,0,0,,0,0,6.5,4.6,281,1024.8,95.7,9.9,0,0,0,,Overcast,cloudy,"72505394728,KEWR,KLGA,72502014734,F1417,KNYC,72503014732"
newyourk,2025-02-09T23:00:00,35.3,32.9,21,55.78,0,0,,0,0,6.5,3.1,328,1025.1,34.2,9.9,0,0,0,,Partially cloudy,partly-cloudy-night,"72505394728,KEWR,KLGA,72502014734,F1417,KNYC,72503014732"
newyourk,2025-02-10T00:00:00,34.5,34.5,20.5,56.2,0,0,,0,0,7.2,2.9,324,1025.7,34.2,9.9,0,0,0,,Partially cloudy,partly-cloudy-night,"72505394728,KEWR,KLGA,72502014734,F1417,KNYC,72503014732"
newyourk,2025-02-10T01:00:00,34.8,30.7,17.8,49.54,0,0,,0,1.97,7.8,4.6,288,1025.7,34.2,9.9,0,0,0,,Partially cloudy,partly-cloudy-night,"72505394728,KEWR,KLGA,72502014734,F1417,KNYC,72503014732"
newyourk,2025-02-10T02:00:00,34.2,29,18.2,51.69,0,0,,0,0,8.9,5.7,289,1025.8,95.7,9.9,0,0,0,,Overcast,cloudy,"72505394728,KEWR,KLGA,72502014734,F1417,KNYC,72503014732"
newyourk,2025-02-10T03:00:00,34.3,26.8,18.6,52.24,0,0,,0,0,8.5,9.5,324,1025.8,95.7,9.9,0,0,0,,Overcast,cloudy,"72505394728,KEWR,KLGA,72502014734,F1417,KNYC,72503014732"
newyourk,2025-02-10T04:00:00,33.5,25.6,18.7,54.07,0,0,,0,0,10.5,10,340,1025.8,65,9.9,0,0,0,,Partially cloudy,partly-cloudy-night,"72505394728,KEWR,KLGA,72502014734,F1417,KNYC,72503014732"
newyourk,2025-02-10T05:00:00,32.4,28.7,17,52.63,0,0,,0,0,10.5,3.9,350,1026.4,95.7,9.9,0,0,0,,Overcast,cloudy,"72505394728,KEWR,KLGA,72502014734,F1417,KNYC,72503014732"
newyourk,2025-02-10T06:00:00,31.3,28.1,15.9,52.43,0,0,,0,0,9.8,3.3,342,1027,95.7,9.9,0,0,0,,Overcast,cloudy,"72505394728,KEWR,KLGA,72502014734,F1417,KNYC,72503014732"
newyourk,2025-02-10T07:00:00,31.1,24.8,15,50.98,0,0,,0,1.97,19.7,6.4,310,1027.6,95.7,9.9,8,0,0,,Overcast,cloudy,"72505394728,KEWR,KLGA,72502014734,F1417,KNYC,72503014732"
newyourk,2025-02-10T08:00:00,31.1,24.3,14.9,50.66,0,0,,0,0,9.4,7.2,307,1028.2,65,9.9,58,0.2,1,,Partially cloudy,partly-cloudy-day,"72505394728,KEWR,KLGA,72502014734,F1417,KNYC,72503014732"
newyourk,2025-02-10T09:00:00,32.8,26.6,15.2,47.86,0,0,,0,0,10.3,6.7,295,1028.5,15.6,9.9,318,1.1,3,,Clear,clear-day,"72505394728,KEWR,KLGA,72502014734,F1417,KNYC,72503014732"
newyourk,2025-02-10T10:00:00,33.8,26.3,15.3,46.21,0,0,,0,0,18.3,9.4,304,1028.5,20.3,9.9,523,1.9,5,,Partially cloudy,partly-cloudy-day,"72505394728,KEWR,KLGA,72502014734,F1417,KNYC,72503014732"
newyourk,2025-02-10T11:00:00,34,26.9,15.9,46.91,0,0,,0,0,18.6,8.8,302,1028.5,95.7,9.9,220,0.8,2,,Overcast,cloudy,"72505394728,KEWR,KLGA,72502014734,F1417,KNYC,72503014732"
newyourk,2025-02-10T12:00:00,35.6,27.6,16,44.39,0,0,,0,0,18.8,11.3,290,1028,65,9.9,687,2.5,7,,Partially cloudy,partly-cloudy-day,"72505394728,KEWR,KLGA,72502014734,F1417,KNYC,72503014732"
newyourk,2025-02-10T13:00:00,35.6,28.6,15.3,43.04,0,0,,0,1.97,24.2,9.2,296,1027.3,50,9.9,641,2.3,6,,Partially cloudy,partly-cloudy-day,"72505394728,KEWR,KLGA,72502014734,F1417,KNYC,72503014732"
newyourk,2025-02-10T14:00:00,36.6,29.6,14.6,40.14,0,0,,0,0,21.3,9.5,315,1026.8,35.9,9.9,530,1.9,5,,Partially cloudy,partly-cloudy-day,"72505394728,KEWR,KLGA,72502014734,F1417,KNYC,72503014732"
newyourk,2025-02-10T15:00:00,37.5,30.1,12.7,35.69,0,0,,0,0,27.5,11,312,1026.7,15.6,9.9,380,1.4,4,,Clear,clear-day,"72505394728,KEWR,KLGA,72502014734,F1417,KNYC,72503014732"
newyourk,2025-02-10T16:00:00,36.8,29.1,9.5,31.8,0,0,,0,0,20.2,11.2,305,1027,10.5,9.9,196,0.7,2,,Clear,clear-day,"72505394728,KEWR,KLGA,72502014734,F1417,KNYC,72503014732"
newyourk,2025-02-10T17:00:00,35.9,29.7,8.9,32.03,0,0,,0,0,23,7.8,308,1027.4,10.5,9.9,16,0.1,0,,Clear,clear-day,"72505394728,KEWR,KLGA,72502014734,F1417,KNYC,72503014732"
newyourk,2025-02-10T18:00:00,35.4,28.7,9.6,33.64,0,0,,0,0,7.6,8.5,300,1028.3,10.5,9.9,0,0,0,,Clear,clear-night,"72505394728,KEWR,KLGA,72502014734,F1417,KNYC,72503014732"
newyourk,2025-02-10T19:00:00,34.5,27.1,9.8,35.37,0,0,,0,1.54,7.8,9.3,305,1028.8,10.5,9.9,0,0,0,,Clear,clear-night,"72505394728,KEWR,KLGA,72502014734,F1417,KNYC,72503014732"
newyourk,2025-02-10T20:00:00,33.5,26.8,9.6,36.38,0,0,,0,0,7.6,7.8,305,1029.1,10.5,9.9,0,0,0,,Clear,clear-night,"72505394728,KEWR,KLGA,72502014734,F1417,KNYC,72503014732"
newyourk,2025-02-10T21:00:00,32.4,25.9,9.6,37.99,0,0,,0,0,18.3,7.2,338,1029.4,19.2,9.9,0,0,0,,Clear,clear-night,"72505394728,KEWR,KLGA,72502014734,F1417,KNYC,72503014732"
newyourk,2025-02-10T22:00:00,31.3,25.6,9.9,40.26,0,0,,0,0,6.7,5.7,336,1030,19.2,9.9,0,0,0,,Clear,clear-night,"72505394728,KEWR,KLGA,72502014734,F1417,KNYC,72503014732"
newyourk,2025-02-10T23:00:00,30.5,30.5,9.4,40.65,0,0,,0,0,6.7,2.7,345,1030.3,28,9.9,0,0,0,,Partially cloudy,partly-cloudy-night,"72505394728,KEWR,KLGA,72502014734,F1417,KNYC,72503014732"
